[2025-09-30 16:15:48.730] [16933] [HailoRT] [info] [hef.cpp:1994] [get_network_group_and_network_name] No name was given. Addressing all networks of default network_group: skillcheck_mobilenetv4_conv_small_620x420
[2025-09-30 16:15:48.730] [16933] [HailoRT] [info] [hef.cpp:1994] [get_network_group_and_network_name] No name was given. Addressing all networks of default network_group: skillcheck_mobilenetv4_conv_small_620x420
[2025-09-30 16:15:48.983] [16933] [HailoRT] [info] [vdevice.cpp:535] [create] Creating vdevice with params: device_count: 1, scheduling_algorithm: NONE, multi_process_service: false
[2025-09-30 16:15:49.011] [16933] [HailoRT] [info] [device.cpp:51] [Device] OS Version: Linux 6.12.47+rpt-rpi-2712 #1 SMP PREEMPT Debian 1:6.12.47-1+rpt1~bookworm (2025-09-16) aarch64
[2025-09-30 16:15:49.032] [16933] [HailoRT] [info] [control.cpp:113] [control__parse_identify_results] firmware_version is: 4.23.0
[2025-09-30 16:15:49.033] [16933] [HailoRT] [info] [vdevice.cpp:682] [create] VDevice Infos: 0001:01:00.0
[2025-09-30 16:15:49.064] [16933] [HailoRT] [info] [buffer_requirements.cpp:198] [find_initial_desc_page_size] Using non-default initial_desc_page_size of 64, due to a small transfer size (16)
[2025-09-30 16:15:49.065] [16933] [HailoRT] [info] [internal_buffer_manager.cpp:75] [print_execution_results] Default Internal buffer planner failed to meet requirements
[2025-09-30 16:15:49.065] [16933] [HailoRT] [info] [internal_buffer_manager.cpp:86] [print_execution_results] Default Internal buffer planner executed successfully
[2025-09-30 16:15:49.091] [16933] [HailoRT] [info] [device_internal.cpp:57] [configure] Configuring HEF took 35.485379 milliseconds
[2025-09-30 16:15:49.092] [16933] [HailoRT] [info] [vdevice.cpp:780] [configure] Configuring HEF on VDevice took 36.444386 milliseconds
[2025-09-30 16:15:49.092] [16933] [HailoRT] [info] [core_op.cpp:156] [activate] Activating skillcheck_mobilenetv4_conv_small_620x420 took 0.256539 milliseconds. Note that the function is asynchronous and thus the network is not fully activated yet.
[2025-09-30 16:15:49.092] [16933] [HailoRT] [info] [core_op.cpp:156] [activate] Activating skillcheck_mobilenetv4_conv_small_620x420 took 0.301354 milliseconds. Note that the function is asynchronous and thus the network is not fully activated yet.
[2025-09-30 16:15:49.093] [16933] [HailoRT] [info] [edge_elements.cpp:52] [create] Created (HwWriteEl13skillcheck_mobilenetv4_conv_small_620x420/input_layer1 | hw_frame_size: 781200)
[2025-09-30 16:15:49.093] [16933] [HailoRT] [info] [vstream.cpp:754] [InputVStreamImpl] Creating skillcheck_mobilenetv4_conv_small_620x420/input_layer1...
[2025-09-30 16:15:49.093] [16933] [HailoRT] [info] [vstream_builder.cpp:102] [create_inputs] Input pipeline 'skillcheck_mobilenetv4_conv_small_620x420/input_layer1': (HwWriteEl13skillcheck_mobilenetv4_conv_small_620x420/input_layer1 | hw_frame_size: 781200) >> HW
[2025-09-30 16:15:49.093] [16933] [HailoRT] [info] [edge_elements.cpp:287] [create] Created (HwReadEl12skillcheck_mobilenetv4_conv_small_620x420/conv34 | hw_frame_size: 16)
[2025-09-30 16:15:49.093] [16933] [HailoRT] [info] [queue_elements.cpp:657] [create] Created (PullQEl_hw_read12skillcheck_mobilenetv4_conv_small_620x420/conv34)
[2025-09-30 16:15:49.093] [16933] [HailoRT] [info] [filter_elements.cpp:372] [create] Created (PostInferEl12skillcheck_mobilenetv4_conv_small_620x420/conv34 | Quantization - src_type: UINT8, dst_type FLOAT32, limvals_min: -5.03472, limvals_max: 4.26856 | Reorder - src_order: FCR, src_shape: (1, 1, 16), dst_order: FCR, dst_shape: (1, 1, 12))
[2025-09-30 16:15:49.093] [16933] [HailoRT] [info] [queue_elements.cpp:800] [create] Created (UserBuffQEl12skillcheck_mobilenetv4_conv_small_620x420/conv34 | timeout: 10s)
[2025-09-30 16:15:49.093] [16933] [HailoRT] [info] [vstream.cpp:1114] [OutputVStreamImpl] Creating skillcheck_mobilenetv4_conv_small_620x420/conv34...
[2025-09-30 16:15:49.094] [16933] [HailoRT] [info] [vstream_builder.cpp:220] [create_outputs] Output pipeline 'skillcheck_mobilenetv4_conv_small_620x420/conv34': HW >> (HwReadEl12skillcheck_mobilenetv4_conv_small_620x420/conv34 | hw_frame_size: 16) >> (PullQEl_hw_read12skillcheck_mobilenetv4_conv_small_620x420/conv34) >> (PostInferEl12skillcheck_mobilenetv4_conv_small_620x420/conv34 | Quantization - src_type: UINT8, dst_type FLOAT32, limvals_min: -5.03472, limvals_max: 4.26856 | Reorder - src_order: FCR, src_shape: (1, 1, 16), dst_order: FCR, dst_shape: (1, 1, 12)) >> (UserBuffQEl12skillcheck_mobilenetv4_conv_small_620x420/conv34 | timeout: 10s)
[2025-09-30 16:16:31.122] [17003] [HailoRT] [info] [queue_elements.cpp:855] [run_in_thread] Shutdown event was signaled in dequeue of UserBuffQEl12skillcheck_mobilenetv4_conv_small_620x420/conv34!
[2025-09-30 16:16:31.122] [17002] [HailoRT] [info] [vdevice_native_stream.cpp:331] [read_impl] Failed read from stream HAILO_STREAM_ABORT(63) (device: 0001:01:00.0)
[2025-09-30 16:16:31.122] [17002] [HailoRT] [info] [edge_elements.cpp:396] [run_pull] Reading from stream was aborted!
[2025-09-30 16:16:31.122] [17002] [HailoRT] [info] [queue_elements.cpp:738] [run_in_thread] run_pull of queue element PullQEl_hw_read12skillcheck_mobilenetv4_conv_small_620x420/conv34 was aborted!
[2025-09-30 16:16:31.122] [17002] [HailoRT] [info] [queue_elements.cpp:68] [operator()] Thread in element PullQEl_hw_read12skillcheck_mobilenetv4_conv_small_620x420/conv34 is not running anymore, exiting..
[2025-09-30 16:16:31.122] [16933] [HailoRT] [info] [queue_elements.cpp:46] [~BaseQueueElement] Queue element PullQEl_hw_read12skillcheck_mobilenetv4_conv_small_620x420/conv34 has 0 frames in his Queue on destruction
[2025-09-30 16:16:31.122] [17003] [HailoRT] [info] [queue_elements.cpp:68] [operator()] Thread in element UserBuffQEl12skillcheck_mobilenetv4_conv_small_620x420/conv34 is not running anymore, exiting..
[2025-09-30 16:16:31.122] [16933] [HailoRT] [info] [queue_elements.cpp:46] [~BaseQueueElement] Queue element UserBuffQEl12skillcheck_mobilenetv4_conv_small_620x420/conv34 has 0 frames in his Queue on destruction
[2025-09-30 16:16:31.123] [16933] [HailoRT] [info] [core_op.cpp:186] [deactivate] Deactivating took 0.424559 ms
[2025-09-30 16:16:31.123] [16933] [HailoRT] [info] [core_op.cpp:186] [deactivate] Deactivating took 0.438115 ms
[2025-10-01 00:34:51.811] [23738] [HailoRT] [info] [hef.cpp:1994] [get_network_group_and_network_name] No name was given. Addressing all networks of default network_group: skillcheck_mobilenetv4_conv_small_620x420
[2025-10-01 00:34:51.811] [23738] [HailoRT] [info] [hef.cpp:1994] [get_network_group_and_network_name] No name was given. Addressing all networks of default network_group: skillcheck_mobilenetv4_conv_small_620x420
[2025-10-01 00:34:52.025] [23738] [HailoRT] [info] [vdevice.cpp:535] [create] Creating vdevice with params: device_count: 1, scheduling_algorithm: NONE, multi_process_service: false
[2025-10-01 00:34:52.037] [23738] [HailoRT] [info] [device.cpp:51] [Device] OS Version: Linux 6.12.47+rpt-rpi-2712 #1 SMP PREEMPT Debian 1:6.12.47-1+rpt1~bookworm (2025-09-16) aarch64
[2025-10-01 00:34:52.038] [23738] [HailoRT] [info] [control.cpp:113] [control__parse_identify_results] firmware_version is: 4.23.0
[2025-10-01 00:34:52.038] [23738] [HailoRT] [info] [vdevice.cpp:682] [create] VDevice Infos: 0001:01:00.0
[2025-10-01 00:34:52.044] [23738] [HailoRT] [info] [buffer_requirements.cpp:198] [find_initial_desc_page_size] Using non-default initial_desc_page_size of 64, due to a small transfer size (16)
[2025-10-01 00:34:52.044] [23738] [HailoRT] [info] [internal_buffer_manager.cpp:75] [print_execution_results] Default Internal buffer planner failed to meet requirements
[2025-10-01 00:34:52.044] [23738] [HailoRT] [info] [internal_buffer_manager.cpp:86] [print_execution_results] Default Internal buffer planner executed successfully
[2025-10-01 00:34:52.059] [23738] [HailoRT] [info] [device_internal.cpp:57] [configure] Configuring HEF took 19.969637 milliseconds
[2025-10-01 00:34:52.060] [23738] [HailoRT] [info] [vdevice.cpp:780] [configure] Configuring HEF on VDevice took 20.741234 milliseconds
[2025-10-01 00:34:52.063] [23738] [HailoRT] [info] [core_op.cpp:156] [activate] Activating skillcheck_mobilenetv4_conv_small_620x420 took 0.243908 milliseconds. Note that the function is asynchronous and thus the network is not fully activated yet.
[2025-10-01 00:34:52.063] [23738] [HailoRT] [info] [core_op.cpp:156] [activate] Activating skillcheck_mobilenetv4_conv_small_620x420 took 0.276057 milliseconds. Note that the function is asynchronous and thus the network is not fully activated yet.
[2025-10-01 00:34:52.063] [23738] [HailoRT] [info] [edge_elements.cpp:52] [create] Created (HwWriteEl13skillcheck_mobilenetv4_conv_small_620x420/input_layer1 | hw_frame_size: 781200)
[2025-10-01 00:34:52.063] [23738] [HailoRT] [info] [vstream.cpp:754] [InputVStreamImpl] Creating skillcheck_mobilenetv4_conv_small_620x420/input_layer1...
[2025-10-01 00:34:52.063] [23738] [HailoRT] [info] [vstream_builder.cpp:102] [create_inputs] Input pipeline 'skillcheck_mobilenetv4_conv_small_620x420/input_layer1': (HwWriteEl13skillcheck_mobilenetv4_conv_small_620x420/input_layer1 | hw_frame_size: 781200) >> HW
[2025-10-01 00:34:52.063] [23738] [HailoRT] [info] [edge_elements.cpp:287] [create] Created (HwReadEl12skillcheck_mobilenetv4_conv_small_620x420/conv34 | hw_frame_size: 16)
[2025-10-01 00:34:52.063] [23738] [HailoRT] [info] [queue_elements.cpp:657] [create] Created (PullQEl_hw_read12skillcheck_mobilenetv4_conv_small_620x420/conv34)
[2025-10-01 00:34:52.063] [23738] [HailoRT] [info] [filter_elements.cpp:372] [create] Created (PostInferEl12skillcheck_mobilenetv4_conv_small_620x420/conv34 | Quantization - src_type: UINT8, dst_type FLOAT32, limvals_min: -4.68531, limvals_max: 4.7222 | Reorder - src_order: FCR, src_shape: (1, 1, 16), dst_order: FCR, dst_shape: (1, 1, 12))
[2025-10-01 00:34:52.064] [23738] [HailoRT] [info] [queue_elements.cpp:800] [create] Created (UserBuffQEl12skillcheck_mobilenetv4_conv_small_620x420/conv34 | timeout: 10s)
[2025-10-01 00:34:52.064] [23738] [HailoRT] [info] [vstream.cpp:1114] [OutputVStreamImpl] Creating skillcheck_mobilenetv4_conv_small_620x420/conv34...
[2025-10-01 00:34:52.064] [23738] [HailoRT] [info] [vstream_builder.cpp:220] [create_outputs] Output pipeline 'skillcheck_mobilenetv4_conv_small_620x420/conv34': HW >> (HwReadEl12skillcheck_mobilenetv4_conv_small_620x420/conv34 | hw_frame_size: 16) >> (PullQEl_hw_read12skillcheck_mobilenetv4_conv_small_620x420/conv34) >> (PostInferEl12skillcheck_mobilenetv4_conv_small_620x420/conv34 | Quantization - src_type: UINT8, dst_type FLOAT32, limvals_min: -4.68531, limvals_max: 4.7222 | Reorder - src_order: FCR, src_shape: (1, 1, 16), dst_order: FCR, dst_shape: (1, 1, 12)) >> (UserBuffQEl12skillcheck_mobilenetv4_conv_small_620x420/conv34 | timeout: 10s)
[2025-10-01 01:01:23.848] [23745] [HailoRT] [info] [queue_elements.cpp:855] [run_in_thread] Shutdown event was signaled in dequeue of UserBuffQEl12skillcheck_mobilenetv4_conv_small_620x420/conv34!
[2025-10-01 01:01:23.848] [23744] [HailoRT] [info] [vdevice_native_stream.cpp:331] [read_impl] Failed read from stream HAILO_STREAM_ABORT(63) (device: 0001:01:00.0)
[2025-10-01 01:01:23.848] [23744] [HailoRT] [info] [edge_elements.cpp:396] [run_pull] Reading from stream was aborted!
[2025-10-01 01:01:23.848] [23744] [HailoRT] [info] [queue_elements.cpp:738] [run_in_thread] run_pull of queue element PullQEl_hw_read12skillcheck_mobilenetv4_conv_small_620x420/conv34 was aborted!
[2025-10-01 01:01:23.848] [23744] [HailoRT] [info] [queue_elements.cpp:68] [operator()] Thread in element PullQEl_hw_read12skillcheck_mobilenetv4_conv_small_620x420/conv34 is not running anymore, exiting..
[2025-10-01 01:01:23.848] [23738] [HailoRT] [info] [queue_elements.cpp:46] [~BaseQueueElement] Queue element PullQEl_hw_read12skillcheck_mobilenetv4_conv_small_620x420/conv34 has 0 frames in his Queue on destruction
[2025-10-01 01:01:23.848] [23745] [HailoRT] [info] [queue_elements.cpp:68] [operator()] Thread in element UserBuffQEl12skillcheck_mobilenetv4_conv_small_620x420/conv34 is not running anymore, exiting..
[2025-10-01 01:01:23.848] [23738] [HailoRT] [info] [queue_elements.cpp:46] [~BaseQueueElement] Queue element UserBuffQEl12skillcheck_mobilenetv4_conv_small_620x420/conv34 has 0 frames in his Queue on destruction
[2025-10-01 01:01:23.849] [23738] [HailoRT] [info] [core_op.cpp:186] [deactivate] Deactivating took 0.573969 ms
[2025-10-01 01:01:23.849] [23738] [HailoRT] [info] [core_op.cpp:186] [deactivate] Deactivating took 0.603877 ms
[2025-10-01 01:10:25.596] [23738] [HailoRT] [info] [hef.cpp:1994] [get_network_group_and_network_name] No name was given. Addressing all networks of default network_group: skillcheck_mobilenetv4_conv_small_620x420
[2025-10-01 01:10:25.596] [23738] [HailoRT] [info] [hef.cpp:1994] [get_network_group_and_network_name] No name was given. Addressing all networks of default network_group: skillcheck_mobilenetv4_conv_small_620x420
[2025-10-01 01:10:25.761] [23738] [HailoRT] [info] [vdevice.cpp:535] [create] Creating vdevice with params: device_count: 1, scheduling_algorithm: NONE, multi_process_service: false
[2025-10-01 01:10:25.779] [23738] [HailoRT] [info] [device.cpp:51] [Device] OS Version: Linux 6.12.47+rpt-rpi-2712 #1 SMP PREEMPT Debian 1:6.12.47-1+rpt1~bookworm (2025-09-16) aarch64
[2025-10-01 01:10:25.779] [23738] [HailoRT] [info] [control.cpp:113] [control__parse_identify_results] firmware_version is: 4.23.0
[2025-10-01 01:10:25.779] [23738] [HailoRT] [info] [vdevice.cpp:682] [create] VDevice Infos: 0001:01:00.0
[2025-10-01 01:10:25.787] [23738] [HailoRT] [info] [buffer_requirements.cpp:198] [find_initial_desc_page_size] Using non-default initial_desc_page_size of 64, due to a small transfer size (16)
[2025-10-01 01:10:25.787] [23738] [HailoRT] [info] [internal_buffer_manager.cpp:75] [print_execution_results] Default Internal buffer planner failed to meet requirements
[2025-10-01 01:10:25.787] [23738] [HailoRT] [info] [internal_buffer_manager.cpp:86] [print_execution_results] Default Internal buffer planner executed successfully
[2025-10-01 01:10:25.808] [23738] [HailoRT] [info] [device_internal.cpp:57] [configure] Configuring HEF took 26.057902 milliseconds
[2025-10-01 01:10:25.808] [23738] [HailoRT] [info] [vdevice.cpp:780] [configure] Configuring HEF on VDevice took 26.398461 milliseconds
[2025-10-01 01:10:25.811] [23738] [HailoRT] [info] [core_op.cpp:156] [activate] Activating skillcheck_mobilenetv4_conv_small_620x420 took 0.31491 milliseconds. Note that the function is asynchronous and thus the network is not fully activated yet.
[2025-10-01 01:10:25.811] [23738] [HailoRT] [info] [core_op.cpp:156] [activate] Activating skillcheck_mobilenetv4_conv_small_620x420 took 0.358503 milliseconds. Note that the function is asynchronous and thus the network is not fully activated yet.
[2025-10-01 01:10:25.811] [23738] [HailoRT] [info] [edge_elements.cpp:52] [create] Created (HwWriteEl13skillcheck_mobilenetv4_conv_small_620x420/input_layer1 | hw_frame_size: 781200)
[2025-10-01 01:10:25.811] [23738] [HailoRT] [info] [vstream.cpp:754] [InputVStreamImpl] Creating skillcheck_mobilenetv4_conv_small_620x420/input_layer1...
[2025-10-01 01:10:25.811] [23738] [HailoRT] [info] [vstream_builder.cpp:102] [create_inputs] Input pipeline 'skillcheck_mobilenetv4_conv_small_620x420/input_layer1': (HwWriteEl13skillcheck_mobilenetv4_conv_small_620x420/input_layer1 | hw_frame_size: 781200) >> HW
[2025-10-01 01:10:25.811] [23738] [HailoRT] [info] [edge_elements.cpp:287] [create] Created (HwReadEl12skillcheck_mobilenetv4_conv_small_620x420/conv34 | hw_frame_size: 16)
[2025-10-01 01:10:25.812] [23738] [HailoRT] [info] [queue_elements.cpp:657] [create] Created (PullQEl_hw_read12skillcheck_mobilenetv4_conv_small_620x420/conv34)
[2025-10-01 01:10:25.812] [23738] [HailoRT] [info] [filter_elements.cpp:372] [create] Created (PostInferEl12skillcheck_mobilenetv4_conv_small_620x420/conv34 | Quantization - src_type: UINT8, dst_type FLOAT32, limvals_min: -4.68531, limvals_max: 4.7222 | Reorder - src_order: FCR, src_shape: (1, 1, 16), dst_order: FCR, dst_shape: (1, 1, 12))
[2025-10-01 01:10:25.813] [23738] [HailoRT] [info] [queue_elements.cpp:800] [create] Created (UserBuffQEl12skillcheck_mobilenetv4_conv_small_620x420/conv34 | timeout: 10s)
[2025-10-01 01:10:25.813] [23738] [HailoRT] [info] [vstream.cpp:1114] [OutputVStreamImpl] Creating skillcheck_mobilenetv4_conv_small_620x420/conv34...
[2025-10-01 01:10:25.813] [23738] [HailoRT] [info] [vstream_builder.cpp:220] [create_outputs] Output pipeline 'skillcheck_mobilenetv4_conv_small_620x420/conv34': HW >> (HwReadEl12skillcheck_mobilenetv4_conv_small_620x420/conv34 | hw_frame_size: 16) >> (PullQEl_hw_read12skillcheck_mobilenetv4_conv_small_620x420/conv34) >> (PostInferEl12skillcheck_mobilenetv4_conv_small_620x420/conv34 | Quantization - src_type: UINT8, dst_type FLOAT32, limvals_min: -4.68531, limvals_max: 4.7222 | Reorder - src_order: FCR, src_shape: (1, 1, 16), dst_order: FCR, dst_shape: (1, 1, 12)) >> (UserBuffQEl12skillcheck_mobilenetv4_conv_small_620x420/conv34 | timeout: 10s)
[2025-10-02 22:05:47.043] [14292] [HailoRT] [info] [hef.cpp:1994] [get_network_group_and_network_name] No name was given. Addressing all networks of default network_group: skillcheck_mobilenetv4_conv_small_620x420
[2025-10-02 22:05:47.043] [14292] [HailoRT] [info] [hef.cpp:1994] [get_network_group_and_network_name] No name was given. Addressing all networks of default network_group: skillcheck_mobilenetv4_conv_small_620x420
[2025-10-02 22:05:47.171] [14292] [HailoRT] [info] [vdevice.cpp:535] [create] Creating vdevice with params: device_count: 1, scheduling_algorithm: NONE, multi_process_service: false
[2025-10-02 22:05:47.183] [14292] [HailoRT] [info] [device.cpp:51] [Device] OS Version: Linux 6.12.47+rpt-rpi-2712 #1 SMP PREEMPT Debian 1:6.12.47-1+rpt1~bookworm (2025-09-16) aarch64
[2025-10-02 22:05:47.183] [14292] [HailoRT] [info] [control.cpp:113] [control__parse_identify_results] firmware_version is: 4.23.0
[2025-10-02 22:05:47.183] [14292] [HailoRT] [info] [vdevice.cpp:682] [create] VDevice Infos: 0001:01:00.0
[2025-10-02 22:05:47.194] [14292] [HailoRT] [info] [buffer_requirements.cpp:198] [find_initial_desc_page_size] Using non-default initial_desc_page_size of 64, due to a small transfer size (16)
[2025-10-02 22:05:47.195] [14292] [HailoRT] [info] [internal_buffer_manager.cpp:75] [print_execution_results] Default Internal buffer planner failed to meet requirements
[2025-10-02 22:05:47.195] [14292] [HailoRT] [info] [internal_buffer_manager.cpp:86] [print_execution_results] Default Internal buffer planner executed successfully
[2025-10-02 22:05:47.208] [14292] [HailoRT] [info] [device_internal.cpp:57] [configure] Configuring HEF took 20.360793 milliseconds
[2025-10-02 22:05:47.208] [14292] [HailoRT] [info] [vdevice.cpp:780] [configure] Configuring HEF on VDevice took 21.058684 milliseconds
[2025-10-02 22:05:47.211] [14292] [HailoRT] [info] [core_op.cpp:156] [activate] Activating skillcheck_mobilenetv4_conv_small_620x420 took 0.270149 milliseconds. Note that the function is asynchronous and thus the network is not fully activated yet.
[2025-10-02 22:05:47.211] [14292] [HailoRT] [info] [core_op.cpp:156] [activate] Activating skillcheck_mobilenetv4_conv_small_620x420 took 0.312279 milliseconds. Note that the function is asynchronous and thus the network is not fully activated yet.
[2025-10-02 22:05:47.212] [14292] [HailoRT] [info] [edge_elements.cpp:52] [create] Created (HwWriteEl13skillcheck_mobilenetv4_conv_small_620x420/input_layer1 | hw_frame_size: 781200)
[2025-10-02 22:05:47.212] [14292] [HailoRT] [info] [vstream.cpp:754] [InputVStreamImpl] Creating skillcheck_mobilenetv4_conv_small_620x420/input_layer1...
[2025-10-02 22:05:47.212] [14292] [HailoRT] [info] [vstream_builder.cpp:102] [create_inputs] Input pipeline 'skillcheck_mobilenetv4_conv_small_620x420/input_layer1': (HwWriteEl13skillcheck_mobilenetv4_conv_small_620x420/input_layer1 | hw_frame_size: 781200) >> HW
[2025-10-02 22:05:47.212] [14292] [HailoRT] [info] [edge_elements.cpp:287] [create] Created (HwReadEl12skillcheck_mobilenetv4_conv_small_620x420/conv34 | hw_frame_size: 16)
[2025-10-02 22:05:47.212] [14292] [HailoRT] [info] [queue_elements.cpp:657] [create] Created (PullQEl_hw_read12skillcheck_mobilenetv4_conv_small_620x420/conv34)
[2025-10-02 22:05:47.212] [14292] [HailoRT] [info] [filter_elements.cpp:372] [create] Created (PostInferEl12skillcheck_mobilenetv4_conv_small_620x420/conv34 | Quantization - src_type: UINT8, dst_type FLOAT32, limvals_min: -4.71844, limvals_max: 4.46631 | Reorder - src_order: FCR, src_shape: (1, 1, 16), dst_order: FCR, dst_shape: (1, 1, 12))
[2025-10-02 22:05:47.212] [14292] [HailoRT] [info] [queue_elements.cpp:800] [create] Created (UserBuffQEl12skillcheck_mobilenetv4_conv_small_620x420/conv34 | timeout: 10s)
[2025-10-02 22:05:47.212] [14292] [HailoRT] [info] [vstream.cpp:1114] [OutputVStreamImpl] Creating skillcheck_mobilenetv4_conv_small_620x420/conv34...
[2025-10-02 22:05:47.212] [14292] [HailoRT] [info] [vstream_builder.cpp:220] [create_outputs] Output pipeline 'skillcheck_mobilenetv4_conv_small_620x420/conv34': HW >> (HwReadEl12skillcheck_mobilenetv4_conv_small_620x420/conv34 | hw_frame_size: 16) >> (PullQEl_hw_read12skillcheck_mobilenetv4_conv_small_620x420/conv34) >> (PostInferEl12skillcheck_mobilenetv4_conv_small_620x420/conv34 | Quantization - src_type: UINT8, dst_type FLOAT32, limvals_min: -4.71844, limvals_max: 4.46631 | Reorder - src_order: FCR, src_shape: (1, 1, 16), dst_order: FCR, dst_shape: (1, 1, 12)) >> (UserBuffQEl12skillcheck_mobilenetv4_conv_small_620x420/conv34 | timeout: 10s)
[2025-10-02 23:51:16.329] [14346] [HailoRT] [info] [queue_elements.cpp:855] [run_in_thread] Shutdown event was signaled in dequeue of UserBuffQEl12skillcheck_mobilenetv4_conv_small_620x420/conv34!
[2025-10-02 23:51:16.329] [14345] [HailoRT] [info] [vdevice_native_stream.cpp:331] [read_impl] Failed read from stream HAILO_STREAM_ABORT(63) (device: 0001:01:00.0)
[2025-10-02 23:51:16.329] [14345] [HailoRT] [info] [edge_elements.cpp:396] [run_pull] Reading from stream was aborted!
[2025-10-02 23:51:16.329] [14345] [HailoRT] [info] [queue_elements.cpp:738] [run_in_thread] run_pull of queue element PullQEl_hw_read12skillcheck_mobilenetv4_conv_small_620x420/conv34 was aborted!
[2025-10-02 23:51:16.329] [14345] [HailoRT] [info] [queue_elements.cpp:68] [operator()] Thread in element PullQEl_hw_read12skillcheck_mobilenetv4_conv_small_620x420/conv34 is not running anymore, exiting..
[2025-10-02 23:51:16.329] [14292] [HailoRT] [info] [queue_elements.cpp:46] [~BaseQueueElement] Queue element PullQEl_hw_read12skillcheck_mobilenetv4_conv_small_620x420/conv34 has 0 frames in his Queue on destruction
[2025-10-02 23:51:16.329] [14346] [HailoRT] [info] [queue_elements.cpp:68] [operator()] Thread in element UserBuffQEl12skillcheck_mobilenetv4_conv_small_620x420/conv34 is not running anymore, exiting..
[2025-10-02 23:51:16.329] [14292] [HailoRT] [info] [queue_elements.cpp:46] [~BaseQueueElement] Queue element UserBuffQEl12skillcheck_mobilenetv4_conv_small_620x420/conv34 has 0 frames in his Queue on destruction
[2025-10-02 23:51:16.330] [14292] [HailoRT] [info] [core_op.cpp:186] [deactivate] Deactivating took 0.743729 ms
[2025-10-02 23:51:16.330] [14292] [HailoRT] [info] [core_op.cpp:186] [deactivate] Deactivating took 0.757247 ms
[2025-10-03 12:20:06.966] [3382] [HailoRT] [info] [hef.cpp:1994] [get_network_group_and_network_name] No name was given. Addressing all networks of default network_group: skillcheck_mobilenetv4_conv_small_620x420
[2025-10-03 12:20:06.966] [3382] [HailoRT] [info] [hef.cpp:1994] [get_network_group_and_network_name] No name was given. Addressing all networks of default network_group: skillcheck_mobilenetv4_conv_small_620x420
[2025-10-03 12:20:07.198] [3382] [HailoRT] [info] [vdevice.cpp:535] [create] Creating vdevice with params: device_count: 1, scheduling_algorithm: NONE, multi_process_service: false
[2025-10-03 12:20:07.211] [3382] [HailoRT] [info] [device.cpp:51] [Device] OS Version: Linux 6.12.47+rpt-rpi-2712 #1 SMP PREEMPT Debian 1:6.12.47-1+rpt1~bookworm (2025-09-16) aarch64
[2025-10-03 12:20:07.211] [3382] [HailoRT] [info] [control.cpp:113] [control__parse_identify_results] firmware_version is: 4.23.0
[2025-10-03 12:20:07.211] [3382] [HailoRT] [info] [vdevice.cpp:682] [create] VDevice Infos: 0001:01:00.0
[2025-10-03 12:20:07.218] [3382] [HailoRT] [info] [buffer_requirements.cpp:198] [find_initial_desc_page_size] Using non-default initial_desc_page_size of 64, due to a small transfer size (16)
[2025-10-03 12:20:07.218] [3382] [HailoRT] [info] [internal_buffer_manager.cpp:75] [print_execution_results] Default Internal buffer planner failed to meet requirements
[2025-10-03 12:20:07.218] [3382] [HailoRT] [info] [internal_buffer_manager.cpp:86] [print_execution_results] Default Internal buffer planner executed successfully
[2025-10-03 12:20:07.236] [3382] [HailoRT] [info] [device_internal.cpp:57] [configure] Configuring HEF took 23.329458 milliseconds
[2025-10-03 12:20:07.237] [3382] [HailoRT] [info] [vdevice.cpp:780] [configure] Configuring HEF on VDevice took 24.781634 milliseconds
[2025-10-03 12:20:07.238] [3382] [HailoRT] [info] [core_op.cpp:156] [activate] Activating skillcheck_mobilenetv4_conv_small_620x420 took 0.214075 milliseconds. Note that the function is asynchronous and thus the network is not fully activated yet.
[2025-10-03 12:20:07.238] [3382] [HailoRT] [info] [core_op.cpp:156] [activate] Activating skillcheck_mobilenetv4_conv_small_620x420 took 0.228909 milliseconds. Note that the function is asynchronous and thus the network is not fully activated yet.
[2025-10-03 12:20:07.238] [3382] [HailoRT] [info] [edge_elements.cpp:52] [create] Created (HwWriteEl13skillcheck_mobilenetv4_conv_small_620x420/input_layer1 | hw_frame_size: 781200)
[2025-10-03 12:20:07.238] [3382] [HailoRT] [info] [vstream.cpp:754] [InputVStreamImpl] Creating skillcheck_mobilenetv4_conv_small_620x420/input_layer1...
[2025-10-03 12:20:07.238] [3382] [HailoRT] [info] [vstream_builder.cpp:102] [create_inputs] Input pipeline 'skillcheck_mobilenetv4_conv_small_620x420/input_layer1': (HwWriteEl13skillcheck_mobilenetv4_conv_small_620x420/input_layer1 | hw_frame_size: 781200) >> HW
[2025-10-03 12:20:07.238] [3382] [HailoRT] [info] [edge_elements.cpp:287] [create] Created (HwReadEl12skillcheck_mobilenetv4_conv_small_620x420/conv34 | hw_frame_size: 16)
[2025-10-03 12:20:07.239] [3382] [HailoRT] [info] [queue_elements.cpp:657] [create] Created (PullQEl_hw_read12skillcheck_mobilenetv4_conv_small_620x420/conv34)
[2025-10-03 12:20:07.239] [3382] [HailoRT] [info] [filter_elements.cpp:372] [create] Created (PostInferEl12skillcheck_mobilenetv4_conv_small_620x420/conv34 | Quantization - src_type: UINT8, dst_type FLOAT32, limvals_min: -4.71844, limvals_max: 4.46631 | Reorder - src_order: FCR, src_shape: (1, 1, 16), dst_order: FCR, dst_shape: (1, 1, 12))
[2025-10-03 12:20:07.239] [3382] [HailoRT] [info] [queue_elements.cpp:800] [create] Created (UserBuffQEl12skillcheck_mobilenetv4_conv_small_620x420/conv34 | timeout: 10s)
[2025-10-03 12:20:07.239] [3382] [HailoRT] [info] [vstream.cpp:1114] [OutputVStreamImpl] Creating skillcheck_mobilenetv4_conv_small_620x420/conv34...
[2025-10-03 12:20:07.239] [3382] [HailoRT] [info] [vstream_builder.cpp:220] [create_outputs] Output pipeline 'skillcheck_mobilenetv4_conv_small_620x420/conv34': HW >> (HwReadEl12skillcheck_mobilenetv4_conv_small_620x420/conv34 | hw_frame_size: 16) >> (PullQEl_hw_read12skillcheck_mobilenetv4_conv_small_620x420/conv34) >> (PostInferEl12skillcheck_mobilenetv4_conv_small_620x420/conv34 | Quantization - src_type: UINT8, dst_type FLOAT32, limvals_min: -4.71844, limvals_max: 4.46631 | Reorder - src_order: FCR, src_shape: (1, 1, 16), dst_order: FCR, dst_shape: (1, 1, 12)) >> (UserBuffQEl12skillcheck_mobilenetv4_conv_small_620x420/conv34 | timeout: 10s)
[2025-10-03 12:21:52.341] [3401] [HailoRT] [info] [vdevice_native_stream.cpp:331] [read_impl] Failed read from stream HAILO_STREAM_ABORT(63) (device: 0001:01:00.0)
[2025-10-03 12:21:52.341] [3401] [HailoRT] [info] [edge_elements.cpp:396] [run_pull] Reading from stream was aborted!
[2025-10-03 12:21:52.341] [3401] [HailoRT] [info] [queue_elements.cpp:738] [run_in_thread] run_pull of queue element PullQEl_hw_read12skillcheck_mobilenetv4_conv_small_620x420/conv34 was aborted!
[2025-10-03 12:21:52.341] [3402] [HailoRT] [info] [queue_elements.cpp:855] [run_in_thread] Shutdown event was signaled in dequeue of UserBuffQEl12skillcheck_mobilenetv4_conv_small_620x420/conv34!
[2025-10-03 12:21:52.341] [3401] [HailoRT] [info] [queue_elements.cpp:68] [operator()] Thread in element PullQEl_hw_read12skillcheck_mobilenetv4_conv_small_620x420/conv34 is not running anymore, exiting..
[2025-10-03 12:21:52.341] [3382] [HailoRT] [info] [queue_elements.cpp:46] [~BaseQueueElement] Queue element PullQEl_hw_read12skillcheck_mobilenetv4_conv_small_620x420/conv34 has 0 frames in his Queue on destruction
[2025-10-03 12:21:52.341] [3402] [HailoRT] [info] [queue_elements.cpp:68] [operator()] Thread in element UserBuffQEl12skillcheck_mobilenetv4_conv_small_620x420/conv34 is not running anymore, exiting..
[2025-10-03 12:21:52.341] [3382] [HailoRT] [info] [queue_elements.cpp:46] [~BaseQueueElement] Queue element UserBuffQEl12skillcheck_mobilenetv4_conv_small_620x420/conv34 has 0 frames in his Queue on destruction
[2025-10-03 12:21:52.342] [3382] [HailoRT] [info] [core_op.cpp:186] [deactivate] Deactivating took 0.38228 ms
[2025-10-03 12:21:52.342] [3382] [HailoRT] [info] [core_op.cpp:186] [deactivate] Deactivating took 0.391485 ms
[2025-10-03 12:44:29.094] [16265] [HailoRT] [info] [hef.cpp:1994] [get_network_group_and_network_name] No name was given. Addressing all networks of default network_group: skillcheck_mobilenetv4_conv_small_620x420
[2025-10-03 12:44:29.094] [16265] [HailoRT] [info] [hef.cpp:1994] [get_network_group_and_network_name] No name was given. Addressing all networks of default network_group: skillcheck_mobilenetv4_conv_small_620x420
[2025-10-03 12:44:29.254] [16265] [HailoRT] [info] [vdevice.cpp:535] [create] Creating vdevice with params: device_count: 1, scheduling_algorithm: NONE, multi_process_service: false
[2025-10-03 12:44:29.266] [16265] [HailoRT] [info] [device.cpp:51] [Device] OS Version: Linux 6.12.47+rpt-rpi-2712 #1 SMP PREEMPT Debian 1:6.12.47-1+rpt1~bookworm (2025-09-16) aarch64
[2025-10-03 12:44:29.267] [16265] [HailoRT] [info] [control.cpp:113] [control__parse_identify_results] firmware_version is: 4.23.0
[2025-10-03 12:44:29.267] [16265] [HailoRT] [info] [vdevice.cpp:682] [create] VDevice Infos: 0001:01:00.0
[2025-10-03 12:44:29.279] [16265] [HailoRT] [info] [buffer_requirements.cpp:198] [find_initial_desc_page_size] Using non-default initial_desc_page_size of 64, due to a small transfer size (16)
[2025-10-03 12:44:29.279] [16265] [HailoRT] [info] [internal_buffer_manager.cpp:75] [print_execution_results] Default Internal buffer planner failed to meet requirements
[2025-10-03 12:44:29.279] [16265] [HailoRT] [info] [internal_buffer_manager.cpp:86] [print_execution_results] Default Internal buffer planner executed successfully
[2025-10-03 12:44:29.290] [16265] [HailoRT] [info] [device_internal.cpp:57] [configure] Configuring HEF took 19.03854 milliseconds
[2025-10-03 12:44:29.290] [16265] [HailoRT] [info] [vdevice.cpp:780] [configure] Configuring HEF on VDevice took 19.39084 milliseconds
[2025-10-03 12:44:29.295] [16265] [HailoRT] [info] [core_op.cpp:156] [activate] Activating skillcheck_mobilenetv4_conv_small_620x420 took 0.286948 milliseconds. Note that the function is asynchronous and thus the network is not fully activated yet.
[2025-10-03 12:44:29.295] [16265] [HailoRT] [info] [core_op.cpp:156] [activate] Activating skillcheck_mobilenetv4_conv_small_620x420 took 0.3478 milliseconds. Note that the function is asynchronous and thus the network is not fully activated yet.
[2025-10-03 12:44:29.295] [16265] [HailoRT] [info] [edge_elements.cpp:52] [create] Created (HwWriteEl13skillcheck_mobilenetv4_conv_small_620x420/input_layer1 | hw_frame_size: 781200)
[2025-10-03 12:44:29.295] [16265] [HailoRT] [info] [vstream.cpp:754] [InputVStreamImpl] Creating skillcheck_mobilenetv4_conv_small_620x420/input_layer1...
[2025-10-03 12:44:29.295] [16265] [HailoRT] [info] [vstream_builder.cpp:102] [create_inputs] Input pipeline 'skillcheck_mobilenetv4_conv_small_620x420/input_layer1': (HwWriteEl13skillcheck_mobilenetv4_conv_small_620x420/input_layer1 | hw_frame_size: 781200) >> HW
[2025-10-03 12:44:29.295] [16265] [HailoRT] [info] [edge_elements.cpp:287] [create] Created (HwReadEl12skillcheck_mobilenetv4_conv_small_620x420/conv34 | hw_frame_size: 16)
[2025-10-03 12:44:29.296] [16265] [HailoRT] [info] [queue_elements.cpp:657] [create] Created (PullQEl_hw_read12skillcheck_mobilenetv4_conv_small_620x420/conv34)
[2025-10-03 12:44:29.296] [16265] [HailoRT] [info] [filter_elements.cpp:372] [create] Created (PostInferEl12skillcheck_mobilenetv4_conv_small_620x420/conv34 | Quantization - src_type: UINT8, dst_type FLOAT32, limvals_min: -4.71844, limvals_max: 4.46631 | Reorder - src_order: FCR, src_shape: (1, 1, 16), dst_order: FCR, dst_shape: (1, 1, 12))
[2025-10-03 12:44:29.296] [16265] [HailoRT] [info] [queue_elements.cpp:800] [create] Created (UserBuffQEl12skillcheck_mobilenetv4_conv_small_620x420/conv34 | timeout: 10s)
[2025-10-03 12:44:29.296] [16265] [HailoRT] [info] [vstream.cpp:1114] [OutputVStreamImpl] Creating skillcheck_mobilenetv4_conv_small_620x420/conv34...
[2025-10-03 12:44:29.296] [16265] [HailoRT] [info] [vstream_builder.cpp:220] [create_outputs] Output pipeline 'skillcheck_mobilenetv4_conv_small_620x420/conv34': HW >> (HwReadEl12skillcheck_mobilenetv4_conv_small_620x420/conv34 | hw_frame_size: 16) >> (PullQEl_hw_read12skillcheck_mobilenetv4_conv_small_620x420/conv34) >> (PostInferEl12skillcheck_mobilenetv4_conv_small_620x420/conv34 | Quantization - src_type: UINT8, dst_type FLOAT32, limvals_min: -4.71844, limvals_max: 4.46631 | Reorder - src_order: FCR, src_shape: (1, 1, 16), dst_order: FCR, dst_shape: (1, 1, 12)) >> (UserBuffQEl12skillcheck_mobilenetv4_conv_small_620x420/conv34 | timeout: 10s)
[2025-10-03 12:44:59.822] [16282] [HailoRT] [info] [queue_elements.cpp:855] [run_in_thread] Shutdown event was signaled in dequeue of UserBuffQEl12skillcheck_mobilenetv4_conv_small_620x420/conv34!
[2025-10-03 12:44:59.822] [16281] [HailoRT] [info] [vdevice_native_stream.cpp:331] [read_impl] Failed read from stream HAILO_STREAM_ABORT(63) (device: 0001:01:00.0)
[2025-10-03 12:44:59.822] [16281] [HailoRT] [info] [edge_elements.cpp:396] [run_pull] Reading from stream was aborted!
[2025-10-03 12:44:59.822] [16281] [HailoRT] [info] [queue_elements.cpp:738] [run_in_thread] run_pull of queue element PullQEl_hw_read12skillcheck_mobilenetv4_conv_small_620x420/conv34 was aborted!
[2025-10-03 12:44:59.822] [16281] [HailoRT] [info] [queue_elements.cpp:68] [operator()] Thread in element PullQEl_hw_read12skillcheck_mobilenetv4_conv_small_620x420/conv34 is not running anymore, exiting..
[2025-10-03 12:44:59.822] [16287] [HailoRT] [info] [queue_elements.cpp:46] [~BaseQueueElement] Queue element PullQEl_hw_read12skillcheck_mobilenetv4_conv_small_620x420/conv34 has 0 frames in his Queue on destruction
[2025-10-03 12:44:59.822] [16282] [HailoRT] [info] [queue_elements.cpp:68] [operator()] Thread in element UserBuffQEl12skillcheck_mobilenetv4_conv_small_620x420/conv34 is not running anymore, exiting..
[2025-10-03 12:44:59.822] [16287] [HailoRT] [info] [queue_elements.cpp:46] [~BaseQueueElement] Queue element UserBuffQEl12skillcheck_mobilenetv4_conv_small_620x420/conv34 has 0 frames in his Queue on destruction
[2025-10-03 12:44:59.822] [16287] [HailoRT] [info] [core_op.cpp:186] [deactivate] Deactivating took 0.398208 ms
[2025-10-03 12:44:59.822] [16287] [HailoRT] [info] [core_op.cpp:186] [deactivate] Deactivating took 0.407635 ms
[2025-10-03 12:55:26.910] [16464] [HailoRT] [info] [hef.cpp:1994] [get_network_group_and_network_name] No name was given. Addressing all networks of default network_group: skillcheck_mobilenetv4_conv_small_620x420
[2025-10-03 12:55:26.910] [16464] [HailoRT] [info] [hef.cpp:1994] [get_network_group_and_network_name] No name was given. Addressing all networks of default network_group: skillcheck_mobilenetv4_conv_small_620x420
[2025-10-03 12:55:27.066] [16464] [HailoRT] [info] [vdevice.cpp:535] [create] Creating vdevice with params: device_count: 1, scheduling_algorithm: NONE, multi_process_service: false
[2025-10-03 12:55:27.079] [16464] [HailoRT] [info] [device.cpp:51] [Device] OS Version: Linux 6.12.47+rpt-rpi-2712 #1 SMP PREEMPT Debian 1:6.12.47-1+rpt1~bookworm (2025-09-16) aarch64
[2025-10-03 12:55:27.079] [16464] [HailoRT] [info] [control.cpp:113] [control__parse_identify_results] firmware_version is: 4.23.0
[2025-10-03 12:55:27.079] [16464] [HailoRT] [info] [vdevice.cpp:682] [create] VDevice Infos: 0001:01:00.0
[2025-10-03 12:55:27.087] [16464] [HailoRT] [info] [buffer_requirements.cpp:198] [find_initial_desc_page_size] Using non-default initial_desc_page_size of 64, due to a small transfer size (16)
[2025-10-03 12:55:27.087] [16464] [HailoRT] [info] [internal_buffer_manager.cpp:75] [print_execution_results] Default Internal buffer planner failed to meet requirements
[2025-10-03 12:55:27.087] [16464] [HailoRT] [info] [internal_buffer_manager.cpp:86] [print_execution_results] Default Internal buffer planner executed successfully
[2025-10-03 12:55:27.098] [16464] [HailoRT] [info] [device_internal.cpp:57] [configure] Configuring HEF took 17.058612 milliseconds
[2025-10-03 12:55:27.098] [16464] [HailoRT] [info] [vdevice.cpp:780] [configure] Configuring HEF on VDevice took 17.454708 milliseconds
[2025-10-03 12:55:27.099] [16464] [HailoRT] [info] [core_op.cpp:156] [activate] Activating skillcheck_mobilenetv4_conv_small_620x420 took 0.509171 milliseconds. Note that the function is asynchronous and thus the network is not fully activated yet.
[2025-10-03 12:55:27.100] [16464] [HailoRT] [info] [core_op.cpp:156] [activate] Activating skillcheck_mobilenetv4_conv_small_620x420 took 0.571876 milliseconds. Note that the function is asynchronous and thus the network is not fully activated yet.
[2025-10-03 12:55:27.100] [16464] [HailoRT] [info] [edge_elements.cpp:52] [create] Created (HwWriteEl13skillcheck_mobilenetv4_conv_small_620x420/input_layer1 | hw_frame_size: 781200)
[2025-10-03 12:55:27.100] [16464] [HailoRT] [info] [vstream.cpp:754] [InputVStreamImpl] Creating skillcheck_mobilenetv4_conv_small_620x420/input_layer1...
[2025-10-03 12:55:27.100] [16464] [HailoRT] [info] [vstream_builder.cpp:102] [create_inputs] Input pipeline 'skillcheck_mobilenetv4_conv_small_620x420/input_layer1': (HwWriteEl13skillcheck_mobilenetv4_conv_small_620x420/input_layer1 | hw_frame_size: 781200) >> HW
[2025-10-03 12:55:27.101] [16464] [HailoRT] [info] [edge_elements.cpp:287] [create] Created (HwReadEl12skillcheck_mobilenetv4_conv_small_620x420/conv34 | hw_frame_size: 16)
[2025-10-03 12:55:27.102] [16464] [HailoRT] [info] [queue_elements.cpp:657] [create] Created (PullQEl_hw_read12skillcheck_mobilenetv4_conv_small_620x420/conv34)
[2025-10-03 12:55:27.102] [16464] [HailoRT] [info] [filter_elements.cpp:372] [create] Created (PostInferEl12skillcheck_mobilenetv4_conv_small_620x420/conv34 | Quantization - src_type: UINT8, dst_type FLOAT32, limvals_min: -4.71844, limvals_max: 4.46631 | Reorder - src_order: FCR, src_shape: (1, 1, 16), dst_order: FCR, dst_shape: (1, 1, 12))
[2025-10-03 12:55:27.102] [16464] [HailoRT] [info] [queue_elements.cpp:800] [create] Created (UserBuffQEl12skillcheck_mobilenetv4_conv_small_620x420/conv34 | timeout: 10s)
[2025-10-03 12:55:27.102] [16464] [HailoRT] [info] [vstream.cpp:1114] [OutputVStreamImpl] Creating skillcheck_mobilenetv4_conv_small_620x420/conv34...
[2025-10-03 12:55:27.102] [16464] [HailoRT] [info] [vstream_builder.cpp:220] [create_outputs] Output pipeline 'skillcheck_mobilenetv4_conv_small_620x420/conv34': HW >> (HwReadEl12skillcheck_mobilenetv4_conv_small_620x420/conv34 | hw_frame_size: 16) >> (PullQEl_hw_read12skillcheck_mobilenetv4_conv_small_620x420/conv34) >> (PostInferEl12skillcheck_mobilenetv4_conv_small_620x420/conv34 | Quantization - src_type: UINT8, dst_type FLOAT32, limvals_min: -4.71844, limvals_max: 4.46631 | Reorder - src_order: FCR, src_shape: (1, 1, 16), dst_order: FCR, dst_shape: (1, 1, 12)) >> (UserBuffQEl12skillcheck_mobilenetv4_conv_small_620x420/conv34 | timeout: 10s)
[2025-10-03 12:55:53.291] [16516] [HailoRT] [info] [queue_elements.cpp:855] [run_in_thread] Shutdown event was signaled in dequeue of UserBuffQEl12skillcheck_mobilenetv4_conv_small_620x420/conv34!
[2025-10-03 12:55:53.291] [16515] [HailoRT] [info] [vdevice_native_stream.cpp:331] [read_impl] Failed read from stream HAILO_STREAM_ABORT(63) (device: 0001:01:00.0)
[2025-10-03 12:55:53.291] [16515] [HailoRT] [info] [edge_elements.cpp:396] [run_pull] Reading from stream was aborted!
[2025-10-03 12:55:53.291] [16515] [HailoRT] [info] [queue_elements.cpp:738] [run_in_thread] run_pull of queue element PullQEl_hw_read12skillcheck_mobilenetv4_conv_small_620x420/conv34 was aborted!
[2025-10-03 12:55:53.291] [16515] [HailoRT] [info] [queue_elements.cpp:68] [operator()] Thread in element PullQEl_hw_read12skillcheck_mobilenetv4_conv_small_620x420/conv34 is not running anymore, exiting..
[2025-10-03 12:55:53.291] [16464] [HailoRT] [info] [queue_elements.cpp:46] [~BaseQueueElement] Queue element PullQEl_hw_read12skillcheck_mobilenetv4_conv_small_620x420/conv34 has 0 frames in his Queue on destruction
[2025-10-03 12:55:53.291] [16516] [HailoRT] [info] [queue_elements.cpp:68] [operator()] Thread in element UserBuffQEl12skillcheck_mobilenetv4_conv_small_620x420/conv34 is not running anymore, exiting..
[2025-10-03 12:55:53.291] [16464] [HailoRT] [info] [queue_elements.cpp:46] [~BaseQueueElement] Queue element UserBuffQEl12skillcheck_mobilenetv4_conv_small_620x420/conv34 has 0 frames in his Queue on destruction
[2025-10-03 12:55:53.292] [16464] [HailoRT] [info] [core_op.cpp:186] [deactivate] Deactivating took 0.383096 ms
[2025-10-03 12:55:53.292] [16464] [HailoRT] [info] [core_op.cpp:186] [deactivate] Deactivating took 0.392355 ms
[2025-10-03 13:16:03.181] [19827] [HailoRT] [info] [hef.cpp:1994] [get_network_group_and_network_name] No name was given. Addressing all networks of default network_group: skillcheck_mobilenetv4_conv_small_620x420
[2025-10-03 13:16:03.181] [19827] [HailoRT] [info] [hef.cpp:1994] [get_network_group_and_network_name] No name was given. Addressing all networks of default network_group: skillcheck_mobilenetv4_conv_small_620x420
[2025-10-03 13:16:03.453] [19827] [HailoRT] [info] [vdevice.cpp:535] [create] Creating vdevice with params: device_count: 1, scheduling_algorithm: NONE, multi_process_service: false
[2025-10-03 13:16:03.468] [19827] [HailoRT] [info] [device.cpp:51] [Device] OS Version: Linux 6.12.47+rpt-rpi-2712 #1 SMP PREEMPT Debian 1:6.12.47-1+rpt1~bookworm (2025-09-16) aarch64
[2025-10-03 13:16:03.468] [19827] [HailoRT] [info] [control.cpp:113] [control__parse_identify_results] firmware_version is: 4.23.0
[2025-10-03 13:16:03.468] [19827] [HailoRT] [info] [vdevice.cpp:682] [create] VDevice Infos: 0001:01:00.0
[2025-10-03 13:16:03.478] [19827] [HailoRT] [info] [buffer_requirements.cpp:198] [find_initial_desc_page_size] Using non-default initial_desc_page_size of 64, due to a small transfer size (16)
[2025-10-03 13:16:03.480] [19827] [HailoRT] [info] [internal_buffer_manager.cpp:75] [print_execution_results] Default Internal buffer planner failed to meet requirements
[2025-10-03 13:16:03.480] [19827] [HailoRT] [info] [internal_buffer_manager.cpp:86] [print_execution_results] Default Internal buffer planner executed successfully
[2025-10-03 13:16:03.508] [19827] [HailoRT] [info] [device_internal.cpp:57] [configure] Configuring HEF took 37.331064 milliseconds
[2025-10-03 13:16:03.509] [19827] [HailoRT] [info] [vdevice.cpp:780] [configure] Configuring HEF on VDevice took 37.758475 milliseconds
[2025-10-03 13:16:03.510] [19827] [HailoRT] [info] [core_op.cpp:156] [activate] Activating skillcheck_mobilenetv4_conv_small_620x420 took 0.314466 milliseconds. Note that the function is asynchronous and thus the network is not fully activated yet.
[2025-10-03 13:16:03.510] [19827] [HailoRT] [info] [core_op.cpp:156] [activate] Activating skillcheck_mobilenetv4_conv_small_620x420 took 0.357929 milliseconds. Note that the function is asynchronous and thus the network is not fully activated yet.
[2025-10-03 13:16:03.510] [19827] [HailoRT] [info] [edge_elements.cpp:52] [create] Created (HwWriteEl13skillcheck_mobilenetv4_conv_small_620x420/input_layer1 | hw_frame_size: 781200)
[2025-10-03 13:16:03.510] [19827] [HailoRT] [info] [vstream.cpp:754] [InputVStreamImpl] Creating skillcheck_mobilenetv4_conv_small_620x420/input_layer1...
[2025-10-03 13:16:03.510] [19827] [HailoRT] [info] [vstream_builder.cpp:102] [create_inputs] Input pipeline 'skillcheck_mobilenetv4_conv_small_620x420/input_layer1': (HwWriteEl13skillcheck_mobilenetv4_conv_small_620x420/input_layer1 | hw_frame_size: 781200) >> HW
[2025-10-03 13:16:03.510] [19827] [HailoRT] [info] [edge_elements.cpp:287] [create] Created (HwReadEl12skillcheck_mobilenetv4_conv_small_620x420/conv34 | hw_frame_size: 16)
[2025-10-03 13:16:03.511] [19827] [HailoRT] [info] [queue_elements.cpp:657] [create] Created (PullQEl_hw_read12skillcheck_mobilenetv4_conv_small_620x420/conv34)
[2025-10-03 13:16:03.511] [19827] [HailoRT] [info] [filter_elements.cpp:372] [create] Created (PostInferEl12skillcheck_mobilenetv4_conv_small_620x420/conv34 | Quantization - src_type: UINT8, dst_type FLOAT32, limvals_min: -4.71844, limvals_max: 4.46631 | Reorder - src_order: FCR, src_shape: (1, 1, 16), dst_order: FCR, dst_shape: (1, 1, 12))
[2025-10-03 13:16:03.511] [19827] [HailoRT] [info] [queue_elements.cpp:800] [create] Created (UserBuffQEl12skillcheck_mobilenetv4_conv_small_620x420/conv34 | timeout: 10s)
[2025-10-03 13:16:03.511] [19827] [HailoRT] [info] [vstream.cpp:1114] [OutputVStreamImpl] Creating skillcheck_mobilenetv4_conv_small_620x420/conv34...
[2025-10-03 13:16:03.511] [19827] [HailoRT] [info] [vstream_builder.cpp:220] [create_outputs] Output pipeline 'skillcheck_mobilenetv4_conv_small_620x420/conv34': HW >> (HwReadEl12skillcheck_mobilenetv4_conv_small_620x420/conv34 | hw_frame_size: 16) >> (PullQEl_hw_read12skillcheck_mobilenetv4_conv_small_620x420/conv34) >> (PostInferEl12skillcheck_mobilenetv4_conv_small_620x420/conv34 | Quantization - src_type: UINT8, dst_type FLOAT32, limvals_min: -4.71844, limvals_max: 4.46631 | Reorder - src_order: FCR, src_shape: (1, 1, 16), dst_order: FCR, dst_shape: (1, 1, 12)) >> (UserBuffQEl12skillcheck_mobilenetv4_conv_small_620x420/conv34 | timeout: 10s)
[2025-10-03 13:16:24.106] [19894] [HailoRT] [info] [vdevice_native_stream.cpp:331] [read_impl] Failed read from stream HAILO_STREAM_ABORT(63) (device: 0001:01:00.0)
[2025-10-03 13:16:24.106] [19894] [HailoRT] [info] [edge_elements.cpp:396] [run_pull] Reading from stream was aborted!
[2025-10-03 13:16:24.106] [19894] [HailoRT] [info] [queue_elements.cpp:738] [run_in_thread] run_pull of queue element PullQEl_hw_read12skillcheck_mobilenetv4_conv_small_620x420/conv34 was aborted!
[2025-10-03 13:16:24.106] [19895] [HailoRT] [info] [queue_elements.cpp:855] [run_in_thread] Shutdown event was signaled in dequeue of UserBuffQEl12skillcheck_mobilenetv4_conv_small_620x420/conv34!
[2025-10-03 13:16:24.106] [19894] [HailoRT] [info] [queue_elements.cpp:68] [operator()] Thread in element PullQEl_hw_read12skillcheck_mobilenetv4_conv_small_620x420/conv34 is not running anymore, exiting..
[2025-10-03 13:16:24.106] [19810] [HailoRT] [info] [queue_elements.cpp:46] [~BaseQueueElement] Queue element PullQEl_hw_read12skillcheck_mobilenetv4_conv_small_620x420/conv34 has 0 frames in his Queue on destruction
[2025-10-03 13:16:24.106] [19895] [HailoRT] [info] [queue_elements.cpp:68] [operator()] Thread in element UserBuffQEl12skillcheck_mobilenetv4_conv_small_620x420/conv34 is not running anymore, exiting..
[2025-10-03 13:16:24.107] [19810] [HailoRT] [info] [queue_elements.cpp:46] [~BaseQueueElement] Queue element UserBuffQEl12skillcheck_mobilenetv4_conv_small_620x420/conv34 has 0 frames in his Queue on destruction
[2025-10-03 13:16:24.107] [19810] [HailoRT] [info] [core_op.cpp:186] [deactivate] Deactivating took 0.383577 ms
[2025-10-03 13:16:24.107] [19810] [HailoRT] [info] [core_op.cpp:186] [deactivate] Deactivating took 0.393854 ms
[2025-10-03 13:17:09.530] [19928] [HailoRT] [info] [hef.cpp:1994] [get_network_group_and_network_name] No name was given. Addressing all networks of default network_group: skillcheck_mobilenetv4_conv_small_620x420
[2025-10-03 13:17:09.531] [19928] [HailoRT] [info] [hef.cpp:1994] [get_network_group_and_network_name] No name was given. Addressing all networks of default network_group: skillcheck_mobilenetv4_conv_small_620x420
[2025-10-03 13:17:09.683] [19928] [HailoRT] [info] [vdevice.cpp:535] [create] Creating vdevice with params: device_count: 1, scheduling_algorithm: NONE, multi_process_service: false
[2025-10-03 13:17:09.695] [19928] [HailoRT] [info] [device.cpp:51] [Device] OS Version: Linux 6.12.47+rpt-rpi-2712 #1 SMP PREEMPT Debian 1:6.12.47-1+rpt1~bookworm (2025-09-16) aarch64
[2025-10-03 13:17:09.695] [19928] [HailoRT] [info] [control.cpp:113] [control__parse_identify_results] firmware_version is: 4.23.0
[2025-10-03 13:17:09.695] [19928] [HailoRT] [info] [vdevice.cpp:682] [create] VDevice Infos: 0001:01:00.0
[2025-10-03 13:17:09.700] [19928] [HailoRT] [info] [buffer_requirements.cpp:198] [find_initial_desc_page_size] Using non-default initial_desc_page_size of 64, due to a small transfer size (16)
[2025-10-03 13:17:09.700] [19928] [HailoRT] [info] [internal_buffer_manager.cpp:75] [print_execution_results] Default Internal buffer planner failed to meet requirements
[2025-10-03 13:17:09.700] [19928] [HailoRT] [info] [internal_buffer_manager.cpp:86] [print_execution_results] Default Internal buffer planner executed successfully
[2025-10-03 13:17:09.713] [19928] [HailoRT] [info] [device_internal.cpp:57] [configure] Configuring HEF took 17.578191 milliseconds
[2025-10-03 13:17:09.713] [19928] [HailoRT] [info] [vdevice.cpp:780] [configure] Configuring HEF on VDevice took 17.847026 milliseconds
[2025-10-03 13:17:09.714] [19928] [HailoRT] [info] [core_op.cpp:156] [activate] Activating skillcheck_mobilenetv4_conv_small_620x420 took 0.340429 milliseconds. Note that the function is asynchronous and thus the network is not fully activated yet.
[2025-10-03 13:17:09.714] [19928] [HailoRT] [info] [core_op.cpp:156] [activate] Activating skillcheck_mobilenetv4_conv_small_620x420 took 0.396244 milliseconds. Note that the function is asynchronous and thus the network is not fully activated yet.
[2025-10-03 13:17:09.714] [19928] [HailoRT] [info] [edge_elements.cpp:52] [create] Created (HwWriteEl13skillcheck_mobilenetv4_conv_small_620x420/input_layer1 | hw_frame_size: 781200)
[2025-10-03 13:17:09.714] [19928] [HailoRT] [info] [vstream.cpp:754] [InputVStreamImpl] Creating skillcheck_mobilenetv4_conv_small_620x420/input_layer1...
[2025-10-03 13:17:09.714] [19928] [HailoRT] [info] [vstream_builder.cpp:102] [create_inputs] Input pipeline 'skillcheck_mobilenetv4_conv_small_620x420/input_layer1': (HwWriteEl13skillcheck_mobilenetv4_conv_small_620x420/input_layer1 | hw_frame_size: 781200) >> HW
[2025-10-03 13:17:09.714] [19928] [HailoRT] [info] [edge_elements.cpp:287] [create] Created (HwReadEl12skillcheck_mobilenetv4_conv_small_620x420/conv34 | hw_frame_size: 16)
[2025-10-03 13:17:09.715] [19928] [HailoRT] [info] [queue_elements.cpp:657] [create] Created (PullQEl_hw_read12skillcheck_mobilenetv4_conv_small_620x420/conv34)
[2025-10-03 13:17:09.715] [19928] [HailoRT] [info] [filter_elements.cpp:372] [create] Created (PostInferEl12skillcheck_mobilenetv4_conv_small_620x420/conv34 | Quantization - src_type: UINT8, dst_type FLOAT32, limvals_min: -4.71844, limvals_max: 4.46631 | Reorder - src_order: FCR, src_shape: (1, 1, 16), dst_order: FCR, dst_shape: (1, 1, 12))
[2025-10-03 13:17:09.715] [19928] [HailoRT] [info] [queue_elements.cpp:800] [create] Created (UserBuffQEl12skillcheck_mobilenetv4_conv_small_620x420/conv34 | timeout: 10s)
[2025-10-03 13:17:09.715] [19928] [HailoRT] [info] [vstream.cpp:1114] [OutputVStreamImpl] Creating skillcheck_mobilenetv4_conv_small_620x420/conv34...
[2025-10-03 13:17:09.715] [19928] [HailoRT] [info] [vstream_builder.cpp:220] [create_outputs] Output pipeline 'skillcheck_mobilenetv4_conv_small_620x420/conv34': HW >> (HwReadEl12skillcheck_mobilenetv4_conv_small_620x420/conv34 | hw_frame_size: 16) >> (PullQEl_hw_read12skillcheck_mobilenetv4_conv_small_620x420/conv34) >> (PostInferEl12skillcheck_mobilenetv4_conv_small_620x420/conv34 | Quantization - src_type: UINT8, dst_type FLOAT32, limvals_min: -4.71844, limvals_max: 4.46631 | Reorder - src_order: FCR, src_shape: (1, 1, 16), dst_order: FCR, dst_shape: (1, 1, 12)) >> (UserBuffQEl12skillcheck_mobilenetv4_conv_small_620x420/conv34 | timeout: 10s)
[2025-10-03 13:17:26.063] [19990] [HailoRT] [info] [queue_elements.cpp:855] [run_in_thread] Shutdown event was signaled in dequeue of UserBuffQEl12skillcheck_mobilenetv4_conv_small_620x420/conv34!
[2025-10-03 13:17:26.063] [19989] [HailoRT] [info] [vdevice_native_stream.cpp:331] [read_impl] Failed read from stream HAILO_STREAM_ABORT(63) (device: 0001:01:00.0)
[2025-10-03 13:17:26.063] [19989] [HailoRT] [info] [edge_elements.cpp:396] [run_pull] Reading from stream was aborted!
[2025-10-03 13:17:26.063] [19989] [HailoRT] [info] [queue_elements.cpp:738] [run_in_thread] run_pull of queue element PullQEl_hw_read12skillcheck_mobilenetv4_conv_small_620x420/conv34 was aborted!
[2025-10-03 13:17:26.063] [19989] [HailoRT] [info] [queue_elements.cpp:68] [operator()] Thread in element PullQEl_hw_read12skillcheck_mobilenetv4_conv_small_620x420/conv34 is not running anymore, exiting..
[2025-10-03 13:17:26.063] [19928] [HailoRT] [info] [queue_elements.cpp:46] [~BaseQueueElement] Queue element PullQEl_hw_read12skillcheck_mobilenetv4_conv_small_620x420/conv34 has 0 frames in his Queue on destruction
[2025-10-03 13:17:26.063] [19990] [HailoRT] [info] [queue_elements.cpp:68] [operator()] Thread in element UserBuffQEl12skillcheck_mobilenetv4_conv_small_620x420/conv34 is not running anymore, exiting..
[2025-10-03 13:17:26.063] [19928] [HailoRT] [info] [queue_elements.cpp:46] [~BaseQueueElement] Queue element UserBuffQEl12skillcheck_mobilenetv4_conv_small_620x420/conv34 has 0 frames in his Queue on destruction
[2025-10-03 13:17:26.064] [19928] [HailoRT] [info] [core_op.cpp:186] [deactivate] Deactivating took 0.385817 ms
[2025-10-03 13:17:26.064] [19928] [HailoRT] [info] [core_op.cpp:186] [deactivate] Deactivating took 0.396485 ms
[2025-10-03 13:18:43.341] [21919] [HailoRT] [info] [hef.cpp:1994] [get_network_group_and_network_name] No name was given. Addressing all networks of default network_group: skillcheck_mobilenetv4_conv_small_620x420
[2025-10-03 13:18:43.341] [21919] [HailoRT] [info] [hef.cpp:1994] [get_network_group_and_network_name] No name was given. Addressing all networks of default network_group: skillcheck_mobilenetv4_conv_small_620x420
[2025-10-03 13:18:43.495] [21919] [HailoRT] [info] [vdevice.cpp:535] [create] Creating vdevice with params: device_count: 1, scheduling_algorithm: NONE, multi_process_service: false
[2025-10-03 13:18:43.507] [21919] [HailoRT] [info] [device.cpp:51] [Device] OS Version: Linux 6.12.47+rpt-rpi-2712 #1 SMP PREEMPT Debian 1:6.12.47-1+rpt1~bookworm (2025-09-16) aarch64
[2025-10-03 13:18:43.507] [21919] [HailoRT] [info] [control.cpp:113] [control__parse_identify_results] firmware_version is: 4.23.0
[2025-10-03 13:18:43.507] [21919] [HailoRT] [info] [vdevice.cpp:682] [create] VDevice Infos: 0001:01:00.0
[2025-10-03 13:18:43.514] [21919] [HailoRT] [info] [buffer_requirements.cpp:198] [find_initial_desc_page_size] Using non-default initial_desc_page_size of 64, due to a small transfer size (16)
[2025-10-03 13:18:43.514] [21919] [HailoRT] [info] [internal_buffer_manager.cpp:75] [print_execution_results] Default Internal buffer planner failed to meet requirements
[2025-10-03 13:18:43.514] [21919] [HailoRT] [info] [internal_buffer_manager.cpp:86] [print_execution_results] Default Internal buffer planner executed successfully
[2025-10-03 13:18:43.527] [21919] [HailoRT] [info] [device_internal.cpp:57] [configure] Configuring HEF took 17.794747 milliseconds
[2025-10-03 13:18:43.527] [21919] [HailoRT] [info] [vdevice.cpp:780] [configure] Configuring HEF on VDevice took 19.294277 milliseconds
[2025-10-03 13:18:43.528] [21919] [HailoRT] [info] [core_op.cpp:156] [activate] Activating skillcheck_mobilenetv4_conv_small_620x420 took 0.245817 milliseconds. Note that the function is asynchronous and thus the network is not fully activated yet.
[2025-10-03 13:18:43.528] [21919] [HailoRT] [info] [core_op.cpp:156] [activate] Activating skillcheck_mobilenetv4_conv_small_620x420 took 0.282243 milliseconds. Note that the function is asynchronous and thus the network is not fully activated yet.
[2025-10-03 13:18:43.528] [21919] [HailoRT] [info] [edge_elements.cpp:52] [create] Created (HwWriteEl13skillcheck_mobilenetv4_conv_small_620x420/input_layer1 | hw_frame_size: 781200)
[2025-10-03 13:18:43.528] [21919] [HailoRT] [info] [vstream.cpp:754] [InputVStreamImpl] Creating skillcheck_mobilenetv4_conv_small_620x420/input_layer1...
[2025-10-03 13:18:43.528] [21919] [HailoRT] [info] [vstream_builder.cpp:102] [create_inputs] Input pipeline 'skillcheck_mobilenetv4_conv_small_620x420/input_layer1': (HwWriteEl13skillcheck_mobilenetv4_conv_small_620x420/input_layer1 | hw_frame_size: 781200) >> HW
[2025-10-03 13:18:43.528] [21919] [HailoRT] [info] [edge_elements.cpp:287] [create] Created (HwReadEl12skillcheck_mobilenetv4_conv_small_620x420/conv34 | hw_frame_size: 16)
[2025-10-03 13:18:43.528] [21919] [HailoRT] [info] [queue_elements.cpp:657] [create] Created (PullQEl_hw_read12skillcheck_mobilenetv4_conv_small_620x420/conv34)
[2025-10-03 13:18:43.528] [21919] [HailoRT] [info] [filter_elements.cpp:372] [create] Created (PostInferEl12skillcheck_mobilenetv4_conv_small_620x420/conv34 | Quantization - src_type: UINT8, dst_type FLOAT32, limvals_min: -4.71844, limvals_max: 4.46631 | Reorder - src_order: FCR, src_shape: (1, 1, 16), dst_order: FCR, dst_shape: (1, 1, 12))
[2025-10-03 13:18:43.528] [21919] [HailoRT] [info] [queue_elements.cpp:800] [create] Created (UserBuffQEl12skillcheck_mobilenetv4_conv_small_620x420/conv34 | timeout: 10s)
[2025-10-03 13:18:43.528] [21919] [HailoRT] [info] [vstream.cpp:1114] [OutputVStreamImpl] Creating skillcheck_mobilenetv4_conv_small_620x420/conv34...
[2025-10-03 13:18:43.528] [21919] [HailoRT] [info] [vstream_builder.cpp:220] [create_outputs] Output pipeline 'skillcheck_mobilenetv4_conv_small_620x420/conv34': HW >> (HwReadEl12skillcheck_mobilenetv4_conv_small_620x420/conv34 | hw_frame_size: 16) >> (PullQEl_hw_read12skillcheck_mobilenetv4_conv_small_620x420/conv34) >> (PostInferEl12skillcheck_mobilenetv4_conv_small_620x420/conv34 | Quantization - src_type: UINT8, dst_type FLOAT32, limvals_min: -4.71844, limvals_max: 4.46631 | Reorder - src_order: FCR, src_shape: (1, 1, 16), dst_order: FCR, dst_shape: (1, 1, 12)) >> (UserBuffQEl12skillcheck_mobilenetv4_conv_small_620x420/conv34 | timeout: 10s)
[2025-10-03 13:18:51.729] [21926] [HailoRT] [info] [queue_elements.cpp:855] [run_in_thread] Shutdown event was signaled in dequeue of UserBuffQEl12skillcheck_mobilenetv4_conv_small_620x420/conv34!
[2025-10-03 13:18:51.729] [21925] [HailoRT] [info] [vdevice_native_stream.cpp:331] [read_impl] Failed read from stream HAILO_STREAM_ABORT(63) (device: 0001:01:00.0)
[2025-10-03 13:18:51.729] [21925] [HailoRT] [info] [edge_elements.cpp:396] [run_pull] Reading from stream was aborted!
[2025-10-03 13:18:51.729] [21925] [HailoRT] [info] [queue_elements.cpp:738] [run_in_thread] run_pull of queue element PullQEl_hw_read12skillcheck_mobilenetv4_conv_small_620x420/conv34 was aborted!
[2025-10-03 13:18:51.729] [21855] [HailoRT] [info] [queue_elements.cpp:46] [~BaseQueueElement] Queue element PullQEl_hw_read12skillcheck_mobilenetv4_conv_small_620x420/conv34 has 0 frames in his Queue on destruction
[2025-10-03 13:18:51.729] [21926] [HailoRT] [info] [queue_elements.cpp:68] [operator()] Thread in element UserBuffQEl12skillcheck_mobilenetv4_conv_small_620x420/conv34 is not running anymore, exiting..
[2025-10-03 13:18:51.729] [21855] [HailoRT] [info] [queue_elements.cpp:46] [~BaseQueueElement] Queue element UserBuffQEl12skillcheck_mobilenetv4_conv_small_620x420/conv34 has 0 frames in his Queue on destruction
[2025-10-03 13:18:51.729] [21855] [HailoRT] [info] [core_op.cpp:186] [deactivate] Deactivating took 0.376503 ms
[2025-10-03 13:18:51.729] [21855] [HailoRT] [info] [core_op.cpp:186] [deactivate] Deactivating took 0.385188 ms
[2025-10-03 13:19:09.223] [21955] [HailoRT] [info] [hef.cpp:1994] [get_network_group_and_network_name] No name was given. Addressing all networks of default network_group: skillcheck_mobilenetv4_conv_small_620x420
[2025-10-03 13:19:09.223] [21955] [HailoRT] [info] [hef.cpp:1994] [get_network_group_and_network_name] No name was given. Addressing all networks of default network_group: skillcheck_mobilenetv4_conv_small_620x420
[2025-10-03 13:19:09.313] [21955] [HailoRT] [info] [vdevice.cpp:535] [create] Creating vdevice with params: device_count: 1, scheduling_algorithm: NONE, multi_process_service: false
[2025-10-03 13:19:09.325] [21955] [HailoRT] [info] [device.cpp:51] [Device] OS Version: Linux 6.12.47+rpt-rpi-2712 #1 SMP PREEMPT Debian 1:6.12.47-1+rpt1~bookworm (2025-09-16) aarch64
[2025-10-03 13:19:09.325] [21955] [HailoRT] [info] [control.cpp:113] [control__parse_identify_results] firmware_version is: 4.23.0
[2025-10-03 13:19:09.325] [21955] [HailoRT] [info] [vdevice.cpp:682] [create] VDevice Infos: 0001:01:00.0
[2025-10-03 13:19:09.331] [21955] [HailoRT] [info] [buffer_requirements.cpp:198] [find_initial_desc_page_size] Using non-default initial_desc_page_size of 64, due to a small transfer size (16)
[2025-10-03 13:19:09.331] [21955] [HailoRT] [info] [internal_buffer_manager.cpp:75] [print_execution_results] Default Internal buffer planner failed to meet requirements
[2025-10-03 13:19:09.331] [21955] [HailoRT] [info] [internal_buffer_manager.cpp:86] [print_execution_results] Default Internal buffer planner executed successfully
[2025-10-03 13:19:12.713] [21955] [HailoRT] [info] [device_internal.cpp:57] [configure] Configuring HEF took 3386.778508 milliseconds
[2025-10-03 13:19:12.713] [21955] [HailoRT] [info] [vdevice.cpp:780] [configure] Configuring HEF on VDevice took 3387.118548 milliseconds
[2025-10-03 13:19:12.715] [21955] [HailoRT] [info] [core_op.cpp:156] [activate] Activating skillcheck_mobilenetv4_conv_small_620x420 took 0.212094 milliseconds. Note that the function is asynchronous and thus the network is not fully activated yet.
[2025-10-03 13:19:12.715] [21955] [HailoRT] [info] [core_op.cpp:156] [activate] Activating skillcheck_mobilenetv4_conv_small_620x420 took 0.224668 milliseconds. Note that the function is asynchronous and thus the network is not fully activated yet.
[2025-10-03 13:19:12.715] [21955] [HailoRT] [info] [edge_elements.cpp:52] [create] Created (HwWriteEl13skillcheck_mobilenetv4_conv_small_620x420/input_layer1 | hw_frame_size: 781200)
[2025-10-03 13:19:12.715] [21955] [HailoRT] [info] [vstream.cpp:754] [InputVStreamImpl] Creating skillcheck_mobilenetv4_conv_small_620x420/input_layer1...
[2025-10-03 13:19:12.715] [21955] [HailoRT] [info] [vstream_builder.cpp:102] [create_inputs] Input pipeline 'skillcheck_mobilenetv4_conv_small_620x420/input_layer1': (HwWriteEl13skillcheck_mobilenetv4_conv_small_620x420/input_layer1 | hw_frame_size: 781200) >> HW
[2025-10-03 13:19:12.715] [21955] [HailoRT] [info] [edge_elements.cpp:287] [create] Created (HwReadEl12skillcheck_mobilenetv4_conv_small_620x420/conv34 | hw_frame_size: 16)
[2025-10-03 13:19:12.715] [21955] [HailoRT] [info] [queue_elements.cpp:657] [create] Created (PullQEl_hw_read12skillcheck_mobilenetv4_conv_small_620x420/conv34)
[2025-10-03 13:19:12.715] [21955] [HailoRT] [info] [filter_elements.cpp:372] [create] Created (PostInferEl12skillcheck_mobilenetv4_conv_small_620x420/conv34 | Quantization - src_type: UINT8, dst_type FLOAT32, limvals_min: -4.71844, limvals_max: 4.46631 | Reorder - src_order: FCR, src_shape: (1, 1, 16), dst_order: FCR, dst_shape: (1, 1, 12))
[2025-10-03 13:19:12.715] [21955] [HailoRT] [info] [queue_elements.cpp:800] [create] Created (UserBuffQEl12skillcheck_mobilenetv4_conv_small_620x420/conv34 | timeout: 10s)
[2025-10-03 13:19:12.715] [21955] [HailoRT] [info] [vstream.cpp:1114] [OutputVStreamImpl] Creating skillcheck_mobilenetv4_conv_small_620x420/conv34...
[2025-10-03 13:19:12.715] [21955] [HailoRT] [info] [vstream_builder.cpp:220] [create_outputs] Output pipeline 'skillcheck_mobilenetv4_conv_small_620x420/conv34': HW >> (HwReadEl12skillcheck_mobilenetv4_conv_small_620x420/conv34 | hw_frame_size: 16) >> (PullQEl_hw_read12skillcheck_mobilenetv4_conv_small_620x420/conv34) >> (PostInferEl12skillcheck_mobilenetv4_conv_small_620x420/conv34 | Quantization - src_type: UINT8, dst_type FLOAT32, limvals_min: -4.71844, limvals_max: 4.46631 | Reorder - src_order: FCR, src_shape: (1, 1, 16), dst_order: FCR, dst_shape: (1, 1, 12)) >> (UserBuffQEl12skill                                                            [2025-10-03 14:36:00.446] [2804] [HailoRT] [info] [hef.cpp:1994] [get_network_group_and_network_name] No name was given. Addressing all networks of default network_group: skillcheck_mobilenetv4_conv_small_620x420
[2025-10-03 14:36:00.447] [2804] [HailoRT] [info] [hef.cpp:1994] [get_network_group_and_network_name] No name was given. Addressing all networks of default network_group: skillcheck_mobilenetv4_conv_small_620x420
[2025-10-03 14:36:00.917] [2804] [HailoRT] [info] [vdevice.cpp:535] [create] Creating vdevice with params: device_count: 1, scheduling_algorithm: NONE, multi_process_service: false
[2025-10-03 14:36:00.929] [2804] [HailoRT] [info] [device.cpp:51] [Device] OS Version: Linux 6.12.47+rpt-rpi-2712 #1 SMP PREEMPT Debian 1:6.12.47-1+rpt1~bookworm (2025-09-16) aarch64
[2025-10-03 14:36:00.930] [2804] [HailoRT] [info] [control.cpp:113] [control__parse_identify_results] firmware_version is: 4.23.0
[2025-10-03 14:36:00.930] [2804] [HailoRT] [info] [vdevice.cpp:682] [create] VDevice Infos: 0001:01:00.0
[2025-10-03 14:36:00.938] [2804] [HailoRT] [info] [buffer_requirements.cpp:198] [find_initial_desc_page_size] Using non-default initial_desc_page_size of 64, due to a small transfer size (16)
[2025-10-03 14:36:00.938] [2804] [HailoRT] [info] [internal_buffer_manager.cpp:75] [print_execution_results] Default Internal buffer planner failed to meet requirements
[2025-10-03 14:36:00.938] [2804] [HailoRT] [info] [internal_buffer_manager.cpp:86] [print_execution_results] Default Internal buffer planner executed successfully
[2025-10-03 14:36:00.951] [2804] [HailoRT] [info] [device_internal.cpp:57] [configure] Configuring HEF took 19.551283 milliseconds
[2025-10-03 14:36:00.951] [2804] [HailoRT] [info] [vdevice.cpp:780] [configure] Configuring HEF on VDevice took 20.277866 milliseconds
[2025-10-03 14:36:00.952] [2804] [HailoRT] [info] [core_op.cpp:156] [activate] Activating skillcheck_mobilenetv4_conv_small_620x420 took 0.205169 milliseconds. Note that the function is asynchronous and thus the network is not fully activated yet.
[2025-10-03 14:36:00.952] [2804] [HailoRT] [info] [core_op.cpp:156] [activate] Activating skillcheck_mobilenetv4_conv_small_620x420 took 0.219039 milliseconds. Note that the function is asynchronous and thus the network is not fully activated yet.
[2025-10-03 14:36:00.952] [2804] [HailoRT] [info] [edge_elements.cpp:52] [create] Created (HwWriteEl13skillcheck_mobilenetv4_conv_small_620x420/input_layer1 | hw_frame_size: 781200)
[2025-10-03 14:36:00.952] [2804] [HailoRT] [info] [vstream.cpp:754] [InputVStreamImpl] Creating skillcheck_mobilenetv4_conv_small_620x420/input_layer1...
[2025-10-03 14:36:00.952] [2804] [HailoRT] [info] [vstream_builder.cpp:102] [create_inputs] Input pipeline 'skillcheck_mobilenetv4_conv_small_620x420/input_layer1': (HwWriteEl13skillcheck_mobilenetv4_conv_small_620x420/input_layer1 | hw_frame_size: 781200) >> HW
[2025-10-03 14:36:00.952] [2804] [HailoRT] [info] [edge_elements.cpp:287] [create] Created (HwReadEl12skillcheck_mobilenetv4_conv_small_620x420/conv34 | hw_frame_size: 16)
[2025-10-03 14:36:00.952] [2804] [HailoRT] [info] [queue_elements.cpp:657] [create] Created (PullQEl_hw_read12skillcheck_mobilenetv4_conv_small_620x420/conv34)
[2025-10-03 14:36:00.952] [2804] [HailoRT] [info] [filter_elements.cpp:372] [create] Created (PostInferEl12skillcheck_mobilenetv4_conv_small_620x420/conv34 | Quantization - src_type: UINT8, dst_type FLOAT32, limvals_min: -4.71844, limvals_max: 4.46631 | Reorder - src_order: FCR, src_shape: (1, 1, 16), dst_order: FCR, dst_shape: (1, 1, 12))
[2025-10-03 14:36:00.952] [2804] [HailoRT] [info] [queue_elements.cpp:800] [create] Created (UserBuffQEl12skillcheck_mobilenetv4_conv_small_620x420/conv34 | timeout: 10s)
[2025-10-03 14:36:00.952] [2804] [HailoRT] [info] [vstream.cpp:1114] [OutputVStreamImpl] Creating skillcheck_mobilenetv4_conv_small_620x420/conv34...
[2025-10-03 14:36:00.952] [2804] [HailoRT] [info] [vstream_builder.cpp:220] [create_outputs] Output pipeline 'skillcheck_mobilenetv4_conv_small_620x420/conv34': HW >> (HwReadEl12skillcheck_mobilenetv4_conv_small_620x420/conv34 | hw_frame_size: 16) >> (PullQEl_hw_read12skillcheck_mobilenetv4_conv_small_620x420/conv34) >> (PostInferEl12skillcheck_mobilenetv4_conv_small_620x420/conv34 | Quantization - src_type: UINT8, dst_type FLOAT32, limvals_min: -4.71844, limvals_max: 4.46631 | Reorder - src_order: FCR, src_shape: (1, 1, 16), dst_order: FCR, dst_shape: (1, 1, 12)) >> (UserBuffQEl12skillcheck_mobilenetv4_conv_small_620x420/conv34 | timeout: 10s)
[2025-10-03 14:36:51.502] [2864] [HailoRT] [info] [queue_elements.cpp:855] [run_in_thread] Shutdown event was signaled in dequeue of UserBuffQEl12skillcheck_mobilenetv4_conv_small_620x420/conv34!
[2025-10-03 14:36:51.502] [2863] [HailoRT] [info] [vdevice_native_stream.cpp:331] [read_impl] Failed read from stream HAILO_STREAM_ABORT(63) (device: 0001:01:00.0)
[2025-10-03 14:36:51.502] [2863] [HailoRT] [info] [edge_elements.cpp:396] [run_pull] Reading from stream was aborted!
[2025-10-03 14:36:51.502] [2863] [HailoRT] [info] [queue_elements.cpp:738] [run_in_thread] run_pull of queue element PullQEl_hw_read12skillcheck_mobilenetv4_conv_small_620x420/conv34 was aborted!
[2025-10-03 14:36:51.502] [2863] [HailoRT] [info] [queue_elements.cpp:68] [operator()] Thread in element PullQEl_hw_read12skillcheck_mobilenetv4_conv_small_620x420/conv34 is not running anymore, exiting..
[2025-10-03 14:36:51.502] [2804] [HailoRT] [info] [queue_elements.cpp:46] [~BaseQueueElement] Queue element PullQEl_hw_read12skillcheck_mobilenetv4_conv_small_620x420/conv34 has 0 frames in his Queue on destruction
[2025-10-03 14:36:51.502] [2864] [HailoRT] [info] [queue_elements.cpp:68] [operator()] Thread in element UserBuffQEl12skillcheck_mobilenetv4_conv_small_620x420/conv34 is not running anymore, exiting..
[2025-10-03 14:36:51.502] [2804] [HailoRT] [info] [queue_elements.cpp:46] [~BaseQueueElement] Queue element UserBuffQEl12skillcheck_mobilenetv4_conv_small_620x420/conv34 has 0 frames in his Queue on destruction
[2025-10-03 14:36:51.502] [2804] [HailoRT] [info] [core_op.cpp:186] [deactivate] Deactivating took 0.38019 ms
[2025-10-03 14:36:51.502] [2804] [HailoRT] [info] [core_op.cpp:186] [deactivate] Deactivating took 0.388912 ms
[2025-10-03 14:39:04.304] [2804] [HailoRT] [info] [hef.cpp:1994] [get_network_group_and_network_name] No name was given. Addressing all networks of default network_group: skillcheck_mobilenetv4_conv_small_620x420
[2025-10-03 14:39:04.304] [2804] [HailoRT] [info] [hef.cpp:1994] [get_network_group_and_network_name] No name was given. Addressing all networks of default network_group: skillcheck_mobilenetv4_conv_small_620x420
[2025-10-03 14:39:04.440] [2804] [HailoRT] [info] [vdevice.cpp:535] [create] Creating vdevice with params: device_count: 1, scheduling_algorithm: NONE, multi_process_service: false
[2025-10-03 14:39:04.453] [2804] [HailoRT] [info] [device.cpp:51] [Device] OS Version: Linux 6.12.47+rpt-rpi-2712 #1 SMP PREEMPT Debian 1:6.12.47-1+rpt1~bookworm (2025-09-16) aarch64
[2025-10-03 14:39:04.453] [2804] [HailoRT] [info] [control.cpp:113] [control__parse_identify_results] firmware_version is: 4.23.0
[2025-10-03 14:39:04.453] [2804] [HailoRT] [info] [vdevice.cpp:682] [create] VDevice Infos: 0001:01:00.0
[2025-10-03 14:39:04.461] [2804] [HailoRT] [info] [buffer_requirements.cpp:198] [find_initial_desc_page_size] Using non-default initial_desc_page_size of 64, due to a small transfer size (16)
[2025-10-03 14:39:04.461] [2804] [HailoRT] [info] [internal_buffer_manager.cpp:75] [print_execution_results] Default Internal buffer planner failed to meet requirements
[2025-10-03 14:39:04.461] [2804] [HailoRT] [info] [internal_buffer_manager.cpp:86] [print_execution_results] Default Internal buffer planner executed successfully
[2025-10-03 14:39:04.481] [2804] [HailoRT] [info] [device_internal.cpp:57] [configure] Configuring HEF took 27.68382 milliseconds
[2025-10-03 14:39:04.482] [2804] [HailoRT] [info] [vdevice.cpp:780] [configure] Configuring HEF on VDevice took 28.048286 milliseconds
[2025-10-03 14:39:04.486] [2804] [HailoRT] [info] [core_op.cpp:156] [activate] Activating skillcheck_mobilenetv4_conv_small_620x420 took 2.48095 milliseconds. Note that the function is asynchronous and thus the network is not fully activated yet.
[2025-10-03 14:39:04.486] [2804] [HailoRT] [info] [core_op.cpp:156] [activate] Activating skillcheck_mobilenetv4_conv_small_620x420 took 2.534839 milliseconds. Note that the function is asynchronous and thus the network is not fully activated yet.
[2025-10-03 14:39:04.486] [2804] [HailoRT] [info] [edge_elements.cpp:52] [create] Created (HwWriteEl13skillcheck_mobilenetv4_conv_small_620x420/input_layer1 | hw_frame_size: 781200)
[2025-10-03 14:39:04.486] [2804] [HailoRT] [info] [vstream.cpp:754] [InputVStreamImpl] Creating skillcheck_mobilenetv4_conv_small_620x420/input_layer1...
[2025-10-03 14:39:04.486] [2804] [HailoRT] [info] [vstream_builder.cpp:102] [create_inputs] Input pipeline 'skillcheck_mobilenetv4_conv_small_620x420/input_layer1': (HwWriteEl13skillcheck_mobilenetv4_conv_small_620x420/input_layer1 | hw_frame_size: 781200) >> HW
[2025-10-03 14:39:04.487] [2804] [HailoRT] [info] [edge_elements.cpp:287] [create] Created (HwReadEl12skillcheck_mobilenetv4_conv_small_620x420/conv34 | hw_frame_size: 16)
[2025-10-03 14:39:04.487] [2804] [HailoRT] [info] [queue_elements.cpp:657] [create] Created (PullQEl_hw_read12skillcheck_mobilenetv4_conv_small_620x420/conv34)
[2025-10-03 14:39:04.487] [2804] [HailoRT] [info] [filter_elements.cpp:372] [create] Created (PostInferEl12skillcheck_mobilenetv4_conv_small_620x420/conv34 | Quantization - src_type: UINT8, dst_type FLOAT32, limvals_min: -4.71844, limvals_max: 4.46631 | Reorder - src_order: FCR, src_shape: (1, 1, 16), dst_order: FCR, dst_shape: (1, 1, 12))
[2025-10-03 14:39:04.488] [2804] [HailoRT] [info] [queue_elements.cpp:800] [create] Created (UserBuffQEl12skillcheck_mobilenetv4_conv_small_620x420/conv34 | timeout: 10s)
[2025-10-03 14:39:04.488] [2804] [HailoRT] [info] [vstream.cpp:1114] [OutputVStreamImpl] Creating skillcheck_mobilenetv4_conv_small_620x420/conv34...
[2025-10-03 14:39:04.488] [2804] [HailoRT] [info] [vstream_builder.cpp:220] [create_outputs] Output pipeline 'skillcheck_mobilenetv4_conv_small_620x420/conv34': HW >> (HwReadEl12skillcheck_mobilenetv4_conv_small_620x420/conv34 | hw_frame_size: 16) >> (PullQEl_hw_read12skillcheck_mobilenetv4_conv_small_620x420/conv34) >> (PostInferEl12skillcheck_mobilenetv4_conv_small_620x420/conv34 | Quantization - src_type: UINT8, dst_type FLOAT32, limvals_min: -4.71844, limvals_max: 4.46631 | Reorder - src_order: FCR, src_shape: (1, 1, 16), dst_order: FCR, dst_shape: (1, 1, 12)) >> (UserBuffQEl12skillcheck_mobilenetv4_conv_small_620x420/conv34 | timeout: 10s)
[2025-10-03 14:39:14.242] [8640] [HailoRT] [info] [vdevice_native_stream.cpp:331] [read_impl] Failed read from stream HAILO_STREAM_ABORT(63) (device: 0001:01:00.0)
[2025-10-03 14:39:14.242] [8640] [HailoRT] [info] [edge_elements.cpp:396] [run_pull] Reading from stream was aborted!
[2025-10-03 14:39:14.242] [8641] [HailoRT] [info] [queue_elements.cpp:855] [run_in_thread] Shutdown event was signaled in dequeue of UserBuffQEl12skillcheck_mobilenetv4_conv_small_620x420/conv34!
[2025-10-03 14:39:14.242] [8640] [HailoRT] [info] [queue_elements.cpp:738] [run_in_thread] run_pull of queue element PullQEl_hw_read12skillcheck_mobilenetv4_conv_small_620x420/conv34 was aborted!
[2025-10-03 14:39:14.242] [8640] [HailoRT] [info] [queue_elements.cpp:68] [operator()] Thread in element PullQEl_hw_read12skillcheck_mobilenetv4_conv_small_620x420/conv34 is not running anymore, exiting..
[2025-10-03 14:39:14.242] [2804] [HailoRT] [info] [queue_elements.cpp:46] [~BaseQueueElement] Queue element PullQEl_hw_read12skillcheck_mobilenetv4_conv_small_620x420/conv34 has 0 frames in his Queue on destruction
[2025-10-03 14:39:14.242] [8641] [HailoRT] [info] [queue_elements.cpp:68] [operator()] Thread in element UserBuffQEl12skillcheck_mobilenetv4_conv_small_620x420/conv34 is not running anymore, exiting..
[2025-10-03 14:39:14.242] [2804] [HailoRT] [info] [queue_elements.cpp:46] [~BaseQueueElement] Queue element UserBuffQEl12skillcheck_mobilenetv4_conv_small_620x420/conv34 has 0 frames in his Queue on destruction
[2025-10-03 14:39:14.243] [2804] [HailoRT] [info] [core_op.cpp:186] [deactivate] Deactivating took 0.380096 ms
[2025-10-03 14:39:14.243] [2804] [HailoRT] [info] [core_op.cpp:186] [deactivate] Deactivating took 0.387837 ms
[2025-10-03 14:53:37.052] [9930] [HailoRT] [info] [hef.cpp:1994] [get_network_group_and_network_name] No name was given. Addressing all networks of default network_group: skillcheck_mobilenetv4_conv_small_620x420
[2025-10-03 14:53:37.053] [9930] [HailoRT] [info] [hef.cpp:1994] [get_network_group_and_network_name] No name was given. Addressing all networks of default network_group: skillcheck_mobilenetv4_conv_small_620x420
[2025-10-03 14:53:37.208] [9930] [HailoRT] [info] [vdevice.cpp:535] [create] Creating vdevice with params: device_count: 1, scheduling_algorithm: NONE, multi_process_service: false
[2025-10-03 14:53:37.220] [9930] [HailoRT] [info] [device.cpp:51] [Device] OS Version: Linux 6.12.47+rpt-rpi-2712 #1 SMP PREEMPT Debian 1:6.12.47-1+rpt1~bookworm (2025-09-16) aarch64
[2025-10-03 14:53:37.220] [9930] [HailoRT] [info] [control.cpp:113] [control__parse_identify_results] firmware_version is: 4.23.0
[2025-10-03 14:53:37.220] [9930] [HailoRT] [info] [vdevice.cpp:682] [create] VDevice Infos: 0001:01:00.0
[2025-10-03 14:53:37.226] [9930] [HailoRT] [info] [buffer_requirements.cpp:198] [find_initial_desc_page_size] Using non-default initial_desc_page_size of 64, due to a small transfer size (16)
[2025-10-03 14:53:37.226] [9930] [HailoRT] [info] [internal_buffer_manager.cpp:75] [print_execution_results] Default Internal buffer planner failed to meet requirements
[2025-10-03 14:53:37.226] [9930] [HailoRT] [info] [internal_buffer_manager.cpp:86] [print_execution_results] Default Internal buffer planner executed successfully
[2025-10-03 14:53:37.238] [9930] [HailoRT] [info] [device_internal.cpp:57] [configure] Configuring HEF took 16.65337 milliseconds
[2025-10-03 14:53:37.238] [9930] [HailoRT] [info] [vdevice.cpp:780] [configure] Configuring HEF on VDevice took 17.085501 milliseconds
[2025-10-03 14:53:37.239] [9930] [HailoRT] [info] [core_op.cpp:156] [activate] Activating skillcheck_mobilenetv4_conv_small_620x420 took 0.220445 milliseconds. Note that the function is asynchronous and thus the network is not fully activated yet.
[2025-10-03 14:53:37.239] [9930] [HailoRT] [info] [core_op.cpp:156] [activate] Activating skillcheck_mobilenetv4_conv_small_620x420 took 0.245854 milliseconds. Note that the function is asynchronous and thus the network is not fully activated yet.
[2025-10-03 14:53:37.239] [9930] [HailoRT] [info] [edge_elements.cpp:52] [create] Created (HwWriteEl13skillcheck_mobilenetv4_conv_small_620x420/input_layer1 | hw_frame_size: 781200)
[2025-10-03 14:53:37.239] [9930] [HailoRT] [info] [vstream.cpp:754] [InputVStreamImpl] Creating skillcheck_mobilenetv4_conv_small_620x420/input_layer1...
[2025-10-03 14:53:37.239] [9930] [HailoRT] [info] [vstream_builder.cpp:102] [create_inputs] Input pipeline 'skillcheck_mobilenetv4_conv_small_620x420/input_layer1': (HwWriteEl13skillcheck_mobilenetv4_conv_small_620x420/input_layer1 | hw_frame_size: 781200) >> HW
[2025-10-03 14:53:37.239] [9930] [HailoRT] [info] [edge_elements.cpp:287] [create] Created (HwReadEl12skillcheck_mobilenetv4_conv_small_620x420/conv34 | hw_frame_size: 16)
[2025-10-03 14:53:37.239] [9930] [HailoRT] [info] [queue_elements.cpp:657] [create] Created (PullQEl_hw_read12skillcheck_mobilenetv4_conv_small_620x420/conv34)
[2025-10-03 14:53:37.239] [9930] [HailoRT] [info] [filter_elements.cpp:372] [create] Created (PostInferEl12skillcheck_mobilenetv4_conv_small_620x420/conv34 | Quantization - src_type: UINT8, dst_type FLOAT32, limvals_min: -4.71844, limvals_max: 4.46631 | Reorder - src_order: FCR, src_shape: (1, 1, 16), dst_order: FCR, dst_shape: (1, 1, 12))
[2025-10-03 14:53:37.239] [9930] [HailoRT] [info] [queue_elements.cpp:800] [create] Created (UserBuffQEl12skillcheck_mobilenetv4_conv_small_620x420/conv34 | timeout: 10s)
[2025-10-03 14:53:37.239] [9930] [HailoRT] [info] [vstream.cpp:1114] [OutputVStreamImpl] Creating skillcheck_mobilenetv4_conv_small_620x420/conv34...
[2025-10-03 14:53:37.239] [9930] [HailoRT] [info] [vstream_builder.cpp:220] [create_outputs] Output pipeline 'skillcheck_mobilenetv4_conv_small_620x420/conv34': HW >> (HwReadEl12skillcheck_mobilenetv4_conv_small_620x420/conv34 | hw_frame_size: 16) >> (PullQEl_hw_read12skillcheck_mobilenetv4_conv_small_620x420/conv34) >> (PostInferEl12skillcheck_mobilenetv4_conv_small_620x420/conv34 | Quantization - src_type: UINT8, dst_type FLOAT32, limvals_min: -4.71844, limvals_max: 4.46631 | Reorder - src_order: FCR, src_shape: (1, 1, 16), dst_order: FCR, dst_shape: (1, 1, 12)) >> (UserBuffQEl12skillcheck_mobilenetv4_conv_small_620x420/conv34 | timeout: 10s)
[2025-10-03 14:53:41.630] [9990] [HailoRT] [info] [vdevice_native_stream.cpp:331] [read_impl] Failed read from stream HAILO_STREAM_ABORT(63) (device: 0001:01:00.0)
[2025-10-03 14:53:41.630] [9990] [HailoRT] [info] [edge_elements.cpp:396] [run_pull] Reading from stream was aborted!
[2025-10-03 14:53:41.630] [9990] [HailoRT] [info] [queue_elements.cpp:738] [run_in_thread] run_pull of queue element PullQEl_hw_read12skillcheck_mobilenetv4_conv_small_620x420/conv34 was aborted!
[2025-10-03 14:53:41.630] [9991] [HailoRT] [info] [queue_elements.cpp:855] [run_in_thread] Shutdown event was signaled in dequeue of UserBuffQEl12skillcheck_mobilenetv4_conv_small_620x420/conv34!
[2025-10-03 14:53:41.630] [9990] [HailoRT] [info] [queue_elements.cpp:68] [operator()] Thread in element PullQEl_hw_read12skillcheck_mobilenetv4_conv_small_620x420/conv34 is not running anymore, exiting..
[2025-10-03 14:53:41.630] [9930] [HailoRT] [info] [queue_elements.cpp:46] [~BaseQueueElement] Queue element PullQEl_hw_read12skillcheck_mobilenetv4_conv_small_620x420/conv34 has 0 frames in his Queue on destruction
[2025-10-03 14:53:41.630] [9991] [HailoRT] [info] [queue_elements.cpp:68] [operator()] Thread in element UserBuffQEl12skillcheck_mobilenetv4_conv_small_620x420/conv34 is not running anymore, exiting..
[2025-10-03 14:53:41.630] [9930] [HailoRT] [info] [queue_elements.cpp:46] [~BaseQueueElement] Queue element UserBuffQEl12skillcheck_mobilenetv4_conv_small_620x420/conv34 has 0 frames in his Queue on destruction
[2025-10-03 14:53:41.631] [9930] [HailoRT] [info] [core_op.cpp:186] [deactivate] Deactivating took 0.379595 ms
[2025-10-03 14:53:41.631] [9930] [HailoRT] [info] [core_op.cpp:186] [deactivate] Deactivating took 0.388613 ms
[2025-10-03 15:07:52.252] [10487] [HailoRT] [info] [hef.cpp:1994] [get_network_group_and_network_name] No name was given. Addressing all networks of default network_group: skillcheck_mobilenetv4_conv_small_620x420
[2025-10-03 15:07:52.252] [10487] [HailoRT] [info] [hef.cpp:1994] [get_network_group_and_network_name] No name was given. Addressing all networks of default network_group: skillcheck_mobilenetv4_conv_small_620x420
[2025-10-03 15:07:52.420] [10487] [HailoRT] [info] [vdevice.cpp:535] [create] Creating vdevice with params: device_count: 1, scheduling_algorithm: NONE, multi_process_service: false
[2025-10-03 15:07:52.433] [10487] [HailoRT] [info] [device.cpp:51] [Device] OS Version: Linux 6.12.47+rpt-rpi-2712 #1 SMP PREEMPT Debian 1:6.12.47-1+rpt1~bookworm (2025-09-16) aarch64
[2025-10-03 15:07:52.433] [10487] [HailoRT] [info] [control.cpp:113] [control__parse_identify_results] firmware_version is: 4.23.0
[2025-10-03 15:07:52.433] [10487] [HailoRT] [info] [vdevice.cpp:682] [create] VDevice Infos: 0001:01:00.0
[2025-10-03 15:07:52.441] [10487] [HailoRT] [info] [buffer_requirements.cpp:198] [find_initial_desc_page_size] Using non-default initial_desc_page_size of 64, due to a small transfer size (16)
[2025-10-03 15:07:52.441] [10487] [HailoRT] [info] [internal_buffer_manager.cpp:75] [print_execution_results] Default Internal buffer planner failed to meet requirements
[2025-10-03 15:07:52.441] [10487] [HailoRT] [info] [internal_buffer_manager.cpp:86] [print_execution_results] Default Internal buffer planner executed successfully
[2025-10-03 15:07:52.452] [10487] [HailoRT] [info] [device_internal.cpp:57] [configure] Configuring HEF took 18.447311 milliseconds
[2025-10-03 15:07:52.452] [10487] [HailoRT] [info] [vdevice.cpp:780] [configure] Configuring HEF on VDevice took 18.753145 milliseconds
[2025-10-03 15:07:52.453] [10487] [HailoRT] [info] [core_op.cpp:156] [activate] Activating skillcheck_mobilenetv4_conv_small_620x420 took 0.192668 milliseconds. Note that the function is asynchronous and thus the network is not fully activated yet.
[2025-10-03 15:07:52.453] [10487] [HailoRT] [info] [core_op.cpp:156] [activate] Activating skillcheck_mobilenetv4_conv_small_620x420 took 0.211131 milliseconds. Note that the function is asynchronous and thus the network is not fully activated yet.
[2025-10-03 15:07:52.453] [10487] [HailoRT] [info] [edge_elements.cpp:52] [create] Created (HwWriteEl13skillcheck_mobilenetv4_conv_small_620x420/input_layer1 | hw_frame_size: 781200)
[2025-10-03 15:07:52.453] [10487] [HailoRT] [info] [vstream.cpp:754] [InputVStreamImpl] Creating skillcheck_mobilenetv4_conv_small_620x420/input_layer1...
[2025-10-03 15:07:52.453] [10487] [HailoRT] [info] [vstream_builder.cpp:102] [create_inputs] Input pipeline 'skillcheck_mobilenetv4_conv_small_620x420/input_layer1': (HwWriteEl13skillcheck_mobilenetv4_conv_small_620x420/input_layer1 | hw_frame_size: 781200) >> HW
[2025-10-03 15:07:52.453] [10487] [HailoRT] [info] [edge_elements.cpp:287] [create] Created (HwReadEl12skillcheck_mobilenetv4_conv_small_620x420/conv34 | hw_frame_size: 16)
[2025-10-03 15:07:52.453] [10487] [HailoRT] [info] [queue_elements.cpp:657] [create] Created (PullQEl_hw_read12skillcheck_mobilenetv4_conv_small_620x420/conv34)
[2025-10-03 15:07:52.453] [10487] [HailoRT] [info] [filter_elements.cpp:372] [create] Created (PostInferEl12skillcheck_mobilenetv4_conv_small_620x420/conv34 | Quantization - src_type: UINT8, dst_type FLOAT32, limvals_min: -4.71844, limvals_max: 4.46631 | Reorder - src_order: FCR, src_shape: (1, 1, 16), dst_order: FCR, dst_shape: (1, 1, 12))
[2025-10-03 15:07:52.454] [10487] [HailoRT] [info] [queue_elements.cpp:800] [create] Created (UserBuffQEl12skillcheck_mobilenetv4_conv_small_620x420/conv34 | timeout: 10s)
[2025-10-03 15:07:52.454] [10487] [HailoRT] [info] [vstream.cpp:1114] [OutputVStreamImpl] Creating skillcheck_mobilenetv4_conv_small_620x420/conv34...
[2025-10-03 15:07:52.454] [10487] [HailoRT] [info] [vstream_builder.cpp:220] [create_outputs] Output pipeline 'skillcheck_mobilenetv4_conv_small_620x420/conv34': HW >> (HwReadEl12skillcheck_mobilenetv4_conv_small_620x420/conv34 | hw_frame_size: 16) >> (PullQEl_hw_read12skillcheck_mobilenetv4_conv_small_620x420/conv34) >> (PostInferEl12skillcheck_mobilenetv4_conv_small_620x420/conv34 | Quantization - src_type: UINT8, dst_type FLOAT32, limvals_min: -4.71844, limvals_max: 4.46631 | Reorder - src_order: FCR, src_shape: (1, 1, 16), dst_order: FCR, dst_shape: (1, 1, 12)) >> (UserBuffQEl12skillcheck_mobilenetv4_conv_small_620x420/conv34 | timeout: 10s)
[2025-10-03 15:08:25.725] [10542] [HailoRT] [info] [queue_elements.cpp:855] [run_in_thread] Shutdown event was signaled in dequeue of UserBuffQEl12skillcheck_mobilenetv4_conv_small_620x420/conv34!
[2025-10-03 15:08:25.725] [10541] [HailoRT] [info] [vdevice_native_stream.cpp:331] [read_impl] Failed read from stream HAILO_STREAM_ABORT(63) (device: 0001:01:00.0)
[2025-10-03 15:08:25.725] [10541] [HailoRT] [info] [edge_elements.cpp:396] [run_pull] Reading from stream was aborted!
[2025-10-03 15:08:25.725] [10541] [HailoRT] [info] [queue_elements.cpp:738] [run_in_thread] run_pull of queue element PullQEl_hw_read12skillcheck_mobilenetv4_conv_small_620x420/conv34 was aborted!
[2025-10-03 15:08:25.726] [10541] [HailoRT] [info] [queue_elements.cpp:68] [operator()] Thread in element PullQEl_hw_read12skillcheck_mobilenetv4_conv_small_620x420/conv34 is not running anymore, exiting..
[2025-10-03 15:08:25.726] [10487] [HailoRT] [info] [queue_elements.cpp:46] [~BaseQueueElement] Queue element PullQEl_hw_read12skillcheck_mobilenetv4_conv_small_620x420/conv34 has 0 frames in his Queue on destruction
[2025-10-03 15:08:25.726] [10542] [HailoRT] [info] [queue_elements.cpp:68] [operator()] Thread in element UserBuffQEl12skillcheck_mobilenetv4_conv_small_620x420/conv34 is not running anymore, exiting..
[2025-10-03 15:08:25.726] [10487] [HailoRT] [info] [queue_elements.cpp:46] [~BaseQueueElement] Queue element UserBuffQEl12skillcheck_mobilenetv4_conv_small_620x420/conv34 has 0 frames in his Queue on destruction
[2025-10-03 15:08:25.726] [10487] [HailoRT] [info] [core_op.cpp:186] [deactivate] Deactivating took 0.428836 ms
[2025-10-03 15:08:25.726] [10487] [HailoRT] [info] [core_op.cpp:186] [deactivate] Deactivating took 0.44841 ms
[2025-10-03 15:11:34.546] [14356] [HailoRT] [info] [hef.cpp:1994] [get_network_group_and_network_name] No name was given. Addressing all networks of default network_group: skillcheck_mobilenetv4_conv_small_620x420
[2025-10-03 15:11:34.546] [14356] [HailoRT] [info] [hef.cpp:1994] [get_network_group_and_network_name] No name was given. Addressing all networks of default network_group: skillcheck_mobilenetv4_conv_small_620x420
[2025-10-03 15:11:34.692] [14356] [HailoRT] [info] [vdevice.cpp:535] [create] Creating vdevice with params: device_count: 1, scheduling_algorithm: NONE, multi_process_service: false
[2025-10-03 15:11:34.705] [14356] [HailoRT] [info] [device.cpp:51] [Device] OS Version: Linux 6.12.47+rpt-rpi-2712 #1 SMP PREEMPT Debian 1:6.12.47-1+rpt1~bookworm (2025-09-16) aarch64
[2025-10-03 15:11:34.705] [14356] [HailoRT] [info] [control.cpp:113] [control__parse_identify_results] firmware_version is: 4.23.0
[2025-10-03 15:11:34.705] [14356] [HailoRT] [info] [vdevice.cpp:682] [create] VDevice Infos: 0001:01:00.0
[2025-10-03 15:11:34.713] [14356] [HailoRT] [info] [buffer_requirements.cpp:198] [find_initial_desc_page_size] Using non-default initial_desc_page_size of 64, due to a small transfer size (16)
[2025-10-03 15:11:34.714] [14356] [HailoRT] [info] [internal_buffer_manager.cpp:75] [print_execution_results] Default Internal buffer planner failed to meet requirements
[2025-10-03 15:11:34.714] [14356] [HailoRT] [info] [internal_buffer_manager.cpp:86] [print_execution_results] Default Internal buffer planner executed successfully
[2025-10-03 15:11:34.724] [14356] [HailoRT] [info] [device_internal.cpp:57] [configure] Configuring HEF took 18.07536 milliseconds
[2025-10-03 15:11:34.725] [14356] [HailoRT] [info] [vdevice.cpp:780] [configure] Configuring HEF on VDevice took 19.013228 milliseconds
[2025-10-03 15:11:34.726] [14356] [HailoRT] [info] [core_op.cpp:156] [activate] Activating skillcheck_mobilenetv4_conv_small_620x420 took 0.547621 milliseconds. Note that the function is asynchronous and thus the network is not fully activated yet.
[2025-10-03 15:11:34.727] [14356] [HailoRT] [info] [core_op.cpp:156] [activate] Activating skillcheck_mobilenetv4_conv_small_620x420 took 0.616659 milliseconds. Note that the function is asynchronous and thus the network is not fully activated yet.
[2025-10-03 15:11:34.727] [14356] [HailoRT] [info] [edge_elements.cpp:52] [create] Created (HwWriteEl13skillcheck_mobilenetv4_conv_small_620x420/input_layer1 | hw_frame_size: 781200)
[2025-10-03 15:11:34.727] [14356] [HailoRT] [info] [vstream.cpp:754] [InputVStreamImpl] Creating skillcheck_mobilenetv4_conv_small_620x420/input_layer1...
[2025-10-03 15:11:34.727] [14356] [HailoRT] [info] [vstream_builder.cpp:102] [create_inputs] Input pipeline 'skillcheck_mobilenetv4_conv_small_620x420/input_layer1': (HwWriteEl13skillcheck_mobilenetv4_conv_small_620x420/input_layer1 | hw_frame_size: 781200) >> HW
[2025-10-03 15:11:34.727] [14356] [HailoRT] [info] [edge_elements.cpp:287] [create] Created (HwReadEl12skillcheck_mobilenetv4_conv_small_620x420/conv34 | hw_frame_size: 16)
[2025-10-03 15:11:34.728] [14356] [HailoRT] [info] [queue_elements.cpp:657] [create] Created (PullQEl_hw_read12skillcheck_mobilenetv4_conv_small_620x420/conv34)
[2025-10-03 15:11:34.728] [14356] [HailoRT] [info] [filter_elements.cpp:372] [create] Created (PostInferEl12skillcheck_mobilenetv4_conv_small_620x420/conv34 | Quantization - src_type: UINT8, dst_type FLOAT32, limvals_min: -4.71844, limvals_max: 4.46631 | Reorder - src_order: FCR, src_shape: (1, 1, 16), dst_order: FCR, dst_shape: (1, 1, 12))
[2025-10-03 15:11:34.728] [14356] [HailoRT] [info] [queue_elements.cpp:800] [create] Created (UserBuffQEl12skillcheck_mobilenetv4_conv_small_620x420/conv34 | timeout: 10s)
[2025-10-03 15:11:34.729] [14356] [HailoRT] [info] [vstream.cpp:1114] [OutputVStreamImpl] Creating skillcheck_mobilenetv4_conv_small_620x420/conv34...
[2025-10-03 15:11:34.729] [14356] [HailoRT] [info] [vstream_builder.cpp:220] [create_outputs] Output pipeline 'skillcheck_mobilenetv4_conv_small_620x420/conv34': HW >> (HwReadEl12skillcheck_mobilenetv4_conv_small_620x420/conv34 | hw_frame_size: 16) >> (PullQEl_hw_read12skillcheck_mobilenetv4_conv_small_620x420/conv34) >> (PostInferEl12skillcheck_mobilenetv4_conv_small_620x420/conv34 | Quantization - src_type: UINT8, dst_type FLOAT32, limvals_min: -4.71844, limvals_max: 4.46631 | Reorder - src_order: FCR, src_shape: (1, 1, 16), dst_order: FCR, dst_shape: (1, 1, 12)) >> (UserBuffQEl12skillcheck_mobilenetv4_conv_small_620x420/conv34 | timeout: 10s)
[2025-10-03 16:35:31.072] [14364] [HailoRT] [info] [queue_elements.cpp:855] [run_in_thread] Shutdown event was signaled in dequeue of UserBuffQEl12skillcheck_mobilenetv4_conv_small_620x420/conv34!
[2025-10-03 16:35:31.072] [14363] [HailoRT] [info] [vdevice_native_stream.cpp:331] [read_impl] Failed read from stream HAILO_STREAM_ABORT(63) (device: 0001:01:00.0)
[2025-10-03 16:35:31.072] [14363] [HailoRT] [info] [edge_elements.cpp:396] [run_pull] Reading from stream was aborted!
[2025-10-03 16:35:31.072] [14363] [HailoRT] [info] [queue_elements.cpp:738] [run_in_thread] run_pull of queue element PullQEl_hw_read12skillcheck_mobilenetv4_conv_small_620x420/conv34 was aborted!
[2025-10-03 16:35:31.072] [14363] [HailoRT] [info] [queue_elements.cpp:68] [operator()] Thread in element PullQEl_hw_read12skillcheck_mobilenetv4_conv_small_620x420/conv34 is not running anymore, exiting..
[2025-10-03 16:35:31.072] [14356] [HailoRT] [info] [queue_elements.cpp:46] [~BaseQueueElement] Queue element PullQEl_hw_read12skillcheck_mobilenetv4_conv_small_620x420/conv34 has 0 frames in his Queue on destruction
[2025-10-03 16:35:31.072] [14364] [HailoRT] [info] [queue_elements.cpp:68] [operator()] Thread in element UserBuffQEl12skillcheck_mobilenetv4_conv_small_620x420/conv34 is not running anymore, exiting..
[2025-10-03 16:35:31.072] [14356] [HailoRT] [info] [queue_elements.cpp:46] [~BaseQueueElement] Queue element UserBuffQEl12skillcheck_mobilenetv4_conv_small_620x420/conv34 has 0 frames in his Queue on destruction
[2025-10-03 16:35:31.073] [14356] [HailoRT] [info] [core_op.cpp:186] [deactivate] Deactivating took 0.379837 ms
[2025-10-03 16:35:31.073] [14356] [HailoRT] [info] [core_op.cpp:186] [deactivate] Deactivating took 0.388615 ms
[2025-10-03 20:46:17.047] [14356] [HailoRT] [info] [hef.cpp:1994] [get_network_group_and_network_name] No name was given. Addressing all networks of default network_group: skillcheck_mobilenetv4_conv_small_620x420
[2025-10-03 20:46:17.047] [14356] [HailoRT] [info] [hef.cpp:1994] [get_network_group_and_network_name] No name was given. Addressing all networks of default network_group: skillcheck_mobilenetv4_conv_small_620x420
[2025-10-03 20:46:17.205] [14356] [HailoRT] [info] [vdevice.cpp:535] [create] Creating vdevice with params: device_count: 1, scheduling_algorithm: NONE, multi_process_service: false
[2025-10-03 20:46:17.217] [14356] [HailoRT] [info] [device.cpp:51] [Device] OS Version: Linux 6.12.47+rpt-rpi-2712 #1 SMP PREEMPT Debian 1:6.12.47-1+rpt1~bookworm (2025-09-16) aarch64
[2025-10-03 20:46:17.217] [14356] [HailoRT] [info] [control.cpp:113] [control__parse_identify_results] firmware_version is: 4.23.0
[2025-10-03 20:46:17.217] [14356] [HailoRT] [info] [vdevice.cpp:682] [create] VDevice Infos: 0001:01:00.0
[2025-10-03 20:46:17.226] [14356] [HailoRT] [info] [buffer_requirements.cpp:198] [find_initial_desc_page_size] Using non-default initial_desc_page_size of 64, due to a small transfer size (16)
[2025-10-03 20:46:17.226] [14356] [HailoRT] [info] [internal_buffer_manager.cpp:75] [print_execution_results] Default Internal buffer planner failed to meet requirements
[2025-10-03 20:46:17.226] [14356] [HailoRT] [info] [internal_buffer_manager.cpp:86] [print_execution_results] Default Internal buffer planner executed successfully
[2025-10-03 20:46:17.238] [14356] [HailoRT] [info] [device_internal.cpp:57] [configure] Configuring HEF took 17.733554 milliseconds
[2025-10-03 20:46:17.238] [14356] [HailoRT] [info] [vdevice.cpp:780] [configure] Configuring HEF on VDevice took 18.159611 milliseconds
[2025-10-03 20:46:17.241] [14356] [HailoRT] [info] [core_op.cpp:156] [activate] Activating skillcheck_mobilenetv4_conv_small_620x420 took 0.293576 milliseconds. Note that the function is asynchronous and thus the network is not fully activated yet.
[2025-10-03 20:46:17.241] [14356] [HailoRT] [info] [core_op.cpp:156] [activate] Activating skillcheck_mobilenetv4_conv_small_620x420 took 0.336261 milliseconds. Note that the function is asynchronous and thus the network is not fully activated yet.
[2025-10-03 20:46:17.242] [14356] [HailoRT] [info] [edge_elements.cpp:52] [create] Created (HwWriteEl13skillcheck_mobilenetv4_conv_small_620x420/input_layer1 | hw_frame_size: 781200)
[2025-10-03 20:46:17.242] [14356] [HailoRT] [info] [vstream.cpp:754] [InputVStreamImpl] Creating skillcheck_mobilenetv4_conv_small_620x420/input_layer1...
[2025-10-03 20:46:17.242] [14356] [HailoRT] [info] [vstream_builder.cpp:102] [create_inputs] Input pipeline 'skillcheck_mobilenetv4_conv_small_620x420/input_layer1': (HwWriteEl13skillcheck_mobilenetv4_conv_small_620x420/input_layer1 | hw_frame_size: 781200) >> HW
[2025-10-03 20:46:17.242] [14356] [HailoRT] [info] [edge_elements.cpp:287] [create] Created (HwReadEl12skillcheck_mobilenetv4_conv_small_620x420/conv34 | hw_frame_size: 16)
[2025-10-03 20:46:17.243] [14356] [HailoRT] [info] [queue_elements.cpp:657] [create] Created (PullQEl_hw_read12skillcheck_mobilenetv4_conv_small_620x420/conv34)
[2025-10-03 20:46:17.243] [14356] [HailoRT] [info] [filter_elements.cpp:372] [create] Created (PostInferEl12skillcheck_mobilenetv4_conv_small_620x420/conv34 | Quantization - src_type: UINT8, dst_type FLOAT32, limvals_min: -4.71844, limvals_max: 4.46631 | Reorder - src_order: FCR, src_shape: (1, 1, 16), dst_order: FCR, dst_shape: (1, 1, 12))
[2025-10-03 20:46:17.243] [14356] [HailoRT] [info] [queue_elements.cpp:800] [create] Created (UserBuffQEl12skillcheck_mobilenetv4_conv_small_620x420/conv34 | timeout: 10s)
[2025-10-03 20:46:17.243] [14356] [HailoRT] [info] [vstream.cpp:1114] [OutputVStreamImpl] Creating skillcheck_mobilenetv4_conv_small_620x420/conv34...
[2025-10-03 20:46:17.243] [14356] [HailoRT] [info] [vstream_builder.cpp:220] [create_outputs] Output pipeline 'skillcheck_mobilenetv4_conv_small_620x420/conv34': HW >> (HwReadEl12skillcheck_mobilenetv4_conv_small_620x420/conv34 | hw_frame_size: 16) >> (PullQEl_hw_read12skillcheck_mobilenetv4_conv_small_620x420/conv34) >> (PostInferEl12skillcheck_mobilenetv4_conv_small_620x420/conv34 | Quantization - src_type: UINT8, dst_type FLOAT32, limvals_min: -4.71844, limvals_max: 4.46631 | Reorder - src_order: FCR, src_shape: (1, 1, 16), dst_order: FCR, dst_shape: (1, 1, 12)) >> (UserBuffQEl12skillcheck_mobilenetv4_conv_small_620x420/conv34 | timeout: 10s)
[2025-10-03 20:50:20.313] [612351] [HailoRT] [info] [queue_elements.cpp:855] [run_in_thread] Shutdown event was signaled in dequeue of UserBuffQEl12skillcheck_mobilenetv4_conv_small_620x420/conv34!
[2025-10-03 20:50:20.313] [612350] [HailoRT] [info] [vdevice_native_stream.cpp:331] [read_impl] Failed read from stream HAILO_STREAM_ABORT(63) (device: 0001:01:00.0)
[2025-10-03 20:50:20.313] [612350] [HailoRT] [info] [edge_elements.cpp:396] [run_pull] Reading from stream was aborted!
[2025-10-03 20:50:20.313] [612350] [HailoRT] [info] [queue_elements.cpp:738] [run_in_thread] run_pull of queue element PullQEl_hw_read12skillcheck_mobilenetv4_conv_small_620x420/conv34 was aborted!
[2025-10-03 20:50:20.313] [612350] [HailoRT] [info] [queue_elements.cpp:68] [operator()] Thread in element PullQEl_hw_read12skillcheck_mobilenetv4_conv_small_620x420/conv34 is not running anymore, exiting..
[2025-10-03 20:50:20.313] [14356] [HailoRT] [info] [queue_elements.cpp:46] [~BaseQueueElement] Queue element PullQEl_hw_read12skillcheck_mobilenetv4_conv_small_620x420/conv34 has 0 frames in his Queue on destruction
[2025-10-03 20:50:20.313] [612351] [HailoRT] [info] [queue_elements.cpp:68] [operator()] Thread in element UserBuffQEl12skillcheck_mobilenetv4_conv_small_620x420/conv34 is not running anymore, exiting..
[2025-10-03 20:50:20.313] [14356] [HailoRT] [info] [queue_elements.cpp:46] [~BaseQueueElement] Queue element UserBuffQEl12skillcheck_mobilenetv4_conv_small_620x420/conv34 has 0 frames in his Queue on destruction
[2025-10-03 20:50:20.314] [14356] [HailoRT] [info] [core_op.cpp:186] [deactivate] Deactivating took 0.374391 ms
[2025-10-03 20:50:20.314] [14356] [HailoRT] [info] [core_op.cpp:186] [deactivate] Deactivating took 0.383576 ms
[2025-10-03 20:58:17.183] [14356] [HailoRT] [info] [hef.cpp:1994] [get_network_group_and_network_name] No name was given. Addressing all networks of default network_group: skillcheck_mobilenetv4_conv_small_620x420
[2025-10-03 20:58:17.183] [14356] [HailoRT] [info] [hef.cpp:1994] [get_network_group_and_network_name] No name was given. Addressing all networks of default network_group: skillcheck_mobilenetv4_conv_small_620x420
[2025-10-03 20:58:17.333] [14356] [HailoRT] [info] [vdevice.cpp:535] [create] Creating vdevice with params: device_count: 1, scheduling_algorithm: NONE, multi_process_service: false
[2025-10-03 20:58:17.346] [14356] [HailoRT] [info] [device.cpp:51] [Device] OS Version: Linux 6.12.47+rpt-rpi-2712 #1 SMP PREEMPT Debian 1:6.12.47-1+rpt1~bookworm (2025-09-16) aarch64
[2025-10-03 20:58:17.346] [14356] [HailoRT] [info] [control.cpp:113] [control__parse_identify_results] firmware_version is: 4.23.0
[2025-10-03 20:58:17.346] [14356] [HailoRT] [info] [vdevice.cpp:682] [create] VDevice Infos: 0001:01:00.0
[2025-10-03 20:58:17.352] [14356] [HailoRT] [info] [buffer_requirements.cpp:198] [find_initial_desc_page_size] Using non-default initial_desc_page_size of 64, due to a small transfer size (16)
[2025-10-03 20:58:17.352] [14356] [HailoRT] [info] [internal_buffer_manager.cpp:75] [print_execution_results] Default Internal buffer planner failed to meet requirements
[2025-10-03 20:58:17.352] [14356] [HailoRT] [info] [internal_buffer_manager.cpp:86] [print_execution_results] Default Internal buffer planner executed successfully
[2025-10-03 20:58:17.364] [14356] [HailoRT] [info] [device_internal.cpp:57] [configure] Configuring HEF took 17.25956 milliseconds
[2025-10-03 20:58:17.364] [14356] [HailoRT] [info] [vdevice.cpp:780] [configure] Configuring HEF on VDevice took 17.602358 milliseconds
[2025-10-03 20:58:17.368] [14356] [HailoRT] [info] [core_op.cpp:156] [activate] Activating skillcheck_mobilenetv4_conv_small_620x420 took 0.660912 milliseconds. Note that the function is asynchronous and thus the network is not fully activated yet.
[2025-10-03 20:58:17.368] [14356] [HailoRT] [info] [core_op.cpp:156] [activate] Activating skillcheck_mobilenetv4_conv_small_620x420 took 0.681616 milliseconds. Note that the function is asynchronous and thus the network is not fully activated yet.
[2025-10-03 20:58:17.368] [14356] [HailoRT] [info] [edge_elements.cpp:52] [create] Created (HwWriteEl13skillcheck_mobilenetv4_conv_small_620x420/input_layer1 | hw_frame_size: 781200)
[2025-10-03 20:58:17.368] [14356] [HailoRT] [info] [vstream.cpp:754] [InputVStreamImpl] Creating skillcheck_mobilenetv4_conv_small_620x420/input_layer1...
[2025-10-03 20:58:17.368] [14356] [HailoRT] [info] [vstream_builder.cpp:102] [create_inputs] Input pipeline 'skillcheck_mobilenetv4_conv_small_620x420/input_layer1': (HwWriteEl13skillcheck_mobilenetv4_conv_small_620x420/input_layer1 | hw_frame_size: 781200) >> HW
[2025-10-03 20:58:17.368] [14356] [HailoRT] [info] [edge_elements.cpp:287] [create] Created (HwReadEl12skillcheck_mobilenetv4_conv_small_620x420/conv34 | hw_frame_size: 16)
[2025-10-03 20:58:17.368] [14356] [HailoRT] [info] [queue_elements.cpp:657] [create] Created (PullQEl_hw_read12skillcheck_mobilenetv4_conv_small_620x420/conv34)
[2025-10-03 20:58:17.368] [14356] [HailoRT] [info] [filter_elements.cpp:372] [create] Created (PostInferEl12skillcheck_mobilenetv4_conv_small_620x420/conv34 | Quantization - src_type: UINT8, dst_type FLOAT32, limvals_min: -4.71844, limvals_max: 4.46631 | Reorder - src_order: FCR, src_shape: (1, 1, 16), dst_order: FCR, dst_shape: (1, 1, 12))
[2025-10-03 20:58:17.368] [14356] [HailoRT] [info] [queue_elements.cpp:800] [create] Created (UserBuffQEl12skillcheck_mobilenetv4_conv_small_620x420/conv34 | timeout: 10s)
[2025-10-03 20:58:17.368] [14356] [HailoRT] [info] [vstream.cpp:1114] [OutputVStreamImpl] Creating skillcheck_mobilenetv4_conv_small_620x420/conv34...
[2025-10-03 20:58:17.368] [14356] [HailoRT] [info] [vstream_builder.cpp:220] [create_outputs] Output pipeline 'skillcheck_mobilenetv4_conv_small_620x420/conv34': HW >> (HwReadEl12skillcheck_mobilenetv4_conv_small_620x420/conv34 | hw_frame_size: 16) >> (PullQEl_hw_read12skillcheck_mobilenetv4_conv_small_620x420/conv34) >> (PostInferEl12skillcheck_mobilenetv4_conv_small_620x420/conv34 | Quantization - src_type: UINT8, dst_type FLOAT32, limvals_min: -4.71844, limvals_max: 4.46631 | Reorder - src_order: FCR, src_shape: (1, 1, 16), dst_order: FCR, dst_shape: (1, 1, 12)) >> (UserBuffQEl12skillcheck_mobilenetv4_conv_small_620x420/conv34 | timeout: 10s)
[2025-10-03 21:33:18.860] [641470] [HailoRT] [info] [vdevice_native_stream.cpp:331] [read_impl] Failed read from stream HAILO_STREAM_ABORT(63) (device: 0001:01:00.0)
[2025-10-03 21:33:18.860] [641470] [HailoRT] [info] [edge_elements.cpp:396] [run_pull] Reading from stream was aborted!
[2025-10-03 21:33:18.860] [641470] [HailoRT] [info] [queue_elements.cpp:738] [run_in_thread] run_pull of queue element PullQEl_hw_read12skillcheck_mobilenetv4_conv_small_620x420/conv34 was aborted!
[2025-10-03 21:33:18.860] [641471] [HailoRT] [info] [queue_elements.cpp:855] [run_in_thread] Shutdown event was signaled in dequeue of UserBuffQEl12skillcheck_mobilenetv4_conv_small_620x420/conv34!
[2025-10-03 21:33:18.860] [641470] [HailoRT] [info] [queue_elements.cpp:68] [operator()] Thread in element PullQEl_hw_read12skillcheck_mobilenetv4_conv_small_620x420/conv34 is not running anymore, exiting..
[2025-10-03 21:33:18.860] [14356] [HailoRT] [info] [queue_elements.cpp:46] [~BaseQueueElement] Queue element PullQEl_hw_read12skillcheck_mobilenetv4_conv_small_620x420/conv34 has 0 frames in his Queue on destruction
[2025-10-03 21:33:18.860] [641471] [HailoRT] [info] [queue_elements.cpp:68] [operator()] Thread in element UserBuffQEl12skillcheck_mobilenetv4_conv_small_620x420/conv34 is not running anymore, exiting..
[2025-10-03 21:33:18.860] [14356] [HailoRT] [info] [queue_elements.cpp:46] [~BaseQueueElement] Queue element UserBuffQEl12skillcheck_mobilenetv4_conv_small_620x420/conv34 has 0 frames in his Queue on destruction
[2025-10-03 21:33:18.861] [14356] [HailoRT] [info] [core_op.cpp:186] [deactivate] Deactivating took 0.376337 ms
[2025-10-03 21:33:18.861] [14356] [HailoRT] [info] [core_op.cpp:186] [deactivate] Deactivating took 0.384874 ms
[2025-10-03 21:42:44.078] [3126] [HailoRT] [info] [hef.cpp:1994] [get_network_group_and_network_name] No name was given. Addressing all networks of default network_group: skillcheck_mobilenetv4_conv_small_620x420
[2025-10-03 21:42:44.078] [3126] [HailoRT] [info] [hef.cpp:1994] [get_network_group_and_network_name] No name was given. Addressing all networks of default network_group: skillcheck_mobilenetv4_conv_small_620x420
[2025-10-03 21:42:44.570] [3126] [HailoRT] [info] [vdevice.cpp:535] [create] Creating vdevice with params: device_count: 1, scheduling_algorithm: NONE, multi_process_service: false
[2025-10-03 21:42:44.581] [3126] [HailoRT] [info] [device.cpp:51] [Device] OS Version: Linux 6.12.47+rpt-rpi-2712 #1 SMP PREEMPT Debian 1:6.12.47-1+rpt1~bookworm (2025-09-16) aarch64
[2025-10-03 21:42:44.582] [3126] [HailoRT] [info] [control.cpp:113] [control__parse_identify_results] firmware_version is: 4.23.0
[2025-10-03 21:42:44.582] [3126] [HailoRT] [info] [vdevice.cpp:682] [create] VDevice Infos: 0001:01:00.0
[2025-10-03 21:42:44.589] [3126] [HailoRT] [info] [buffer_requirements.cpp:198] [find_initial_desc_page_size] Using non-default initial_desc_page_size of 64, due to a small transfer size (16)
[2025-10-03 21:42:44.589] [3126] [HailoRT] [info] [internal_buffer_manager.cpp:75] [print_execution_results] Default Internal buffer planner failed to meet requirements
[2025-10-03 21:42:44.589] [3126] [HailoRT] [info] [internal_buffer_manager.cpp:86] [print_execution_results] Default Internal buffer planner executed successfully
[2025-10-03 21:42:44.611] [3126] [HailoRT] [info] [device_internal.cpp:57] [configure] Configuring HEF took 29.110179 milliseconds
[2025-10-03 21:42:44.614] [3126] [HailoRT] [info] [vdevice.cpp:780] [configure] Configuring HEF on VDevice took 31.992901 milliseconds
[2025-10-03 21:42:44.614] [3126] [HailoRT] [info] [core_op.cpp:156] [activate] Activating skillcheck_mobilenetv4_conv_small_620x420 took 0.254458 milliseconds. Note that the function is asynchronous and thus the network is not fully activated yet.
[2025-10-03 21:42:44.614] [3126] [HailoRT] [info] [core_op.cpp:156] [activate] Activating skillcheck_mobilenetv4_conv_small_620x420 took 0.288587 milliseconds. Note that the function is asynchronous and thus the network is not fully activated yet.
[2025-10-03 21:42:44.615] [3126] [HailoRT] [info] [edge_elements.cpp:52] [create] Created (HwWriteEl13skillcheck_mobilenetv4_conv_small_620x420/input_layer1 | hw_frame_size: 781200)
[2025-10-03 21:42:44.615] [3126] [HailoRT] [info] [vstream.cpp:754] [InputVStreamImpl] Creating skillcheck_mobilenetv4_conv_small_620x420/input_layer1...
[2025-10-03 21:42:44.615] [3126] [HailoRT] [info] [vstream_builder.cpp:102] [create_inputs] Input pipeline 'skillcheck_mobilenetv4_conv_small_620x420/input_layer1': (HwWriteEl13skillcheck_mobilenetv4_conv_small_620x420/input_layer1 | hw_frame_size: 781200) >> HW
[2025-10-03 21:42:44.615] [3126] [HailoRT] [info] [edge_elements.cpp:287] [create] Created (HwReadEl12skillcheck_mobilenetv4_conv_small_620x420/conv34 | hw_frame_size: 16)
[2025-10-03 21:42:44.615] [3126] [HailoRT] [info] [queue_elements.cpp:657] [create] Created (PullQEl_hw_read12skillcheck_mobilenetv4_conv_small_620x420/conv34)
[2025-10-03 21:42:44.616] [3126] [HailoRT] [info] [filter_elements.cpp:372] [create] Created (PostInferEl12skillcheck_mobilenetv4_conv_small_620x420/conv34 | Quantization - src_type: UINT8, dst_type FLOAT32, limvals_min: -4.71844, limvals_max: 4.46631 | Reorder - src_order: FCR, src_shape: (1, 1, 16), dst_order: FCR, dst_shape: (1, 1, 12))
[2025-10-03 21:42:44.616] [3126] [HailoRT] [info] [queue_elements.cpp:800] [create] Created (UserBuffQEl12skillcheck_mobilenetv4_conv_small_620x420/conv34 | timeout: 10s)
[2025-10-03 21:42:44.616] [3126] [HailoRT] [info] [vstream.cpp:1114] [OutputVStreamImpl] Creating skillcheck_mobilenetv4_conv_small_620x420/conv34...
[2025-10-03 21:42:44.616] [3126] [HailoRT] [info] [vstream_builder.cpp:220] [create_outputs] Output pipeline 'skillcheck_mobilenetv4_conv_small_620x420/conv34': HW >> (HwReadEl12skillcheck_mobilenetv4_conv_small_620x420/conv34 | hw_frame_size: 16) >> (PullQEl_hw_read12skillcheck_mobilenetv4_conv_small_620x420/conv34) >> (PostInferEl12skillcheck_mobilenetv4_conv_small_620x420/conv34 | Quantization - src_type: UINT8, dst_type FLOAT32, limvals_min: -4.71844, limvals_max: 4.46631 | Reorder - src_order: FCR, src_shape: (1, 1, 16), dst_order: FCR, dst_shape: (1, 1, 12)) >> (UserBuffQEl12skillcheck_mobilenetv4_conv_small_620x420/conv34 | timeout: 10s)
[2025-10-03 22:16:11.571] [3266] [HailoRT] [info] [vdevice_native_stream.cpp:331] [read_impl] Failed read from stream HAILO_STREAM_ABORT(63) (device: 0001:01:00.0)
[2025-10-03 22:16:11.571] [3266] [HailoRT] [info] [edge_elements.cpp:396] [run_pull] Reading from stream was aborted!
[2025-10-03 22:16:11.571] [3266] [HailoRT] [info] [queue_elements.cpp:738] [run_in_thread] run_pull of queue element PullQEl_hw_read12skillcheck_mobilenetv4_conv_small_620x420/conv34 was aborted!
[2025-10-03 22:16:11.571] [3267] [HailoRT] [info] [queue_elements.cpp:855] [run_in_thread] Shutdown event was signaled in dequeue of UserBuffQEl12skillcheck_mobilenetv4_conv_small_620x420/conv34!
[2025-10-03 22:16:11.571] [3266] [HailoRT] [info] [queue_elements.cpp:68] [operator()] Thread in element PullQEl_hw_read12skillcheck_mobilenetv4_conv_small_620x420/conv34 is not running anymore, exiting..
[2025-10-03 22:16:11.571] [3126] [HailoRT] [info] [queue_elements.cpp:46] [~BaseQueueElement] Queue element PullQEl_hw_read12skillcheck_mobilenetv4_conv_small_620x420/conv34 has 0 frames in his Queue on destruction
[2025-10-03 22:16:11.571] [3267] [HailoRT] [info] [queue_elements.cpp:68] [operator()] Thread in element UserBuffQEl12skillcheck_mobilenetv4_conv_small_620x420/conv34 is not running anymore, exiting..
[2025-10-03 22:16:11.571] [3126] [HailoRT] [info] [queue_elements.cpp:46] [~BaseQueueElement] Queue element UserBuffQEl12skillcheck_mobilenetv4_conv_small_620x420/conv34 has 0 frames in his Queue on destruction
[2025-10-03 22:16:11.572] [3126] [HailoRT] [info] [core_op.cpp:186] [deactivate] Deactivating took 0.417257 ms
[2025-10-03 22:16:11.572] [3126] [HailoRT] [info] [core_op.cpp:186] [deactivate] Deactivating took 0.436961 ms
[2025-10-04 14:03:52.904] [245139] [HailoRT] [info] [hef.cpp:1994] [get_network_group_and_network_name] No name was given. Addressing all networks of default network_group: skillcheck_mobilenetv4_conv_small_620x420
[2025-10-04 14:03:52.904] [245139] [HailoRT] [info] [hef.cpp:1994] [get_network_group_and_network_name] No name was given. Addressing all networks of default network_group: skillcheck_mobilenetv4_conv_small_620x420
[2025-10-04 14:03:53.049] [245139] [HailoRT] [info] [vdevice.cpp:535] [create] Creating vdevice with params: device_count: 1, scheduling_algorithm: NONE, multi_process_service: false
[2025-10-04 14:03:53.061] [245139] [HailoRT] [info] [device.cpp:51] [Device] OS Version: Linux 6.12.47+rpt-rpi-2712 #1 SMP PREEMPT Debian 1:6.12.47-1+rpt1~bookworm (2025-09-16) aarch64
[2025-10-04 14:03:53.061] [245139] [HailoRT] [info] [control.cpp:113] [control__parse_identify_results] firmware_version is: 4.23.0
[2025-10-04 14:03:53.061] [245139] [HailoRT] [info] [vdevice.cpp:682] [create] VDevice Infos: 0001:01:00.0
[2025-10-04 14:03:53.070] [245139] [HailoRT] [info] [buffer_requirements.cpp:198] [find_initial_desc_page_size] Using non-default initial_desc_page_size of 64, due to a small transfer size (16)
[2025-10-04 14:03:53.073] [245139] [HailoRT] [info] [internal_buffer_manager.cpp:75] [print_execution_results] Default Internal buffer planner failed to meet requirements
[2025-10-04 14:03:53.073] [245139] [HailoRT] [info] [internal_buffer_manager.cpp:86] [print_execution_results] Default Internal buffer planner executed successfully
[2025-10-04 14:03:53.088] [245139] [HailoRT] [info] [device_internal.cpp:57] [configure] Configuring HEF took 26.021384 milliseconds
[2025-10-04 14:03:53.088] [245139] [HailoRT] [info] [vdevice.cpp:780] [configure] Configuring HEF on VDevice took 26.349626 milliseconds
[2025-10-04 14:03:53.088] [245139] [HailoRT] [info] [core_op.cpp:156] [activate] Activating skillcheck_mobilenetv4_conv_small_620x420 took 0.247538 milliseconds. Note that the function is asynchronous and thus the network is not fully activated yet.
[2025-10-04 14:03:53.088] [245139] [HailoRT] [info] [core_op.cpp:156] [activate] Activating skillcheck_mobilenetv4_conv_small_620x420 took 0.263242 milliseconds. Note that the function is asynchronous and thus the network is not fully activated yet.
[2025-10-04 14:03:53.088] [245139] [HailoRT] [info] [edge_elements.cpp:52] [create] Created (HwWriteEl13skillcheck_mobilenetv4_conv_small_620x420/input_layer1 | hw_frame_size: 781200)
[2025-10-04 14:03:53.088] [245139] [HailoRT] [info] [vstream.cpp:754] [InputVStreamImpl] Creating skillcheck_mobilenetv4_conv_small_620x420/input_layer1...
[2025-10-04 14:03:53.088] [245139] [HailoRT] [info] [vstream_builder.cpp:102] [create_inputs] Input pipeline 'skillcheck_mobilenetv4_conv_small_620x420/input_layer1': (HwWriteEl13skillcheck_mobilenetv4_conv_small_620x420/input_layer1 | hw_frame_size: 781200) >> HW
[2025-10-04 14:03:53.088] [245139] [HailoRT] [info] [edge_elements.cpp:287] [create] Created (HwReadEl12skillcheck_mobilenetv4_conv_small_620x420/conv34 | hw_frame_size: 16)
[2025-10-04 14:03:53.089] [245139] [HailoRT] [info] [queue_elements.cpp:657] [create] Created (PullQEl_hw_read12skillcheck_mobilenetv4_conv_small_620x420/conv34)
[2025-10-04 14:03:53.089] [245139] [HailoRT] [info] [filter_elements.cpp:372] [create] Created (PostInferEl12skillcheck_mobilenetv4_conv_small_620x420/conv34 | Quantization - src_type: UINT8, dst_type FLOAT32, limvals_min: -13.2987, limvals_max: 5.54112 | Reorder - src_order: FCR, src_shape: (1, 1, 16), dst_order: FCR, dst_shape: (1, 1, 12))
[2025-10-04 14:03:53.089] [245139] [HailoRT] [info] [queue_elements.cpp:800] [create] Created (UserBuffQEl12skillcheck_mobilenetv4_conv_small_620x420/conv34 | timeout: 10s)
[2025-10-04 14:03:53.089] [245139] [HailoRT] [info] [vstream.cpp:1114] [OutputVStreamImpl] Creating skillcheck_mobilenetv4_conv_small_620x420/conv34...
[2025-10-04 14:03:53.089] [245139] [HailoRT] [info] [vstream_builder.cpp:220] [create_outputs] Output pipeline 'skillcheck_mobilenetv4_conv_small_620x420/conv34': HW >> (HwReadEl12skillcheck_mobilenetv4_conv_small_620x420/conv34 | hw_frame_size: 16) >> (PullQEl_hw_read12skillcheck_mobilenetv4_conv_small_620x420/conv34) >> (PostInferEl12skillcheck_mobilenetv4_conv_small_620x420/conv34 | Quantization - src_type: UINT8, dst_type FLOAT32, limvals_min: -13.2987, limvals_max: 5.54112 | Reorder - src_order: FCR, src_shape: (1, 1, 16), dst_order: FCR, dst_shape: (1, 1, 12)) >> (UserBuffQEl12skillcheck_mobilenetv4_conv_small_620x420/conv34 | timeout: 10s)
[2025-10-04 16:30:22.478] [245274] [HailoRT] [info] [vdevice_native_stream.cpp:331] [read_impl] Failed read from stream HAILO_STREAM_ABORT(63) (device: 0001:01:00.0)
[2025-10-04 16:30:22.478] [245274] [HailoRT] [info] [edge_elements.cpp:396] [run_pull] Reading from stream was aborted!
[2025-10-04 16:30:22.478] [245274] [HailoRT] [info] [queue_elements.cpp:738] [run_in_thread] run_pull of queue element PullQEl_hw_read12skillcheck_mobilenetv4_conv_small_620x420/conv34 was aborted!
[2025-10-04 16:30:22.478] [245275] [HailoRT] [info] [queue_elements.cpp:855] [run_in_thread] Shutdown event was signaled in dequeue of UserBuffQEl12skillcheck_mobilenetv4_conv_small_620x420/conv34!
[2025-10-04 16:30:22.478] [245274] [HailoRT] [info] [queue_elements.cpp:68] [operator()] Thread in element PullQEl_hw_read12skillcheck_mobilenetv4_conv_small_620x420/conv34 is not running anymore, exiting..
[2025-10-04 16:30:22.478] [245139] [HailoRT] [info] [queue_elements.cpp:46] [~BaseQueueElement] Queue element PullQEl_hw_read12skillcheck_mobilenetv4_conv_small_620x420/conv34 has 0 frames in his Queue on destruction
[2025-10-04 16:30:22.478] [245275] [HailoRT] [info] [queue_elements.cpp:68] [operator()] Thread in element UserBuffQEl12skillcheck_mobilenetv4_conv_small_620x420/conv34 is not running anymore, exiting..
[2025-10-04 16:30:22.478] [245139] [HailoRT] [info] [queue_elements.cpp:46] [~BaseQueueElement] Queue element UserBuffQEl12skillcheck_mobilenetv4_conv_small_620x420/conv34 has 0 frames in his Queue on destruction
[2025-10-04 16:30:22.479] [245139] [HailoRT] [info] [core_op.cpp:186] [deactivate] Deactivating took 0.380902 ms
[2025-10-04 16:30:22.479] [245139] [HailoRT] [info] [core_op.cpp:186] [deactivate] Deactivating took 0.390772 ms
[2025-10-04 17:26:46.794] [1291583] [HailoRT] [info] [hef.cpp:1994] [get_network_group_and_network_name] No name was given. Addressing all networks of default network_group: skillcheck_mobilenetv4_conv_small_620x420
[2025-10-04 17:26:46.794] [1291583] [HailoRT] [info] [hef.cpp:1994] [get_network_group_and_network_name] No name was given. Addressing all networks of default network_group: skillcheck_mobilenetv4_conv_small_620x420
[2025-10-04 17:26:47.004] [1291583] [HailoRT] [info] [vdevice.cpp:535] [create] Creating vdevice with params: device_count: 1, scheduling_algorithm: NONE, multi_process_service: false
[2025-10-04 17:26:47.017] [1291583] [HailoRT] [info] [device.cpp:51] [Device] OS Version: Linux 6.12.47+rpt-rpi-2712 #1 SMP PREEMPT Debian 1:6.12.47-1+rpt1~bookworm (2025-09-16) aarch64
[2025-10-04 17:26:47.018] [1291583] [HailoRT] [info] [control.cpp:113] [control__parse_identify_results] firmware_version is: 4.23.0
[2025-10-04 17:26:47.018] [1291583] [HailoRT] [info] [vdevice.cpp:682] [create] VDevice Infos: 0001:01:00.0
[2025-10-04 17:26:47.026] [1291583] [HailoRT] [info] [buffer_requirements.cpp:198] [find_initial_desc_page_size] Using non-default initial_desc_page_size of 64, due to a small transfer size (16)
[2025-10-04 17:26:47.029] [1291583] [HailoRT] [info] [internal_buffer_manager.cpp:75] [print_execution_results] Default Internal buffer planner failed to meet requirements
[2025-10-04 17:26:47.029] [1291583] [HailoRT] [info] [internal_buffer_manager.cpp:86] [print_execution_results] Default Internal buffer planner executed successfully
[2025-10-04 17:26:47.053] [1291583] [HailoRT] [info] [device_internal.cpp:57] [configure] Configuring HEF took 33.953426 milliseconds
[2025-10-04 17:26:47.053] [1291583] [HailoRT] [info] [vdevice.cpp:780] [configure] Configuring HEF on VDevice took 34.894228 milliseconds
[2025-10-04 17:26:47.054] [1291583] [HailoRT] [info] [core_op.cpp:156] [activate] Activating skillcheck_mobilenetv4_conv_small_620x420 took 0.242038 milliseconds. Note that the function is asynchronous and thus the network is not fully activated yet.
[2025-10-04 17:26:47.054] [1291583] [HailoRT] [info] [core_op.cpp:156] [activate] Activating skillcheck_mobilenetv4_conv_small_620x420 took 0.259538 milliseconds. Note that the function is asynchronous and thus the network is not fully activated yet.
[2025-10-04 17:26:47.054] [1291583] [HailoRT] [info] [edge_elements.cpp:52] [create] Created (HwWriteEl13skillcheck_mobilenetv4_conv_small_620x420/input_layer1 | hw_frame_size: 781200)
[2025-10-04 17:26:47.054] [1291583] [HailoRT] [info] [vstream.cpp:754] [InputVStreamImpl] Creating skillcheck_mobilenetv4_conv_small_620x420/input_layer1...
[2025-10-04 17:26:47.054] [1291583] [HailoRT] [info] [vstream_builder.cpp:102] [create_inputs] Input pipeline 'skillcheck_mobilenetv4_conv_small_620x420/input_layer1': (HwWriteEl13skillcheck_mobilenetv4_conv_small_620x420/input_layer1 | hw_frame_size: 781200) >> HW
[2025-10-04 17:26:47.054] [1291583] [HailoRT] [info] [edge_elements.cpp:287] [create] Created (HwReadEl12skillcheck_mobilenetv4_conv_small_620x420/conv34 | hw_frame_size: 16)
[2025-10-04 17:26:47.054] [1291583] [HailoRT] [info] [queue_elements.cpp:657] [create] Created (PullQEl_hw_read12skillcheck_mobilenetv4_conv_small_620x420/conv34)
[2025-10-04 17:26:47.055] [1291583] [HailoRT] [info] [filter_elements.cpp:372] [create] Created (PostInferEl12skillcheck_mobilenetv4_conv_small_620x420/conv34 | Quantization - src_type: UINT8, dst_type FLOAT32, limvals_min: -13.2987, limvals_max: 5.54112 | Reorder - src_order: FCR, src_shape: (1, 1, 16), dst_order: FCR, dst_shape: (1, 1, 12))
[2025-10-04 17:26:47.055] [1291583] [HailoRT] [info] [queue_elements.cpp:800] [create] Created (UserBuffQEl12skillcheck_mobilenetv4_conv_small_620x420/conv34 | timeout: 10s)
[2025-10-04 17:26:47.055] [1291583] [HailoRT] [info] [vstream.cpp:1114] [OutputVStreamImpl] Creating skillcheck_mobilenetv4_conv_small_620x420/conv34...
[2025-10-04 17:26:47.056] [1291583] [HailoRT] [info] [vstream_builder.cpp:220] [create_outputs] Output pipeline 'skillcheck_mobilenetv4_conv_small_620x420/conv34': HW >> (HwReadEl12skillcheck_mobilenetv4_conv_small_620x420/conv34 | hw_frame_size: 16) >> (PullQEl_hw_read12skillcheck_mobilenetv4_conv_small_620x420/conv34) >> (PostInferEl12skillcheck_mobilenetv4_conv_small_620x420/conv34 | Quantization - src_type: UINT8, dst_type FLOAT32, limvals_min: -13.2987, limvals_max: 5.54112 | Reorder - src_order: FCR, src_shape: (1, 1, 16), dst_order: FCR, dst_shape: (1, 1, 12)) >> (UserBuffQEl12skillcheck_mobilenetv4_conv_small_620x420/conv34 | timeout: 10s)
[2025-10-04 17:28:29.602] [1291636] [HailoRT] [info] [vdevice_native_stream.cpp:331] [read_impl] Failed read from stream HAILO_STREAM_ABORT(63) (device: 0001:01:00.0)
[2025-10-04 17:28:29.602] [1291636] [HailoRT] [info] [edge_elements.cpp:396] [run_pull] Reading from stream was aborted!
[2025-10-04 17:28:29.602] [1291636] [HailoRT] [info] [queue_elements.cpp:738] [run_in_thread] run_pull of queue element PullQEl_hw_read12skillcheck_mobilenetv4_conv_small_620x420/conv34 was aborted!
[2025-10-04 17:28:29.602] [1291637] [HailoRT] [info] [queue_elements.cpp:855] [run_in_thread] Shutdown event was signaled in dequeue of UserBuffQEl12skillcheck_mobilenetv4_conv_small_620x420/conv34!
[2025-10-04 17:28:29.602] [1291636] [HailoRT] [info] [queue_elements.cpp:68] [operator()] Thread in element PullQEl_hw_read12skillcheck_mobilenetv4_conv_small_620x420/conv34 is not running anymore, exiting..
[2025-10-04 17:28:29.602] [1291583] [HailoRT] [info] [queue_elements.cpp:46] [~BaseQueueElement] Queue element PullQEl_hw_read12skillcheck_mobilenetv4_conv_small_620x420/conv34 has 0 frames in his Queue on destruction
[2025-10-04 17:28:29.602] [1291637] [HailoRT] [info] [queue_elements.cpp:68] [operator()] Thread in element UserBuffQEl12skillcheck_mobilenetv4_conv_small_620x420/conv34 is not running anymore, exiting..
[2025-10-04 17:28:29.602] [1291583] [HailoRT] [info] [queue_elements.cpp:46] [~BaseQueueElement] Queue element UserBuffQEl12skillcheck_mobilenetv4_conv_small_620x420/conv34 has 0 frames in his Queue on destruction
[2025-10-04 17:28:29.602] [1291583] [HailoRT] [info] [core_op.cpp:186] [deactivate] Deactivating took 0.386466 ms
[2025-10-04 17:28:29.602] [1291583] [HailoRT] [info] [core_op.cpp:186] [deactivate] Deactivating took 0.395891 ms
[2025-10-04 17:37:25.536] [1291583] [HailoRT] [info] [hef.cpp:1994] [get_network_group_and_network_name] No name was given. Addressing all networks of default network_group: skillcheck_mobilenetv4_conv_small_620x420
[2025-10-04 17:37:25.536] [1291583] [HailoRT] [info] [hef.cpp:1994] [get_network_group_and_network_name] No name was given. Addressing all networks of default network_group: skillcheck_mobilenetv4_conv_small_620x420
[2025-10-04 17:37:25.669] [1291583] [HailoRT] [info] [vdevice.cpp:535] [create] Creating vdevice with params: device_count: 1, scheduling_algorithm: NONE, multi_process_service: false
[2025-10-04 17:37:25.681] [1291583] [HailoRT] [info] [device.cpp:51] [Device] OS Version: Linux 6.12.47+rpt-rpi-2712 #1 SMP PREEMPT Debian 1:6.12.47-1+rpt1~bookworm (2025-09-16) aarch64
[2025-10-04 17:37:25.681] [1291583] [HailoRT] [info] [control.cpp:113] [control__parse_identify_results] firmware_version is: 4.23.0
[2025-10-04 17:37:25.681] [1291583] [HailoRT] [info] [vdevice.cpp:682] [create] VDevice Infos: 0001:01:00.0
[2025-10-04 17:37:25.688] [1291583] [HailoRT] [info] [buffer_requirements.cpp:198] [find_initial_desc_page_size] Using non-default initial_desc_page_size of 64, due to a small transfer size (16)
[2025-10-04 17:37:25.688] [1291583] [HailoRT] [info] [internal_buffer_manager.cpp:75] [print_execution_results] Default Internal buffer planner failed to meet requirements
[2025-10-04 17:37:25.688] [1291583] [HailoRT] [info] [internal_buffer_manager.cpp:86] [print_execution_results] Default Internal buffer planner executed successfully
[2025-10-04 17:37:25.702] [1291583] [HailoRT] [info] [device_internal.cpp:57] [configure] Configuring HEF took 19.956848 milliseconds
[2025-10-04 17:37:25.702] [1291583] [HailoRT] [info] [vdevice.cpp:780] [configure] Configuring HEF on VDevice took 20.432463 milliseconds
[2025-10-04 17:37:25.705] [1291583] [HailoRT] [info] [core_op.cpp:156] [activate] Activating skillcheck_mobilenetv4_conv_small_620x420 took 0.291613 milliseconds. Note that the function is asynchronous and thus the network is not fully activated yet.
[2025-10-04 17:37:25.705] [1291583] [HailoRT] [info] [core_op.cpp:156] [activate] Activating skillcheck_mobilenetv4_conv_small_620x420 took 0.33828 milliseconds. Note that the function is asynchronous and thus the network is not fully activated yet.
[2025-10-04 17:37:25.705] [1291583] [HailoRT] [info] [edge_elements.cpp:52] [create] Created (HwWriteEl13skillcheck_mobilenetv4_conv_small_620x420/input_layer1 | hw_frame_size: 781200)
[2025-10-04 17:37:25.706] [1291583] [HailoRT] [info] [vstream.cpp:754] [InputVStreamImpl] Creating skillcheck_mobilenetv4_conv_small_620x420/input_layer1...
[2025-10-04 17:37:25.706] [1291583] [HailoRT] [info] [vstream_builder.cpp:102] [create_inputs] Input pipeline 'skillcheck_mobilenetv4_conv_small_620x420/input_layer1': (HwWriteEl13skillcheck_mobilenetv4_conv_small_620x420/input_layer1 | hw_frame_size: 781200) >> HW
[2025-10-04 17:37:25.706] [1291583] [HailoRT] [info] [edge_elements.cpp:287] [create] Created (HwReadEl12skillcheck_mobilenetv4_conv_small_620x420/conv34 | hw_frame_size: 16)
[2025-10-04 17:37:25.709] [1291583] [HailoRT] [info] [queue_elements.cpp:657] [create] Created (PullQEl_hw_read12skillcheck_mobilenetv4_conv_small_620x420/conv34)
[2025-10-04 17:37:25.709] [1291583] [HailoRT] [info] [filter_elements.cpp:372] [create] Created (PostInferEl12skillcheck_mobilenetv4_conv_small_620x420/conv34 | Quantization - src_type: UINT8, dst_type FLOAT32, limvals_min: -13.2987, limvals_max: 5.54112 | Reorder - src_order: FCR, src_shape: (1, 1, 16), dst_order: FCR, dst_shape: (1, 1, 12))
[2025-10-04 17:37:25.709] [1291583] [HailoRT] [info] [queue_elements.cpp:800] [create] Created (UserBuffQEl12skillcheck_mobilenetv4_conv_small_620x420/conv34 | timeout: 10s)
[2025-10-04 17:37:25.709] [1291583] [HailoRT] [info] [vstream.cpp:1114] [OutputVStreamImpl] Creating skillcheck_mobilenetv4_conv_small_620x420/conv34...
[2025-10-04 17:37:25.709] [1291583] [HailoRT] [info] [vstream_builder.cpp:220] [create_outputs] Output pipeline 'skillcheck_mobilenetv4_conv_small_620x420/conv34': HW >> (HwReadEl12skillcheck_mobilenetv4_conv_small_620x420/conv34 | hw_frame_size: 16) >> (PullQEl_hw_read12skillcheck_mobilenetv4_conv_small_620x420/conv34) >> (PostInferEl12skillcheck_mobilenetv4_conv_small_620x420/conv34 | Quantization - src_type: UINT8, dst_type FLOAT32, limvals_min: -13.2987, limvals_max: 5.54112 | Reorder - src_order: FCR, src_shape: (1, 1, 16), dst_order: FCR, dst_shape: (1, 1, 12)) >> (UserBuffQEl12skillcheck_mobilenetv4_conv_small_620x420/conv34 | timeout: 10s)
[2025-10-04 17:42:11.671] [1334998] [HailoRT] [info] [hef.cpp:1994] [get_network_group_and_network_name] No name was given. Addressing all networks of default network_group: skillcheck_mobilenetv4_conv_small_620x420
[2025-10-04 17:42:11.671] [1334998] [HailoRT] [info] [hef.cpp:1994] [get_network_group_and_network_name] No name was given. Addressing all networks of default network_group: skillcheck_mobilenetv4_conv_small_620x420
[2025-10-04 17:42:11.823] [1334998] [HailoRT] [info] [vdevice.cpp:535] [create] Creating vdevice with params: device_count: 1, scheduling_algorithm: NONE, multi_process_service: false
[2025-10-04 17:42:11.836] [1334998] [HailoRT] [info] [device.cpp:51] [Device] OS Version: Linux 6.12.47+rpt-rpi-2712 #1 SMP PREEMPT Debian 1:6.12.47-1+rpt1~bookworm (2025-09-16) aarch64
[2025-10-04 17:42:11.836] [1334998] [HailoRT] [info] [control.cpp:113] [control__parse_identify_results] firmware_version is: 4.23.0
[2025-10-04 17:42:11.836] [1334998] [HailoRT] [info] [vdevice.cpp:682] [create] VDevice Infos: 0001:01:00.0
[2025-10-04 17:42:11.842] [1334998] [HailoRT] [info] [buffer_requirements.cpp:198] [find_initial_desc_page_size] Using non-default initial_desc_page_size of 64, due to a small transfer size (16)
[2025-10-04 17:42:11.842] [1334998] [HailoRT] [info] [internal_buffer_manager.cpp:75] [print_execution_results] Default Internal buffer planner failed to meet requirements
[2025-10-04 17:42:11.842] [1334998] [HailoRT] [info] [internal_buffer_manager.cpp:86] [print_execution_results] Default Internal buffer planner executed successfully
[2025-10-04 17:42:11.853] [1334998] [HailoRT] [info] [device_internal.cpp:57] [configure] Configuring HEF took 16.565403 milliseconds
[2025-10-04 17:42:11.853] [1334998] [HailoRT] [info] [vdevice.cpp:780] [configure] Configuring HEF on VDevice took 16.930146 milliseconds
[2025-10-04 17:42:11.855] [1334998] [HailoRT] [info] [core_op.cpp:156] [activate] Activating skillcheck_mobilenetv4_conv_small_620x420 took 0.338687 milliseconds. Note that the function is asynchronous and thus the network is not fully activated yet.
[2025-10-04 17:42:11.855] [1334998] [HailoRT] [info] [core_op.cpp:156] [activate] Activating skillcheck_mobilenetv4_conv_small_620x420 took 0.406169 milliseconds. Note that the function is asynchronous and thus the network is not fully activated yet.
[2025-10-04 17:42:11.855] [1334998] [HailoRT] [info] [edge_elements.cpp:52] [create] Created (HwWriteEl13skillcheck_mobilenetv4_conv_small_620x420/input_layer1 | hw_frame_size: 781200)
[2025-10-04 17:42:11.856] [1334998] [HailoRT] [info] [vstream.cpp:754] [InputVStreamImpl] Creating skillcheck_mobilenetv4_conv_small_620x420/input_layer1...
[2025-10-04 17:42:11.856] [1334998] [HailoRT] [info] [vstream_builder.cpp:102] [create_inputs] Input pipeline 'skillcheck_mobilenetv4_conv_small_620x420/input_layer1': (HwWriteEl13skillcheck_mobilenetv4_conv_small_620x420/input_layer1 | hw_frame_size: 781200) >> HW
[2025-10-04 17:42:11.856] [1334998] [HailoRT] [info] [edge_elements.cpp:287] [create] Created (HwReadEl12skillcheck_mobilenetv4_conv_small_620x420/conv34 | hw_frame_size: 16)
[2025-10-04 17:42:11.856] [1334998] [HailoRT] [info] [queue_elements.cpp:657] [create] Created (PullQEl_hw_read12skillcheck_mobilenetv4_conv_small_620x420/conv34)
[2025-10-04 17:42:11.856] [1334998] [HailoRT] [info] [filter_elements.cpp:372] [create] Created (PostInferEl12skillcheck_mobilenetv4_conv_small_620x420/conv34 | Quantization - src_type: UINT8, dst_type FLOAT32, limvals_min: -13.2987, limvals_max: 5.54112 | Reorder - src_order: FCR, src_shape: (1, 1, 16), dst_order: FCR, dst_shape: (1, 1, 12))
[2025-10-04 17:42:11.856] [1334998] [HailoRT] [info] [queue_elements.cpp:800] [create] Created (UserBuffQEl12skillcheck_mobilenetv4_conv_small_620x420/conv34 | timeout: 10s)
[2025-10-04 17:42:11.856] [1334998] [HailoRT] [info] [vstream.cpp:1114] [OutputVStreamImpl] Creating skillcheck_mobilenetv4_conv_small_620x420/conv34...
[2025-10-04 17:42:11.861] [1334998] [HailoRT] [info] [vstream_builder.cpp:220] [create_outputs] Output pipeline 'skillcheck_mobilenetv4_conv_small_620x420/conv34': HW >> (HwReadEl12skillcheck_mobilenetv4_conv_small_620x420/conv34 | hw_frame_size: 16) >> (PullQEl_hw_read12skillcheck_mobilenetv4_conv_small_620x420/conv34) >> (PostInferEl12skillcheck_mobilenetv4_conv_small_620x420/conv34 | Quantization - src_type: UINT8, dst_type FLOAT32, limvals_min: -13.2987, limvals_max: 5.54112 | Reorder - src_order: FCR, src_shape: (1, 1, 16), dst_order: FCR, dst_shape: (1, 1, 12)) >> (UserBuffQEl12skillcheck_mobilenetv4_conv_small_620x420/conv34 | timeout: 10s)
[2025-10-04 18:29:59.100] [1335064] [HailoRT] [info] [queue_elements.cpp:855] [run_in_thread] Shutdown event was signaled in dequeue of UserBuffQEl12skillcheck_mobilenetv4_conv_small_620x420/conv34!
[2025-10-04 18:29:59.100] [1335063] [HailoRT] [info] [vdevice_native_stream.cpp:331] [read_impl] Failed read from stream HAILO_STREAM_ABORT(63) (device: 0001:01:00.0)
[2025-10-04 18:29:59.100] [1335063] [HailoRT] [info] [edge_elements.cpp:396] [run_pull] Reading from stream was aborted!
[2025-10-04 18:29:59.100] [1335063] [HailoRT] [info] [queue_elements.cpp:738] [run_in_thread] run_pull of queue element PullQEl_hw_read12skillcheck_mobilenetv4_conv_small_620x420/conv34 was aborted!
[2025-10-04 18:29:59.100] [1335063] [HailoRT] [info] [queue_elements.cpp:68] [operator()] Thread in element PullQEl_hw_read12skillcheck_mobilenetv4_conv_small_620x420/conv34 is not running anymore, exiting..
[2025-10-04 18:29:59.100] [1334998] [HailoRT] [info] [queue_elements.cpp:46] [~BaseQueueElement] Queue element PullQEl_hw_read12skillcheck_mobilenetv4_conv_small_620x420/conv34 has 0 frames in his Queue on destruction
[2025-10-04 18:29:59.101] [1335064] [HailoRT] [info] [queue_elements.cpp:68] [operator()] Thread in element UserBuffQEl12skillcheck_mobilenetv4_conv_small_620x420/conv34 is not running anymore, exiting..
[2025-10-04 18:29:59.101] [1334998] [HailoRT] [info] [queue_elements.cpp:46] [~BaseQueueElement] Queue element UserBuffQEl12skillcheck_mobilenetv4_conv_small_620x420/conv34 has 0 frames in his Queue on destruction
[2025-10-04 18:29:59.102] [1334998] [HailoRT] [info] [core_op.cpp:186] [deactivate] Deactivating took 1.133731 ms
[2025-10-04 18:29:59.102] [1334998] [HailoRT] [info] [core_op.cpp:186] [deactivate] Deactivating took 1.165676 ms
[2025-10-05 00:40:57.360] [1677999] [HailoRT] [info] [hef.cpp:1994] [get_network_group_and_network_name] No name was given. Addressing all networks of default network_group: skillcheck_mobilenetv4_conv_small_620x420
[2025-10-05 00:40:57.360] [1677999] [HailoRT] [info] [hef.cpp:1994] [get_network_group_and_network_name] No name was given. Addressing all networks of default network_group: skillcheck_mobilenetv4_conv_small_620x420
[2025-10-05 00:40:57.520] [1677999] [HailoRT] [info] [vdevice.cpp:535] [create] Creating vdevice with params: device_count: 1, scheduling_algorithm: NONE, multi_process_service: false
[2025-10-05 00:40:57.530] [1677999] [HailoRT] [info] [device.cpp:51] [Device] OS Version: Linux 6.12.47+rpt-rpi-2712 #1 SMP PREEMPT Debian 1:6.12.47-1+rpt1~bookworm (2025-09-16) aarch64
[2025-10-05 00:40:57.531] [1677999] [HailoRT] [info] [control.cpp:113] [control__parse_identify_results] firmware_version is: 4.23.0
[2025-10-05 00:40:57.531] [1677999] [HailoRT] [info] [vdevice.cpp:682] [create] VDevice Infos: 0001:01:00.0
[2025-10-05 00:40:57.537] [1677999] [HailoRT] [info] [buffer_requirements.cpp:198] [find_initial_desc_page_size] Using non-default initial_desc_page_size of 64, due to a small transfer size (16)
[2025-10-05 00:40:57.537] [1677999] [HailoRT] [info] [internal_buffer_manager.cpp:75] [print_execution_results] Default Internal buffer planner failed to meet requirements
[2025-10-05 00:40:57.537] [1677999] [HailoRT] [info] [internal_buffer_manager.cpp:86] [print_execution_results] Default Internal buffer planner executed successfully
[2025-10-05 00:40:57.546] [1677999] [HailoRT] [info] [device_internal.cpp:57] [configure] Configuring HEF took 15.048437 milliseconds
[2025-10-05 00:40:57.546] [1677999] [HailoRT] [info] [vdevice.cpp:780] [configure] Configuring HEF on VDevice took 15.488292 milliseconds
[2025-10-05 00:40:57.547] [1677999] [HailoRT] [info] [core_op.cpp:156] [activate] Activating skillcheck_mobilenetv4_conv_small_620x420 took 0.228168 milliseconds. Note that the function is asynchronous and thus the network is not fully activated yet.
[2025-10-05 00:40:57.547] [1677999] [HailoRT] [info] [core_op.cpp:156] [activate] Activating skillcheck_mobilenetv4_conv_small_620x420 took 0.258279 milliseconds. Note that the function is asynchronous and thus the network is not fully activated yet.
[2025-10-05 00:40:57.547] [1677999] [HailoRT] [info] [edge_elements.cpp:52] [create] Created (HwWriteEl13skillcheck_mobilenetv4_conv_small_620x420/input_layer1 | hw_frame_size: 781200)
[2025-10-05 00:40:57.547] [1677999] [HailoRT] [info] [vstream.cpp:754] [InputVStreamImpl] Creating skillcheck_mobilenetv4_conv_small_620x420/input_layer1...
[2025-10-05 00:40:57.547] [1677999] [HailoRT] [info] [vstream_builder.cpp:102] [create_inputs] Input pipeline 'skillcheck_mobilenetv4_conv_small_620x420/input_layer1': (HwWriteEl13skillcheck_mobilenetv4_conv_small_620x420/input_layer1 | hw_frame_size: 781200) >> HW
[2025-10-05 00:40:57.547] [1677999] [HailoRT] [info] [edge_elements.cpp:287] [create] Created (HwReadEl12skillcheck_mobilenetv4_conv_small_620x420/conv34 | hw_frame_size: 16)
[2025-10-05 00:40:57.548] [1677999] [HailoRT] [info] [queue_elements.cpp:657] [create] Created (PullQEl_hw_read12skillcheck_mobilenetv4_conv_small_620x420/conv34)
[2025-10-05 00:40:57.548] [1677999] [HailoRT] [info] [filter_elements.cpp:372] [create] Created (PostInferEl12skillcheck_mobilenetv4_conv_small_620x420/conv34 | Quantization - src_type: UINT8, dst_type FLOAT32, limvals_min: -13.2987, limvals_max: 5.54112 | Reorder - src_order: FCR, src_shape: (1, 1, 16), dst_order: FCR, dst_shape: (1, 1, 12))
[2025-10-05 00:40:57.548] [1677999] [HailoRT] [info] [queue_elements.cpp:800] [create] Created (UserBuffQEl12skillcheck_mobilenetv4_conv_small_620x420/conv34 | timeout: 10s)
[2025-10-05 00:40:57.548] [1677999] [HailoRT] [info] [vstream.cpp:1114] [OutputVStreamImpl] Creating skillcheck_mobilenetv4_conv_small_620x420/conv34...
[2025-10-05 00:40:57.550] [1677999] [HailoRT] [info] [vstream_builder.cpp:220] [create_outputs] Output pipeline 'skillcheck_mobilenetv4_conv_small_620x420/conv34': HW >> (HwReadEl12skillcheck_mobilenetv4_conv_small_620x420/conv34 | hw_frame_size: 16) >> (PullQEl_hw_read12skillcheck_mobilenetv4_conv_small_620x420/conv34) >> (PostInferEl12skillcheck_mobilenetv4_conv_small_620x420/conv34 | Quantization - src_type: UINT8, dst_type FLOAT32, limvals_min: -13.2987, limvals_max: 5.54112 | Reorder - src_order: FCR, src_shape: (1, 1, 16), dst_order: FCR, dst_shape: (1, 1, 12)) >> (UserBuffQEl12skillcheck_mobilenetv4_conv_small_620x420/conv34 | timeout: 10s)
[2025-10-05 00:41:02.905] [1678052] [HailoRT] [info] [queue_elements.cpp:855] [run_in_thread] Shutdown event was signaled in dequeue of UserBuffQEl12skillcheck_mobilenetv4_conv_small_620x420/conv34!
[2025-10-05 00:41:02.905] [1678051] [HailoRT] [info] [vdevice_native_stream.cpp:331] [read_impl] Failed read from stream HAILO_STREAM_ABORT(63) (device: 0001:01:00.0)
[2025-10-05 00:41:02.905] [1678051] [HailoRT] [info] [edge_elements.cpp:396] [run_pull] Reading from stream was aborted!
[2025-10-05 00:41:02.905] [1678051] [HailoRT] [info] [queue_elements.cpp:738] [run_in_thread] run_pull of queue element PullQEl_hw_read12skillcheck_mobilenetv4_conv_small_620x420/conv34 was aborted!
[2025-10-05 00:41:02.905] [1678051] [HailoRT] [info] [queue_elements.cpp:68] [operator()] Thread in element PullQEl_hw_read12skillcheck_mobilenetv4_conv_small_620x420/conv34 is not running anymore, exiting..
[2025-10-05 00:41:02.905] [1677999] [HailoRT] [info] [queue_elements.cpp:46] [~BaseQueueElement] Queue element PullQEl_hw_read12skillcheck_mobilenetv4_conv_small_620x420/conv34 has 0 frames in his Queue on destruction
[2025-10-05 00:41:02.905] [1678052] [HailoRT] [info] [queue_elements.cpp:68] [operator()] Thread in element UserBuffQEl12skillcheck_mobilenetv4_conv_small_620x420/conv34 is not running anymore, exiting..
[2025-10-05 00:41:02.905] [1677999] [HailoRT] [info] [queue_elements.cpp:46] [~BaseQueueElement] Queue element UserBuffQEl12skillcheck_mobilenetv4_conv_small_620x420/conv34 has 0 frames in his Queue on destruction
[2025-10-05 00:41:02.906] [1677999] [HailoRT] [info] [core_op.cpp:186] [deactivate] Deactivating took 0.377539 ms
[2025-10-05 00:41:02.906] [1677999] [HailoRT] [info] [core_op.cpp:186] [deactivate] Deactivating took 0.386224 ms
[2025-10-06 11:40:19.892] [1691650] [HailoRT] [info] [hef.cpp:1994] [get_network_group_and_network_name] No name was given. Addressing all networks of default network_group: skillcheck_mobilenetv4_conv_small_620x420
[2025-10-06 11:40:19.892] [1691650] [HailoRT] [info] [hef.cpp:1994] [get_network_group_and_network_name] No name was given. Addressing all networks of default network_group: skillcheck_mobilenetv4_conv_small_620x420
[2025-10-06 11:40:20.140] [1691650] [HailoRT] [info] [vdevice.cpp:535] [create] Creating vdevice with params: device_count: 1, scheduling_algorithm: NONE, multi_process_service: false
[2025-10-06 11:40:20.153] [1691650] [HailoRT] [info] [device.cpp:51] [Device] OS Version: Linux 6.12.47+rpt-rpi-2712 #1 SMP PREEMPT Debian 1:6.12.47-1+rpt1~bookworm (2025-09-16) aarch64
[2025-10-06 11:40:20.153] [1691650] [HailoRT] [info] [control.cpp:113] [control__parse_identify_results] firmware_version is: 4.23.0
[2025-10-06 11:40:20.153] [1691650] [HailoRT] [info] [vdevice.cpp:682] [create] VDevice Infos: 0001:01:00.0
[2025-10-06 11:40:20.159] [1691650] [HailoRT] [info] [buffer_requirements.cpp:198] [find_initial_desc_page_size] Using non-default initial_desc_page_size of 64, due to a small transfer size (16)
[2025-10-06 11:40:20.159] [1691650] [HailoRT] [info] [internal_buffer_manager.cpp:75] [print_execution_results] Default Internal buffer planner failed to meet requirements
[2025-10-06 11:40:20.159] [1691650] [HailoRT] [info] [internal_buffer_manager.cpp:86] [print_execution_results] Default Internal buffer planner executed successfully
[2025-10-06 11:40:20.169] [1691650] [HailoRT] [info] [device_internal.cpp:57] [configure] Configuring HEF took 15.428761 milliseconds
[2025-10-06 11:40:20.170] [1691650] [HailoRT] [info] [vdevice.cpp:780] [configure] Configuring HEF on VDevice took 15.772873 milliseconds
[2025-10-06 11:40:20.171] [1691650] [HailoRT] [info] [core_op.cpp:156] [activate] Activating skillcheck_mobilenetv4_conv_small_620x420 took 0.386409 milliseconds. Note that the function is asynchronous and thus the network is not fully activated yet.
[2025-10-06 11:40:20.171] [1691650] [HailoRT] [info] [core_op.cpp:156] [activate] Activating skillcheck_mobilenetv4_conv_small_620x420 took 0.438761 milliseconds. Note that the function is asynchronous and thus the network is not fully activated yet.
[2025-10-06 11:40:20.171] [1691650] [HailoRT] [info] [edge_elements.cpp:52] [create] Created (HwWriteEl13skillcheck_mobilenetv4_conv_small_620x420/input_layer1 | hw_frame_size: 781200)
[2025-10-06 11:40:20.172] [1691650] [HailoRT] [info] [vstream.cpp:754] [InputVStreamImpl] Creating skillcheck_mobilenetv4_conv_small_620x420/input_layer1...
[2025-10-06 11:40:20.172] [1691650] [HailoRT] [info] [vstream_builder.cpp:102] [create_inputs] Input pipeline 'skillcheck_mobilenetv4_conv_small_620x420/input_layer1': (HwWriteEl13skillcheck_mobilenetv4_conv_small_620x420/input_layer1 | hw_frame_size: 781200) >> HW
[2025-10-06 11:40:20.172] [1691650] [HailoRT] [info] [edge_elements.cpp:287] [create] Created (HwReadEl12skillcheck_mobilenetv4_conv_small_620x420/conv34 | hw_frame_size: 16)
[2025-10-06 11:40:20.172] [1691650] [HailoRT] [info] [queue_elements.cpp:657] [create] Created (PullQEl_hw_read12skillcheck_mobilenetv4_conv_small_620x420/conv34)
[2025-10-06 11:40:20.172] [1691650] [HailoRT] [info] [filter_elements.cpp:372] [create] Created (PostInferEl12skillcheck_mobilenetv4_conv_small_620x420/conv34 | Quantization - src_type: UINT8, dst_type FLOAT32, limvals_min: -13.2987, limvals_max: 5.54112 | Reorder - src_order: FCR, src_shape: (1, 1, 16), dst_order: FCR, dst_shape: (1, 1, 12))
[2025-10-06 11:40:20.172] [1691650] [HailoRT] [info] [queue_elements.cpp:800] [create] Created (UserBuffQEl12skillcheck_mobilenetv4_conv_small_620x420/conv34 | timeout: 10s)
[2025-10-06 11:40:20.172] [1691650] [HailoRT] [info] [vstream.cpp:1114] [OutputVStreamImpl] Creating skillcheck_mobilenetv4_conv_small_620x420/conv34...
[2025-10-06 11:40:20.172] [1691650] [HailoRT] [info] [vstream_builder.cpp:220] [create_outputs] Output pipeline 'skillcheck_mobilenetv4_conv_small_620x420/conv34': HW >> (HwReadEl12skillcheck_mobilenetv4_conv_small_620x420/conv34 | hw_frame_size: 16) >> (PullQEl_hw_read12skillcheck_mobilenetv4_conv_small_620x420/conv34) >> (PostInferEl12skillcheck_mobilenetv4_conv_small_620x420/conv34 | Quantization - src_type: UINT8, dst_type FLOAT32, limvals_min: -13.2987, limvals_max: 5.54112 | Reorder - src_order: FCR, src_shape: (1, 1, 16), dst_order: FCR, dst_shape: (1, 1, 12)) >> (UserBuffQEl12skillcheck_mobilenetv4_conv_small_620x420/conv34 | timeout: 10s)
[2025-10-06 11:41:04.257] [1691736] [HailoRT] [info] [vdevice_native_stream.cpp:331] [read_impl] Failed read from stream HAILO_STREAM_ABORT(63) (device: 0001:01:00.0)
[2025-10-06 11:41:04.257] [1691736] [HailoRT] [info] [edge_elements.cpp:396] [run_pull] Reading from stream was aborted!
[2025-10-06 11:41:04.257] [1691737] [HailoRT] [info] [queue_elements.cpp:855] [run_in_thread] Shutdown event was signaled in dequeue of UserBuffQEl12skillcheck_mobilenetv4_conv_small_620x420/conv34!
[2025-10-06 11:41:04.257] [1691736] [HailoRT] [info] [queue_elements.cpp:738] [run_in_thread] run_pull of queue element PullQEl_hw_read12skillcheck_mobilenetv4_conv_small_620x420/conv34 was aborted!
[2025-10-06 11:41:04.257] [1691736] [HailoRT] [info] [queue_elements.cpp:68] [operator()] Thread in element PullQEl_hw_read12skillcheck_mobilenetv4_conv_small_620x420/conv34 is not running anymore, exiting..
[2025-10-06 11:41:04.257] [1697011] [HailoRT] [info] [queue_elements.cpp:46] [~BaseQueueElement] Queue element PullQEl_hw_read12skillcheck_mobilenetv4_conv_small_620x420/conv34 has 0 frames in his Queue on destruction
[2025-10-06 11:41:04.257] [1691737] [HailoRT] [info] [queue_elements.cpp:68] [operator()] Thread in element UserBuffQEl12skillcheck_mobilenetv4_conv_small_620x420/conv34 is not running anymore, exiting..
[2025-10-06 11:41:04.257] [1697011] [HailoRT] [info] [queue_elements.cpp:46] [~BaseQueueElement] Queue element UserBuffQEl12skillcheck_mobilenetv4_conv_small_620x420/conv34 has 0 frames in his Queue on destruction
[2025-10-06 11:41:04.264] [1697011] [HailoRT] [info] [core_op.cpp:186] [deactivate] Deactivating took 0.408261 ms
[2025-10-06 11:41:04.264] [1697011] [HailoRT] [info] [core_op.cpp:186] [deactivate] Deactivating took 7.17998 ms
[2025-10-06 11:59:39.511] [1697193] [HailoRT] [info] [hef.cpp:1994] [get_network_group_and_network_name] No name was given. Addressing all networks of default network_group: skillcheck_mobilenetv4_conv_small_620x420
[2025-10-06 11:59:39.514] [1697193] [HailoRT] [info] [hef.cpp:1994] [get_network_group_and_network_name] No name was given. Addressing all networks of default network_group: skillcheck_mobilenetv4_conv_small_620x420
[2025-10-06 11:59:39.699] [1697193] [HailoRT] [info] [vdevice.cpp:535] [create] Creating vdevice with params: device_count: 1, scheduling_algorithm: NONE, multi_process_service: false
[2025-10-06 11:59:39.713] [1697193] [HailoRT] [info] [device.cpp:51] [Device] OS Version: Linux 6.12.47+rpt-rpi-2712 #1 SMP PREEMPT Debian 1:6.12.47-1+rpt1~bookworm (2025-09-16) aarch64
[2025-10-06 11:59:39.713] [1697193] [HailoRT] [info] [control.cpp:113] [control__parse_identify_results] firmware_version is: 4.23.0
[2025-10-06 11:59:39.713] [1697193] [HailoRT] [info] [vdevice.cpp:682] [create] VDevice Infos: 0001:01:00.0
[2025-10-06 11:59:39.724] [1697193] [HailoRT] [info] [buffer_requirements.cpp:198] [find_initial_desc_page_size] Using non-default initial_desc_page_size of 64, due to a small transfer size (16)
[2025-10-06 11:59:39.724] [1697193] [HailoRT] [info] [internal_buffer_manager.cpp:75] [print_execution_results] Default Internal buffer planner failed to meet requirements
[2025-10-06 11:59:39.724] [1697193] [HailoRT] [info] [internal_buffer_manager.cpp:86] [print_execution_results] Default Internal buffer planner executed successfully
[2025-10-06 11:59:39.756] [1697193] [HailoRT] [info] [device_internal.cpp:57] [configure] Configuring HEF took 39.548898 milliseconds
[2025-10-06 11:59:39.756] [1697193] [HailoRT] [info] [vdevice.cpp:780] [configure] Configuring HEF on VDevice took 39.826104 milliseconds
[2025-10-06 11:59:39.757] [1697193] [HailoRT] [info] [core_op.cpp:156] [activate] Activating skillcheck_mobilenetv4_conv_small_620x420 took 0.319724 milliseconds. Note that the function is asynchronous and thus the network is not fully activated yet.
[2025-10-06 11:59:39.757] [1697193] [HailoRT] [info] [core_op.cpp:156] [activate] Activating skillcheck_mobilenetv4_conv_small_620x420 took 0.352946 milliseconds. Note that the function is asynchronous and thus the network is not fully activated yet.
[2025-10-06 11:59:39.758] [1697193] [HailoRT] [info] [edge_elements.cpp:52] [create] Created (HwWriteEl13skillcheck_mobilenetv4_conv_small_620x420/input_layer1 | hw_frame_size: 781200)
[2025-10-06 11:59:39.758] [1697193] [HailoRT] [info] [vstream.cpp:754] [InputVStreamImpl] Creating skillcheck_mobilenetv4_conv_small_620x420/input_layer1...
[2025-10-06 11:59:39.758] [1697193] [HailoRT] [info] [vstream_builder.cpp:102] [create_inputs] Input pipeline 'skillcheck_mobilenetv4_conv_small_620x420/input_layer1': (HwWriteEl13skillcheck_mobilenetv4_conv_small_620x420/input_layer1 | hw_frame_size: 781200) >> HW
[2025-10-06 11:59:39.758] [1697193] [HailoRT] [info] [edge_elements.cpp:287] [create] Created (HwReadEl12skillcheck_mobilenetv4_conv_small_620x420/conv34 | hw_frame_size: 16)
[2025-10-06 11:59:39.758] [1697193] [HailoRT] [info] [queue_elements.cpp:657] [create] Created (PullQEl_hw_read12skillcheck_mobilenetv4_conv_small_620x420/conv34)
[2025-10-06 11:59:39.758] [1697193] [HailoRT] [info] [filter_elements.cpp:372] [create] Created (PostInferEl12skillcheck_mobilenetv4_conv_small_620x420/conv34 | Quantization - src_type: UINT8, dst_type FLOAT32, limvals_min: -13.2987, limvals_max: 5.54112 | Reorder - src_order: FCR, src_shape: (1, 1, 16), dst_order: FCR, dst_shape: (1, 1, 12))
[2025-10-06 11:59:39.759] [1697193] [HailoRT] [info] [queue_elements.cpp:800] [create] Created (UserBuffQEl12skillcheck_mobilenetv4_conv_small_620x420/conv34 | timeout: 10s)
[2025-10-06 11:59:39.759] [1697193] [HailoRT] [info] [vstream.cpp:1114] [OutputVStreamImpl] Creating skillcheck_mobilenetv4_conv_small_620x420/conv34...
[2025-10-06 11:59:39.760] [1697193] [HailoRT] [info] [vstream_builder.cpp:220] [create_outputs] Output pipeline 'skillcheck_mobilenetv4_conv_small_620x420/conv34': HW >> (HwReadEl12skillcheck_mobilenetv4_conv_small_620x420/conv34 | hw_frame_size: 16) >> (PullQEl_hw_read12skillcheck_mobilenetv4_conv_small_620x420/conv34) >> (PostInferEl12skillcheck_mobilenetv4_conv_small_620x420/conv34 | Quantization - src_type: UINT8, dst_type FLOAT32, limvals_min: -13.2987, limvals_max: 5.54112 | Reorder - src_order: FCR, src_shape: (1, 1, 16), dst_order: FCR, dst_shape: (1, 1, 12)) >> (UserBuffQEl12skillcheck_mobilenetv4_conv_small_620x420/conv34 | timeout: 10s)
[2025-10-06 12:00:45.110] [1697247] [HailoRT] [info] [queue_elements.cpp:855] [run_in_thread] Shutdown event was signaled in dequeue of UserBuffQEl12skillcheck_mobilenetv4_conv_small_620x420/conv34!
[2025-10-06 12:00:45.126] [1697246] [HailoRT] [info] [vdevice_native_stream.cpp:331] [read_impl] Failed read from stream HAILO_STREAM_ABORT(63) (device: 0001:01:00.0)
[2025-10-06 12:00:45.127] [1697246] [HailoRT] [info] [edge_elements.cpp:396] [run_pull] Reading from stream was aborted!
[2025-10-06 12:00:45.127] [1697246] [HailoRT] [info] [queue_elements.cpp:738] [run_in_thread] run_pull of queue element PullQEl_hw_read12skillcheck_mobilenetv4_conv_small_620x420/conv34 was aborted!
[2025-10-06 12:00:45.127] [1697176] [HailoRT] [info] [queue_elements.cpp:46] [~BaseQueueElement] Queue element PullQEl_hw_read12skillcheck_mobilenetv4_conv_small_620x420/conv34 has 0 frames in his Queue on destruction
[2025-10-06 12:00:45.128] [1697247] [HailoRT] [info] [queue_elements.cpp:68] [operator()] Thread in element UserBuffQEl12skillcheck_mobilenetv4_conv_small_620x420/conv34 is not running anymore, exiting..
[2025-10-06 12:00:45.128] [1697176] [HailoRT] [info] [queue_elements.cpp:46] [~BaseQueueElement] Queue element UserBuffQEl12skillcheck_mobilenetv4_conv_small_620x420/conv34 has 0 frames in his Queue on destruction
[2025-10-06 12:00:45.128] [1697176] [HailoRT] [info] [core_op.cpp:186] [deactivate] Deactivating took 0.472558 ms
[2025-10-06 12:00:45.128] [1697176] [HailoRT] [info] [core_op.cpp:186] [deactivate] Deactivating took 0.504428 ms
[2025-10-06 12:02:08.005] [1697283] [HailoRT] [info] [hef.cpp:1994] [get_network_group_and_network_name] No name was given. Addressing all networks of default network_group: skillcheck_mobilenetv4_conv_small_620x420
[2025-10-06 12:02:08.005] [1697283] [HailoRT] [info] [hef.cpp:1994] [get_network_group_and_network_name] No name was given. Addressing all networks of default network_group: skillcheck_mobilenetv4_conv_small_620x420
[2025-10-06 12:02:08.388] [1697283] [HailoRT] [info] [vdevice.cpp:535] [create] Creating vdevice with params: device_count: 1, scheduling_algorithm: NONE, multi_process_service: false
[2025-10-06 12:02:08.401] [1697283] [HailoRT] [info] [device.cpp:51] [Device] OS Version: Linux 6.12.47+rpt-rpi-2712 #1 SMP PREEMPT Debian 1:6.12.47-1+rpt1~bookworm (2025-09-16) aarch64
[2025-10-06 12:02:08.401] [1697283] [HailoRT] [info] [control.cpp:113] [control__parse_identify_results] firmware_version is: 4.23.0
[2025-10-06 12:02:08.401] [1697283] [HailoRT] [info] [vdevice.cpp:682] [create] VDevice Infos: 0001:01:00.0
[2025-10-06 12:02:08.407] [1697283] [HailoRT] [info] [buffer_requirements.cpp:198] [find_initial_desc_page_size] Using non-default initial_desc_page_size of 64, due to a small transfer size (16)
[2025-10-06 12:02:08.407] [1697283] [HailoRT] [info] [internal_buffer_manager.cpp:75] [print_execution_results] Default Internal buffer planner failed to meet requirements
[2025-10-06 12:02:08.407] [1697283] [HailoRT] [info] [internal_buffer_manager.cpp:86] [print_execution_results] Default Internal buffer planner executed successfully
[2025-10-06 12:02:08.415] [1697283] [HailoRT] [info] [device_internal.cpp:57] [configure] Configuring HEF took 13.148638 milliseconds
[2025-10-06 12:02:08.415] [1697283] [HailoRT] [info] [vdevice.cpp:780] [configure] Configuring HEF on VDevice took 13.426492 milliseconds
[2025-10-06 12:02:08.417] [1697283] [HailoRT] [info] [core_op.cpp:156] [activate] Activating skillcheck_mobilenetv4_conv_small_620x420 took 0.342705 milliseconds. Note that the function is asynchronous and thus the network is not fully activated yet.
[2025-10-06 12:02:08.417] [1697283] [HailoRT] [info] [core_op.cpp:156] [activate] Activating skillcheck_mobilenetv4_conv_small_620x420 took 0.379335 milliseconds. Note that the function is asynchronous and thus the network is not fully activated yet.
[2025-10-06 12:02:08.417] [1697283] [HailoRT] [info] [edge_elements.cpp:52] [create] Created (HwWriteEl13skillcheck_mobilenetv4_conv_small_620x420/input_layer1 | hw_frame_size: 781200)
[2025-10-06 12:02:08.417] [1697283] [HailoRT] [info] [vstream.cpp:754] [InputVStreamImpl] Creating skillcheck_mobilenetv4_conv_small_620x420/input_layer1...
[2025-10-06 12:02:08.417] [1697283] [HailoRT] [info] [vstream_builder.cpp:102] [create_inputs] Input pipeline 'skillcheck_mobilenetv4_conv_small_620x420/input_layer1': (HwWriteEl13skillcheck_mobilenetv4_conv_small_620x420/input_layer1 | hw_frame_size: 781200) >> HW
[2025-10-06 12:02:08.417] [1697283] [HailoRT] [info] [edge_elements.cpp:287] [create] Created (HwReadEl12skillcheck_mobilenetv4_conv_small_620x420/conv34 | hw_frame_size: 16)
[2025-10-06 12:02:08.419] [1697283] [HailoRT] [info] [queue_elements.cpp:657] [create] Created (PullQEl_hw_read12skillcheck_mobilenetv4_conv_small_620x420/conv34)
[2025-10-06 12:02:08.419] [1697283] [HailoRT] [info] [filter_elements.cpp:372] [create] Created (PostInferEl12skillcheck_mobilenetv4_conv_small_620x420/conv34 | Quantization - src_type: UINT8, dst_type FLOAT32, limvals_min: -13.2987, limvals_max: 5.54112 | Reorder - src_order: FCR, src_shape: (1, 1, 16), dst_order: FCR, dst_shape: (1, 1, 12))
[2025-10-06 12:02:08.419] [1697283] [HailoRT] [info] [queue_elements.cpp:800] [create] Created (UserBuffQEl12skillcheck_mobilenetv4_conv_small_620x420/conv34 | timeout: 10s)
[2025-10-06 12:02:08.419] [1697283] [HailoRT] [info] [vstream.cpp:1114] [OutputVStreamImpl] Creating skillcheck_mobilenetv4_conv_small_620x420/conv34...
[2025-10-06 12:02:08.421] [1697283] [HailoRT] [info] [vstream_builder.cpp:220] [create_outputs] Output pipeline 'skillcheck_mobilenetv4_conv_small_620x420/conv34': HW >> (HwReadEl12skillcheck_mobilenetv4_conv_small_620x420/conv34 | hw_frame_size: 16) >> (PullQEl_hw_read12skillcheck_mobilenetv4_conv_small_620x420/conv34) >> (PostInferEl12skillcheck_mobilenetv4_conv_small_620x420/conv34 | Quantization - src_type: UINT8, dst_type FLOAT32, limvals_min: -13.2987, limvals_max: 5.54112 | Reorder - src_order: FCR, src_shape: (1, 1, 16), dst_order: FCR, dst_shape: (1, 1, 12)) >> (UserBuffQEl12skillcheck_mobilenetv4_conv_small_620x420/conv34 | timeout: 10s)
[2025-10-06 12:03:30.573] [1697335] [HailoRT] [info] [queue_elements.cpp:855] [run_in_thread] Shutdown event was signaled in dequeue of UserBuffQEl12skillcheck_mobilenetv4_conv_small_620x420/conv34!
[2025-10-06 12:03:30.574] [1697334] [HailoRT] [info] [vdevice_native_stream.cpp:331] [read_impl] Failed read from stream HAILO_STREAM_ABORT(63) (device: 0001:01:00.0)
[2025-10-06 12:03:30.574] [1697334] [HailoRT] [info] [edge_elements.cpp:396] [run_pull] Reading from stream was aborted!
[2025-10-06 12:03:30.574] [1697334] [HailoRT] [info] [queue_elements.cpp:738] [run_in_thread] run_pull of queue element PullQEl_hw_read12skillcheck_mobilenetv4_conv_small_620x420/conv34 was aborted!
[2025-10-06 12:03:30.574] [1697334] [HailoRT] [info] [queue_elements.cpp:68] [operator()] Thread in element PullQEl_hw_read12skillcheck_mobilenetv4_conv_small_620x420/conv34 is not running anymore, exiting..
[2025-10-06 12:03:30.574] [1697283] [HailoRT] [info] [queue_elements.cpp:46] [~BaseQueueElement] Queue element PullQEl_hw_read12skillcheck_mobilenetv4_conv_small_620x420/conv34 has 0 frames in his Queue on destruction
[2025-10-06 12:03:30.574] [1697335] [HailoRT] [info] [queue_elements.cpp:68] [operator()] Thread in element UserBuffQEl12skillcheck_mobilenetv4_conv_small_620x420/conv34 is not running anymore, exiting..
[2025-10-06 12:03:30.574] [1697283] [HailoRT] [info] [queue_elements.cpp:46] [~BaseQueueElement] Queue element UserBuffQEl12skillcheck_mobilenetv4_conv_small_620x420/conv34 has 0 frames in his Queue on destruction
[2025-10-06 12:03:30.575] [1697283] [HailoRT] [info] [core_op.cpp:186] [deactivate] Deactivating took 0.465076 ms
[2025-10-06 12:03:30.575] [1697283] [HailoRT] [info] [core_op.cpp:186] [deactivate] Deactivating took 0.509392 ms
[2025-10-06 12:08:25.384] [1697283] [HailoRT] [info] [hef.cpp:1994] [get_network_group_and_network_name] No name was given. Addressing all networks of default network_group: skillcheck_mobilenetv4_conv_small_620x420
[2025-10-06 12:08:25.384] [1697283] [HailoRT] [info] [hef.cpp:1994] [get_network_group_and_network_name] No name was given. Addressing all networks of default network_group: skillcheck_mobilenetv4_conv_small_620x420
[2025-10-06 12:08:26.065] [1697283] [HailoRT] [info] [vdevice.cpp:535] [create] Creating vdevice with params: device_count: 1, scheduling_algorithm: NONE, multi_process_service: false
[2025-10-06 12:08:26.077] [1697283] [HailoRT] [info] [device.cpp:51] [Device] OS Version: Linux 6.12.47+rpt-rpi-2712 #1 SMP PREEMPT Debian 1:6.12.47-1+rpt1~bookworm (2025-09-16) aarch64
[2025-10-06 12:08:26.077] [1697283] [HailoRT] [info] [control.cpp:113] [control__parse_identify_results] firmware_version is: 4.23.0
[2025-10-06 12:08:26.077] [1697283] [HailoRT] [info] [vdevice.cpp:682] [create] VDevice Infos: 0001:01:00.0
[2025-10-06 12:08:26.083] [1697283] [HailoRT] [info] [buffer_requirements.cpp:198] [find_initial_desc_page_size] Using non-default initial_desc_page_size of 64, due to a small transfer size (16)
[2025-10-06 12:08:26.083] [1697283] [HailoRT] [info] [internal_buffer_manager.cpp:75] [print_execution_results] Default Internal buffer planner failed to meet requirements
[2025-10-06 12:08:26.083] [1697283] [HailoRT] [info] [internal_buffer_manager.cpp:86] [print_execution_results] Default Internal buffer planner executed successfully
[2025-10-06 12:08:26.101] [1697283] [HailoRT] [info] [device_internal.cpp:57] [configure] Configuring HEF took 23.299393 milliseconds
[2025-10-06 12:08:26.101] [1697283] [HailoRT] [info] [vdevice.cpp:780] [configure] Configuring HEF on VDevice took 23.589634 milliseconds
[2025-10-06 12:08:26.103] [1697283] [HailoRT] [info] [core_op.cpp:156] [activate] Activating skillcheck_mobilenetv4_conv_small_620x420 took 0.237557 milliseconds. Note that the function is asynchronous and thus the network is not fully activated yet.
[2025-10-06 12:08:26.103] [1697283] [HailoRT] [info] [core_op.cpp:156] [activate] Activating skillcheck_mobilenetv4_conv_small_620x420 took 0.270297 milliseconds. Note that the function is asynchronous and thus the network is not fully activated yet.
[2025-10-06 12:08:26.104] [1697283] [HailoRT] [info] [edge_elements.cpp:52] [create] Created (HwWriteEl13skillcheck_mobilenetv4_conv_small_620x420/input_layer1 | hw_frame_size: 781200)
[2025-10-06 12:08:26.104] [1697283] [HailoRT] [info] [vstream.cpp:754] [InputVStreamImpl] Creating skillcheck_mobilenetv4_conv_small_620x420/input_layer1...
[2025-10-06 12:08:26.104] [1697283] [HailoRT] [info] [vstream_builder.cpp:102] [create_inputs] Input pipeline 'skillcheck_mobilenetv4_conv_small_620x420/input_layer1': (HwWriteEl13skillcheck_mobilenetv4_conv_small_620x420/input_layer1 | hw_frame_size: 781200) >> HW
[2025-10-06 12:08:26.104] [1697283] [HailoRT] [info] [edge_elements.cpp:287] [create] Created (HwReadEl12skillcheck_mobilenetv4_conv_small_620x420/conv34 | hw_frame_size: 16)
[2025-10-06 12:08:26.104] [1697283] [HailoRT] [info] [queue_elements.cpp:657] [create] Created (PullQEl_hw_read12skillcheck_mobilenetv4_conv_small_620x420/conv34)
[2025-10-06 12:08:26.104] [1697283] [HailoRT] [info] [filter_elements.cpp:372] [create] Created (PostInferEl12skillcheck_mobilenetv4_conv_small_620x420/conv34 | Quantization - src_type: UINT8, dst_type FLOAT32, limvals_min: -13.2987, limvals_max: 5.54112 | Reorder - src_order: FCR, src_shape: (1, 1, 16), dst_order: FCR, dst_shape: (1, 1, 12))
[2025-10-06 12:08:26.104] [1697283] [HailoRT] [info] [queue_elements.cpp:800] [create] Created (UserBuffQEl12skillcheck_mobilenetv4_conv_small_620x420/conv34 | timeout: 10s)
[2025-10-06 12:08:26.104] [1697283] [HailoRT] [info] [vstream.cpp:1114] [OutputVStreamImpl] Creating skillcheck_mobilenetv4_conv_small_620x420/conv34...
[2025-10-06 12:08:26.106] [1697283] [HailoRT] [info] [vstream_builder.cpp:220] [create_outputs] Output pipeline 'skillcheck_mobilenetv4_conv_small_620x420/conv34': HW >> (HwReadEl12skillcheck_mobilenetv4_conv_small_620x420/conv34 | hw_frame_size: 16) >> (PullQEl_hw_read12skillcheck_mobilenetv4_conv_small_620x420/conv34) >> (PostInferEl12skillcheck_mobilenetv4_conv_small_620x420/conv34 | Quantization - src_type: UINT8, dst_type FLOAT32, limvals_min: -13.2987, limvals_max: 5.54112 | Reorder - src_order: FCR, src_shape: (1, 1, 16), dst_order: FCR, dst_shape: (1, 1, 12)) >> (UserBuffQEl12skillcheck_mobilenetv4_conv_small_620x420/conv34 | timeout: 10s)
[2025-10-06 12:08:39.901] [1700755] [HailoRT] [info] [queue_elements.cpp:855] [run_in_thread] Shutdown event was signaled in dequeue of UserBuffQEl12skillcheck_mobilenetv4_conv_small_620x420/conv34!
[2025-10-06 12:08:39.910] [1700754] [HailoRT] [info] [vdevice_native_stream.cpp:331] [read_impl] Failed read from stream HAILO_STREAM_ABORT(63) (device: 0001:01:00.0)
[2025-10-06 12:08:39.910] [1700754] [HailoRT] [info] [edge_elements.cpp:396] [run_pull] Reading from stream was aborted!
[2025-10-06 12:08:39.910] [1700754] [HailoRT] [info] [queue_elements.cpp:738] [run_in_thread] run_pull of queue element PullQEl_hw_read12skillcheck_mobilenetv4_conv_small_620x420/conv34 was aborted!
[2025-10-06 12:08:39.910] [1697283] [HailoRT] [info] [queue_elements.cpp:46] [~BaseQueueElement] Queue element PullQEl_hw_read12skillcheck_mobilenetv4_conv_small_620x420/conv34 has 0 frames in his Queue on destruction
[2025-10-06 12:08:39.910] [1700755] [HailoRT] [info] [queue_elements.cpp:68] [operator()] Thread in element UserBuffQEl12skillcheck_mobilenetv4_conv_small_620x420/conv34 is not running anymore, exiting..
[2025-10-06 12:08:39.910] [1697283] [HailoRT] [info] [queue_elements.cpp:46] [~BaseQueueElement] Queue element UserBuffQEl12skillcheck_mobilenetv4_conv_small_620x420/conv34 has 0 frames in his Queue on destruction
[2025-10-06 12:08:39.911] [1697283] [HailoRT] [info] [core_op.cpp:186] [deactivate] Deactivating took 0.509021 ms
[2025-10-06 12:08:39.911] [1697283] [HailoRT] [info] [core_op.cpp:186] [deactivate] Deactivating took 0.567725 ms
[2025-10-06 12:16:50.649] [1701049] [HailoRT] [info] [hef.cpp:1994] [get_network_group_and_network_name] No name was given. Addressing all networks of default network_group: skillcheck_mobilenetv4_conv_small_620x420
[2025-10-06 12:16:50.666] [1701049] [HailoRT] [info] [hef.cpp:1994] [get_network_group_and_network_name] No name was given. Addressing all networks of default network_group: skillcheck_mobilenetv4_conv_small_620x420
[2025-10-06 12:16:50.969] [1701049] [HailoRT] [info] [vdevice.cpp:535] [create] Creating vdevice with params: device_count: 1, scheduling_algorithm: NONE, multi_process_service: false
[2025-10-06 12:16:51.002] [1701049] [HailoRT] [info] [device.cpp:51] [Device] OS Version: Linux 6.12.47+rpt-rpi-2712 #1 SMP PREEMPT Debian 1:6.12.47-1+rpt1~bookworm (2025-09-16) aarch64
[2025-10-06 12:16:51.002] [1701049] [HailoRT] [info] [control.cpp:113] [control__parse_identify_results] firmware_version is: 4.23.0
[2025-10-06 12:16:51.002] [1701049] [HailoRT] [info] [vdevice.cpp:682] [create] VDevice Infos: 0001:01:00.0
[2025-10-06 12:16:51.013] [1701049] [HailoRT] [info] [buffer_requirements.cpp:198] [find_initial_desc_page_size] Using non-default initial_desc_page_size of 64, due to a small transfer size (16)
[2025-10-06 12:16:51.013] [1701049] [HailoRT] [info] [internal_buffer_manager.cpp:75] [print_execution_results] Default Internal buffer planner failed to meet requirements
[2025-10-06 12:16:51.013] [1701049] [HailoRT] [info] [internal_buffer_manager.cpp:86] [print_execution_results] Default Internal buffer planner executed successfully
[2025-10-06 12:16:51.058] [1701049] [HailoRT] [info] [device_internal.cpp:57] [configure] Configuring HEF took 54.573139 milliseconds
[2025-10-06 12:16:51.059] [1701049] [HailoRT] [info] [vdevice.cpp:780] [configure] Configuring HEF on VDevice took 55.126012 milliseconds
[2025-10-06 12:16:51.061] [1701049] [HailoRT] [info] [core_op.cpp:156] [activate] Activating skillcheck_mobilenetv4_conv_small_620x420 took 0.274187 milliseconds. Note that the function is asynchronous and thus the network is not fully activated yet.
[2025-10-06 12:16:51.061] [1701049] [HailoRT] [info] [core_op.cpp:156] [activate] Activating skillcheck_mobilenetv4_conv_small_620x420 took 0.304057 milliseconds. Note that the function is asynchronous and thus the network is not fully activated yet.
[2025-10-06 12:16:51.062] [1701049] [HailoRT] [info] [edge_elements.cpp:52] [create] Created (HwWriteEl13skillcheck_mobilenetv4_conv_small_620x420/input_layer1 | hw_frame_size: 781200)
[2025-10-06 12:16:51.062] [1701049] [HailoRT] [info] [vstream.cpp:754] [InputVStreamImpl] Creating skillcheck_mobilenetv4_conv_small_620x420/input_layer1...
[2025-10-06 12:16:51.062] [1701049] [HailoRT] [info] [vstream_builder.cpp:102] [create_inputs] Input pipeline 'skillcheck_mobilenetv4_conv_small_620x420/input_layer1': (HwWriteEl13skillcheck_mobilenetv4_conv_small_620x420/input_layer1 | hw_frame_size: 781200) >> HW
[2025-10-06 12:16:51.063] [1701049] [HailoRT] [info] [edge_elements.cpp:287] [create] Created (HwReadEl12skillcheck_mobilenetv4_conv_small_620x420/conv34 | hw_frame_size: 16)
[2025-10-06 12:16:51.063] [1701049] [HailoRT] [info] [queue_elements.cpp:657] [create] Created (PullQEl_hw_read12skillcheck_mobilenetv4_conv_small_620x420/conv34)
[2025-10-06 12:16:51.063] [1701049] [HailoRT] [info] [filter_elements.cpp:372] [create] Created (PostInferEl12skillcheck_mobilenetv4_conv_small_620x420/conv34 | Quantization - src_type: UINT8, dst_type FLOAT32, limvals_min: -13.2987, limvals_max: 5.54112 | Reorder - src_order: FCR, src_shape: (1, 1, 16), dst_order: FCR, dst_shape: (1, 1, 12))
[2025-10-06 12:16:51.063] [1701049] [HailoRT] [info] [queue_elements.cpp:800] [create] Created (UserBuffQEl12skillcheck_mobilenetv4_conv_small_620x420/conv34 | timeout: 10s)
[2025-10-06 12:16:51.063] [1701049] [HailoRT] [info] [vstream.cpp:1114] [OutputVStreamImpl] Creating skillcheck_mobilenetv4_conv_small_620x420/conv34...
[2025-10-06 12:16:51.063] [1701049] [HailoRT] [info] [vstream_builder.cpp:220] [create_outputs] Output pipeline 'skillcheck_mobilenetv4_conv_small_620x420/conv34': HW >> (HwReadEl12skillcheck_mobilenetv4_conv_small_620x420/conv34 | hw_frame_size: 16) >> (PullQEl_hw_read12skillcheck_mobilenetv4_conv_small_620x420/conv34) >> (PostInferEl12skillcheck_mobilenetv4_conv_small_620x420/conv34 | Quantization - src_type: UINT8, dst_type FLOAT32, limvals_min: -13.2987, limvals_max: 5.54112 | Reorder - src_order: FCR, src_shape: (1, 1, 16), dst_order: FCR, dst_shape: (1, 1, 12)) >> (UserBuffQEl12skillcheck_mobilenetv4_conv_small_620x420/conv34 | timeout: 10s)
[2025-10-06 12:17:18.347] [1701104] [HailoRT] [info] [queue_elements.cpp:855] [run_in_thread] Shutdown event was signaled in dequeue of UserBuffQEl12skillcheck_mobilenetv4_conv_small_620x420/conv34!
[2025-10-06 12:17:18.347] [1701103] [HailoRT] [info] [vdevice_native_stream.cpp:331] [read_impl] Failed read from stream HAILO_STREAM_ABORT(63) (device: 0001:01:00.0)
[2025-10-06 12:17:18.347] [1701103] [HailoRT] [info] [edge_elements.cpp:396] [run_pull] Reading from stream was aborted!
[2025-10-06 12:17:18.347] [1701103] [HailoRT] [info] [queue_elements.cpp:738] [run_in_thread] run_pull of queue element PullQEl_hw_read12skillcheck_mobilenetv4_conv_small_620x420/conv34 was aborted!
[2025-10-06 12:17:18.347] [1701103] [HailoRT] [info] [queue_elements.cpp:68] [operator()] Thread in element PullQEl_hw_read12skillcheck_mobilenetv4_conv_small_620x420/conv34 is not running anymore, exiting..
[2025-10-06 12:17:18.347] [1701049] [HailoRT] [info] [queue_elements.cpp:46] [~BaseQueueElement] Queue element PullQEl_hw_read12skillcheck_mobilenetv4_conv_small_620x420/conv34 has 0 frames in his Queue on destruction
[2025-10-06 12:17:18.347] [1701104] [HailoRT] [info] [queue_elements.cpp:68] [operator()] Thread in element UserBuffQEl12skillcheck_mobilenetv4_conv_small_620x420/conv34 is not running anymore, exiting..
[2025-10-06 12:17:18.347] [1701049] [HailoRT] [info] [queue_elements.cpp:46] [~BaseQueueElement] Queue element UserBuffQEl12skillcheck_mobilenetv4_conv_small_620x420/conv34 has 0 frames in his Queue on destruction
[2025-10-06 12:17:18.348] [1701049] [HailoRT] [info] [core_op.cpp:186] [deactivate] Deactivating took 0.409483 ms
[2025-10-06 12:17:18.348] [1701049] [HailoRT] [info] [core_op.cpp:186] [deactivate] Deactivating took 0.443002 ms
[2025-10-06 12:17:44.839] [1701049] [HailoRT] [info] [hef.cpp:1994] [get_network_group_and_network_name] No name was given. Addressing all networks of default network_group: skillcheck_mobilenetv4_conv_small_620x420
[2025-10-06 12:17:44.839] [1701049] [HailoRT] [info] [hef.cpp:1994] [get_network_group_and_network_name] No name was given. Addressing all networks of default network_group: skillcheck_mobilenetv4_conv_small_620x420
[2025-10-06 12:17:45.374] [1701049] [HailoRT] [info] [vdevice.cpp:535] [create] Creating vdevice with params: device_count: 1, scheduling_algorithm: NONE, multi_process_service: false
[2025-10-06 12:17:45.387] [1701049] [HailoRT] [info] [device.cpp:51] [Device] OS Version: Linux 6.12.47+rpt-rpi-2712 #1 SMP PREEMPT Debian 1:6.12.47-1+rpt1~bookworm (2025-09-16) aarch64
[2025-10-06 12:17:45.387] [1701049] [HailoRT] [info] [control.cpp:113] [control__parse_identify_results] firmware_version is: 4.23.0
[2025-10-06 12:17:45.387] [1701049] [HailoRT] [info] [vdevice.cpp:682] [create] VDevice Infos: 0001:01:00.0
[2025-10-06 12:17:45.395] [1701049] [HailoRT] [info] [buffer_requirements.cpp:198] [find_initial_desc_page_size] Using non-default initial_desc_page_size of 64, due to a small transfer size (16)
[2025-10-06 12:17:45.395] [1701049] [HailoRT] [info] [internal_buffer_manager.cpp:75] [print_execution_results] Default Internal buffer planner failed to meet requirements
[2025-10-06 12:17:45.395] [1701049] [HailoRT] [info] [internal_buffer_manager.cpp:86] [print_execution_results] Default Internal buffer planner executed successfully
[2025-10-06 12:17:45.416] [1701049] [HailoRT] [info] [device_internal.cpp:57] [configure] Configuring HEF took 26.178795 milliseconds
[2025-10-06 12:17:45.416] [1701049] [HailoRT] [info] [vdevice.cpp:780] [configure] Configuring HEF on VDevice took 26.776483 milliseconds
[2025-10-06 12:17:45.417] [1701049] [HailoRT] [info] [core_op.cpp:156] [activate] Activating skillcheck_mobilenetv4_conv_small_620x420 took 0.271853 milliseconds. Note that the function is asynchronous and thus the network is not fully activated yet.
[2025-10-06 12:17:45.417] [1701049] [HailoRT] [info] [core_op.cpp:156] [activate] Activating skillcheck_mobilenetv4_conv_small_620x420 took 0.308168 milliseconds. Note that the function is asynchronous and thus the network is not fully activated yet.
[2025-10-06 12:17:45.417] [1701049] [HailoRT] [info] [edge_elements.cpp:52] [create] Created (HwWriteEl13skillcheck_mobilenetv4_conv_small_620x420/input_layer1 | hw_frame_size: 781200)
[2025-10-06 12:17:45.417] [1701049] [HailoRT] [info] [vstream.cpp:754] [InputVStreamImpl] Creating skillcheck_mobilenetv4_conv_small_620x420/input_layer1...
[2025-10-06 12:17:45.417] [1701049] [HailoRT] [info] [vstream_builder.cpp:102] [create_inputs] Input pipeline 'skillcheck_mobilenetv4_conv_small_620x420/input_layer1': (HwWriteEl13skillcheck_mobilenetv4_conv_small_620x420/input_layer1 | hw_frame_size: 781200) >> HW
[2025-10-06 12:17:45.417] [1701049] [HailoRT] [info] [edge_elements.cpp:287] [create] Created (HwReadEl12skillcheck_mobilenetv4_conv_small_620x420/conv34 | hw_frame_size: 16)
[2025-10-06 12:17:45.417] [1701049] [HailoRT] [info] [queue_elements.cpp:657] [create] Created (PullQEl_hw_read12skillcheck_mobilenetv4_conv_small_620x420/conv34)
[2025-10-06 12:17:45.418] [1701049] [HailoRT] [info] [filter_elements.cpp:372] [create] Created (PostInferEl12skillcheck_mobilenetv4_conv_small_620x420/conv34 | Quantization - src_type: UINT8, dst_type FLOAT32, limvals_min: -13.2987, limvals_max: 5.54112 | Reorder - src_order: FCR, src_shape: (1, 1, 16), dst_order: FCR, dst_shape: (1, 1, 12))
[2025-10-06 12:17:45.418] [1701049] [HailoRT] [info] [queue_elements.cpp:800] [create] Created (UserBuffQEl12skillcheck_mobilenetv4_conv_small_620x420/conv34 | timeout: 10s)
[2025-10-06 12:17:45.418] [1701049] [HailoRT] [info] [vstream.cpp:1114] [OutputVStreamImpl] Creating skillcheck_mobilenetv4_conv_small_620x420/conv34...
[2025-10-06 12:17:45.419] [1701049] [HailoRT] [info] [vstream_builder.cpp:220] [create_outputs] Output pipeline 'skillcheck_mobilenetv4_conv_small_620x420/conv34': HW >> (HwReadEl12skillcheck_mobilenetv4_conv_small_620x420/conv34 | hw_frame_size: 16) >> (PullQEl_hw_read12skillcheck_mobilenetv4_conv_small_620x420/conv34) >> (PostInferEl12skillcheck_mobilenetv4_conv_small_620x420/conv34 | Quantization - src_type: UINT8, dst_type FLOAT32, limvals_min: -13.2987, limvals_max: 5.54112 | Reorder - src_order: FCR, src_shape: (1, 1, 16), dst_order: FCR, dst_shape: (1, 1, 12)) >> (UserBuffQEl12skillcheck_mobilenetv4_conv_small_620x420/conv34 | timeout: 10s)
[2025-10-06 12:17:53.452] [1702084] [HailoRT] [info] [vdevice_native_stream.cpp:331] [read_impl] Failed read from stream HAILO_STREAM_ABORT(63) (device: 0001:01:00.0)
[2025-10-06 12:17:53.452] [1702084] [HailoRT] [info] [edge_elements.cpp:396] [run_pull] Reading from stream was aborted!
[2025-10-06 12:17:53.452] [1702084] [HailoRT] [info] [queue_elements.cpp:738] [run_in_thread] run_pull of queue element PullQEl_hw_read12skillcheck_mobilenetv4_conv_small_620x420/conv34 was aborted!
[2025-10-06 12:17:53.452] [1702085] [HailoRT] [info] [queue_elements.cpp:855] [run_in_thread] Shutdown event was signaled in dequeue of UserBuffQEl12skillcheck_mobilenetv4_conv_small_620x420/conv34!
[2025-10-06 12:17:53.452] [1702084] [HailoRT] [info] [queue_elements.cpp:68] [operator()] Thread in element PullQEl_hw_read12skillcheck_mobilenetv4_conv_small_620x420/conv34 is not running anymore, exiting..
[2025-10-06 12:17:53.452] [1701049] [HailoRT] [info] [queue_elements.cpp:46] [~BaseQueueElement] Queue element PullQEl_hw_read12skillcheck_mobilenetv4_conv_small_620x420/conv34 has 0 frames in his Queue on destruction
[2025-10-06 12:17:53.452] [1702085] [HailoRT] [info] [queue_elements.cpp:68] [operator()] Thread in element UserBuffQEl12skillcheck_mobilenetv4_conv_small_620x420/conv34 is not running anymore, exiting..
[2025-10-06 12:17:53.452] [1701049] [HailoRT] [info] [queue_elements.cpp:46] [~BaseQueueElement] Queue element UserBuffQEl12skillcheck_mobilenetv4_conv_small_620x420/conv34 has 0 frames in his Queue on destruction
[2025-10-06 12:17:53.453] [1701049] [HailoRT] [info] [core_op.cpp:186] [deactivate] Deactivating took 0.408002 ms
[2025-10-06 12:17:53.453] [1701049] [HailoRT] [info] [core_op.cpp:186] [deactivate] Deactivating took 0.431076 ms
[2025-10-06 12:36:13.848] [1702434] [HailoRT] [info] [hef.cpp:1994] [get_network_group_and_network_name] No name was given. Addressing all networks of default network_group: skillcheck_mobilenetv4_conv_small_620x420
[2025-10-06 12:36:13.877] [1702434] [HailoRT] [info] [hef.cpp:1994] [get_network_group_and_network_name] No name was given. Addressing all networks of default network_group: skillcheck_mobilenetv4_conv_small_620x420
[2025-10-06 12:36:14.831] [1702434] [HailoRT] [info] [vdevice.cpp:535] [create] Creating vdevice with params: device_count: 1, scheduling_algorithm: NONE, multi_process_service: false
[2025-10-06 12:36:14.857] [1702434] [HailoRT] [info] [device.cpp:51] [Device] OS Version: Linux 6.12.47+rpt-rpi-2712 #1 SMP PREEMPT Debian 1:6.12.47-1+rpt1~bookworm (2025-09-16) aarch64
[2025-10-06 12:36:14.857] [1702434] [HailoRT] [info] [control.cpp:113] [control__parse_identify_results] firmware_version is: 4.23.0
[2025-10-06 12:36:14.857] [1702434] [HailoRT] [info] [vdevice.cpp:682] [create] VDevice Infos: 0001:01:00.0
[2025-10-06 12:36:14.863] [1702434] [HailoRT] [info] [buffer_requirements.cpp:198] [find_initial_desc_page_size] Using non-default initial_desc_page_size of 64, due to a small transfer size (16)
[2025-10-06 12:36:14.864] [1702434] [HailoRT] [info] [internal_buffer_manager.cpp:75] [print_execution_results] Default Internal buffer planner failed to meet requirements
[2025-10-06 12:36:14.864] [1702434] [HailoRT] [info] [internal_buffer_manager.cpp:86] [print_execution_results] Default Internal buffer planner executed successfully
[2025-10-06 12:36:14.923] [1702434] [HailoRT] [info] [device_internal.cpp:57] [configure] Configuring HEF took 65.664527 milliseconds
[2025-10-06 12:36:14.923] [1702434] [HailoRT] [info] [vdevice.cpp:780] [configure] Configuring HEF on VDevice took 65.969602 milliseconds
[2025-10-06 12:36:14.926] [1702434] [HailoRT] [info] [core_op.cpp:156] [activate] Activating skillcheck_mobilenetv4_conv_small_620x420 took 0.498244 milliseconds. Note that the function is asynchronous and thus the network is not fully activated yet.
[2025-10-06 12:36:14.926] [1702434] [HailoRT] [info] [core_op.cpp:156] [activate] Activating skillcheck_mobilenetv4_conv_small_620x420 took 0.559744 milliseconds. Note that the function is asynchronous and thus the network is not fully activated yet.
[2025-10-06 12:36:14.926] [1702434] [HailoRT] [info] [edge_elements.cpp:52] [create] Created (HwWriteEl13skillcheck_mobilenetv4_conv_small_620x420/input_layer1 | hw_frame_size: 781200)
[2025-10-06 12:36:14.926] [1702434] [HailoRT] [info] [vstream.cpp:754] [InputVStreamImpl] Creating skillcheck_mobilenetv4_conv_small_620x420/input_layer1...
[2025-10-06 12:36:14.926] [1702434] [HailoRT] [info] [vstream_builder.cpp:102] [create_inputs] Input pipeline 'skillcheck_mobilenetv4_conv_small_620x420/input_layer1': (HwWriteEl13skillcheck_mobilenetv4_conv_small_620x420/input_layer1 | hw_frame_size: 781200) >> HW
[2025-10-06 12:36:14.926] [1702434] [HailoRT] [info] [edge_elements.cpp:287] [create] Created (HwReadEl12skillcheck_mobilenetv4_conv_small_620x420/conv34 | hw_frame_size: 16)
[2025-10-06 12:36:14.927] [1702434] [HailoRT] [info] [queue_elements.cpp:657] [create] Created (PullQEl_hw_read12skillcheck_mobilenetv4_conv_small_620x420/conv34)
[2025-10-06 12:36:14.927] [1702434] [HailoRT] [info] [filter_elements.cpp:372] [create] Created (PostInferEl12skillcheck_mobilenetv4_conv_small_620x420/conv34 | Quantization - src_type: UINT8, dst_type FLOAT32, limvals_min: -13.2987, limvals_max: 5.54112 | Reorder - src_order: FCR, src_shape: (1, 1, 16), dst_order: FCR, dst_shape: (1, 1, 12))
[2025-10-06 12:36:14.927] [1702434] [HailoRT] [info] [queue_elements.cpp:800] [create] Created (UserBuffQEl12skillcheck_mobilenetv4_conv_small_620x420/conv34 | timeout: 10s)
[2025-10-06 12:36:14.927] [1702434] [HailoRT] [info] [vstream.cpp:1114] [OutputVStreamImpl] Creating skillcheck_mobilenetv4_conv_small_620x420/conv34...
[2025-10-06 12:36:14.927] [1702434] [HailoRT] [info] [vstream_builder.cpp:220] [create_outputs] Output pipeline 'skillcheck_mobilenetv4_conv_small_620x420/conv34': HW >> (HwReadEl12skillcheck_mobilenetv4_conv_small_620x420/conv34 | hw_frame_size: 16) >> (PullQEl_hw_read12skillcheck_mobilenetv4_conv_small_620x420/conv34) >> (PostInferEl12skillcheck_mobilenetv4_conv_small_620x420/conv34 | Quantization - src_type: UINT8, dst_type FLOAT32, limvals_min: -13.2987, limvals_max: 5.54112 | Reorder - src_order: FCR, src_shape: (1, 1, 16), dst_order: FCR, dst_shape: (1, 1, 12)) >> (UserBuffQEl12skillcheck_mobilenetv4_conv_small_620x420/conv34 | timeout: 10s)
[2025-10-06 12:38:44.845] [1702491] [HailoRT] [info] [queue_elements.cpp:855] [run_in_thread] Shutdown event was signaled in dequeue of UserBuffQEl12skillcheck_mobilenetv4_conv_small_620x420/conv34!
[2025-10-06 12:38:44.851] [1702490] [HailoRT] [info] [vdevice_native_stream.cpp:331] [read_impl] Failed read from stream HAILO_STREAM_ABORT(63) (device: 0001:01:00.0)
[2025-10-06 12:38:44.851] [1702490] [HailoRT] [info] [edge_elements.cpp:396] [run_pull] Reading from stream was aborted!
[2025-10-06 12:38:44.851] [1702490] [HailoRT] [info] [queue_elements.cpp:738] [run_in_thread] run_pull of queue element PullQEl_hw_read12skillcheck_mobilenetv4_conv_small_620x420/conv34 was aborted!
[2025-10-06 12:38:44.851] [1702490] [HailoRT] [info] [queue_elements.cpp:68] [operator()] Thread in element PullQEl_hw_read12skillcheck_mobilenetv4_conv_small_620x420/conv34 is not running anymore, exiting..
[2025-10-06 12:38:44.851] [1702413] [HailoRT] [info] [queue_elements.cpp:46] [~BaseQueueElement] Queue element PullQEl_hw_read12skillcheck_mobilenetv4_conv_small_620x420/conv34 has 0 frames in his Queue on destruction
[2025-10-06 12:38:44.851] [1702491] [HailoRT] [info] [queue_elements.cpp:68] [operator()] Thread in element UserBuffQEl12skillcheck_mobilenetv4_conv_small_620x420/conv34 is not running anymore, exiting..
[2025-10-06 12:38:44.851] [1702413] [HailoRT] [info] [queue_elements.cpp:46] [~BaseQueueElement] Queue element UserBuffQEl12skillcheck_mobilenetv4_conv_small_620x420/conv34 has 0 frames in his Queue on destruction
[2025-10-06 12:38:44.851] [1702413] [HailoRT] [info] [core_op.cpp:186] [deactivate] Deactivating took 0.45115 ms
[2025-10-06 12:38:44.851] [1702413] [HailoRT] [info] [core_op.cpp:186] [deactivate] Deactivating took 0.474743 ms
[2025-10-06 12:39:20.272] [1702530] [HailoRT] [info] [hef.cpp:1994] [get_network_group_and_network_name] No name was given. Addressing all networks of default network_group: skillcheck_mobilenetv4_conv_small_620x420
[2025-10-06 12:39:20.272] [1702530] [HailoRT] [info] [hef.cpp:1994] [get_network_group_and_network_name] No name was given. Addressing all networks of default network_group: skillcheck_mobilenetv4_conv_small_620x420
[2025-10-06 12:39:20.554] [1702530] [HailoRT] [info] [vdevice.cpp:535] [create] Creating vdevice with params: device_count: 1, scheduling_algorithm: NONE, multi_process_service: false
[2025-10-06 12:39:20.567] [1702530] [HailoRT] [info] [device.cpp:51] [Device] OS Version: Linux 6.12.47+rpt-rpi-2712 #1 SMP PREEMPT Debian 1:6.12.47-1+rpt1~bookworm (2025-09-16) aarch64
[2025-10-06 12:39:20.567] [1702530] [HailoRT] [info] [control.cpp:113] [control__parse_identify_results] firmware_version is: 4.23.0
[2025-10-06 12:39:20.568] [1702530] [HailoRT] [info] [vdevice.cpp:682] [create] VDevice Infos: 0001:01:00.0
[2025-10-06 12:39:20.574] [1702530] [HailoRT] [info] [buffer_requirements.cpp:198] [find_initial_desc_page_size] Using non-default initial_desc_page_size of 64, due to a small transfer size (16)
[2025-10-06 12:39:20.574] [1702530] [HailoRT] [info] [internal_buffer_manager.cpp:75] [print_execution_results] Default Internal buffer planner failed to meet requirements
[2025-10-06 12:39:20.574] [1702530] [HailoRT] [info] [internal_buffer_manager.cpp:86] [print_execution_results] Default Internal buffer planner executed successfully
[2025-10-06 12:39:20.590] [1702530] [HailoRT] [info] [device_internal.cpp:57] [configure] Configuring HEF took 21.017307 milliseconds
[2025-10-06 12:39:20.590] [1702530] [HailoRT] [info] [vdevice.cpp:780] [configure] Configuring HEF on VDevice took 21.288716 milliseconds
[2025-10-06 12:39:20.592] [1702530] [HailoRT] [info] [core_op.cpp:156] [activate] Activating skillcheck_mobilenetv4_conv_small_620x420 took 0.31202 milliseconds. Note that the function is asynchronous and thus the network is not fully activated yet.
[2025-10-06 12:39:20.592] [1702530] [HailoRT] [info] [core_op.cpp:156] [activate] Activating skillcheck_mobilenetv4_conv_small_620x420 took 0.342335 milliseconds. Note that the function is asynchronous and thus the network is not fully activated yet.
[2025-10-06 12:39:20.592] [1702530] [HailoRT] [info] [edge_elements.cpp:52] [create] Created (HwWriteEl13skillcheck_mobilenetv4_conv_small_620x420/input_layer1 | hw_frame_size: 781200)
[2025-10-06 12:39:20.592] [1702530] [HailoRT] [info] [vstream.cpp:754] [InputVStreamImpl] Creating skillcheck_mobilenetv4_conv_small_620x420/input_layer1...
[2025-10-06 12:39:20.592] [1702530] [HailoRT] [info] [vstream_builder.cpp:102] [create_inputs] Input pipeline 'skillcheck_mobilenetv4_conv_small_620x420/input_layer1': (HwWriteEl13skillcheck_mobilenetv4_conv_small_620x420/input_layer1 | hw_frame_size: 781200) >> HW
[2025-10-06 12:39:20.593] [1702530] [HailoRT] [info] [edge_elements.cpp:287] [create] Created (HwReadEl12skillcheck_mobilenetv4_conv_small_620x420/conv34 | hw_frame_size: 16)
[2025-10-06 12:39:20.593] [1702530] [HailoRT] [info] [queue_elements.cpp:657] [create] Created (PullQEl_hw_read12skillcheck_mobilenetv4_conv_small_620x420/conv34)
[2025-10-06 12:39:20.593] [1702530] [HailoRT] [info] [filter_elements.cpp:372] [create] Created (PostInferEl12skillcheck_mobilenetv4_conv_small_620x420/conv34 | Quantization - src_type: UINT8, dst_type FLOAT32, limvals_min: -13.2987, limvals_max: 5.54112 | Reorder - src_order: FCR, src_shape: (1, 1, 16), dst_order: FCR, dst_shape: (1, 1, 12))
[2025-10-06 12:39:20.593] [1702530] [HailoRT] [info] [queue_elements.cpp:800] [create] Created (UserBuffQEl12skillcheck_mobilenetv4_conv_small_620x420/conv34 | timeout: 10s)
[2025-10-06 12:39:20.593] [1702530] [HailoRT] [info] [vstream.cpp:1114] [OutputVStreamImpl] Creating skillcheck_mobilenetv4_conv_small_620x420/conv34...
[2025-10-06 12:39:20.594] [1702530] [HailoRT] [info] [vstream_builder.cpp:220] [create_outputs] Output pipeline 'skillcheck_mobilenetv4_conv_small_620x420/conv34': HW >> (HwReadEl12skillcheck_mobilenetv4_conv_small_620x420/conv34 | hw_frame_size: 16) >> (PullQEl_hw_read12skillcheck_mobilenetv4_conv_small_620x420/conv34) >> (PostInferEl12skillcheck_mobilenetv4_conv_small_620x420/conv34 | Quantization - src_type: UINT8, dst_type FLOAT32, limvals_min: -13.2987, limvals_max: 5.54112 | Reorder - src_order: FCR, src_shape: (1, 1, 16), dst_order: FCR, dst_shape: (1, 1, 12)) >> (UserBuffQEl12skillcheck_mobilenetv4_conv_small_620x420/conv34 | timeout: 10s)
[2025-10-06 13:08:16.654] [2575] [HailoRT] [info] [hef.cpp:1994] [get_network_group_and_network_name] No name was given. Addressing all networks of default network_group: skillcheck_mobilenetv4_conv_small_620x420
[2025-10-06 13:08:16.654] [2575] [HailoRT] [info] [hef.cpp:1994] [get_network_group_and_network_name] No name was given. Addressing all networks of default network_group: skillcheck_mobilenetv4_conv_small_620x420
[2025-10-06 13:08:16.767] [2575] [HailoRT] [info] [vdevice.cpp:535] [create] Creating vdevice with params: device_count: 1, scheduling_algorithm: NONE, multi_process_service: false
[2025-10-06 13:08:16.779] [2575] [HailoRT] [info] [device.cpp:51] [Device] OS Version: Linux 6.12.47+rpt-rpi-2712 #1 SMP PREEMPT Debian 1:6.12.47-1+rpt1~bookworm (2025-09-16) aarch64
[2025-10-06 13:08:16.779] [2575] [HailoRT] [info] [control.cpp:113] [control__parse_identify_results] firmware_version is: 4.23.0
[2025-10-06 13:08:16.779] [2575] [HailoRT] [info] [vdevice.cpp:682] [create] VDevice Infos: 0001:01:00.0
[2025-10-06 13:08:16.785] [2575] [HailoRT] [info] [buffer_requirements.cpp:198] [find_initial_desc_page_size] Using non-default initial_desc_page_size of 64, due to a small transfer size (16)
[2025-10-06 13:08:16.785] [2575] [HailoRT] [info] [internal_buffer_manager.cpp:75] [print_execution_results] Default Internal buffer planner failed to meet requirements
[2025-10-06 13:08:16.785] [2575] [HailoRT] [info] [internal_buffer_manager.cpp:86] [print_execution_results] Default Internal buffer planner executed successfully
[2025-10-06 13:08:16.793] [2575] [HailoRT] [info] [device_internal.cpp:57] [configure] Configuring HEF took 13.093084 milliseconds
[2025-10-06 13:08:16.795] [2575] [HailoRT] [info] [vdevice.cpp:780] [configure] Configuring HEF on VDevice took 15.402205 milliseconds
[2025-10-06 13:08:16.795] [2575] [HailoRT] [info] [core_op.cpp:156] [activate] Activating skillcheck_mobilenetv4_conv_small_620x420 took 0.192835 milliseconds. Note that the function is asynchronous and thus the network is not fully activated yet.
[2025-10-06 13:08:16.795] [2575] [HailoRT] [info] [core_op.cpp:156] [activate] Activating skillcheck_mobilenetv4_conv_small_620x420 took 0.201595 milliseconds. Note that the function is asynchronous and thus the network is not fully activated yet.
[2025-10-06 13:08:16.795] [2575] [HailoRT] [info] [edge_elements.cpp:52] [create] Created (HwWriteEl13skillcheck_mobilenetv4_conv_small_620x420/input_layer1 | hw_frame_size: 781200)
[2025-10-06 13:08:16.795] [2575] [HailoRT] [info] [vstream.cpp:754] [InputVStreamImpl] Creating skillcheck_mobilenetv4_conv_small_620x420/input_layer1...
[2025-10-06 13:08:16.795] [2575] [HailoRT] [info] [vstream_builder.cpp:102] [create_inputs] Input pipeline 'skillcheck_mobilenetv4_conv_small_620x420/input_layer1': (HwWriteEl13skillcheck_mobilenetv4_conv_small_620x420/input_layer1 | hw_frame_size: 781200) >> HW
[2025-10-06 13:08:16.796] [2575] [HailoRT] [info] [edge_elements.cpp:287] [create] Created (HwReadEl12skillcheck_mobilenetv4_conv_small_620x420/conv34 | hw_frame_size: 16)
[2025-10-06 13:08:16.796] [2575] [HailoRT] [info] [queue_elements.cpp:657] [create] Created (PullQEl_hw_read12skillcheck_mobilenetv4_conv_small_620x420/conv34)
[2025-10-06 13:08:16.796] [2575] [HailoRT] [info] [filter_elements.cpp:372] [create] Created (PostInferEl12skillcheck_mobilenetv4_conv_small_620x420/conv34 | Quantization - src_type: UINT8, dst_type FLOAT32, limvals_min: -13.2987, limvals_max: 5.54112 | Reorder - src_order: FCR, src_shape: (1, 1, 16), dst_order: FCR, dst_shape: (1, 1, 12))
[2025-10-06 13:08:16.796] [2575] [HailoRT] [info] [queue_elements.cpp:800] [create] Created (UserBuffQEl12skillcheck_mobilenetv4_conv_small_620x420/conv34 | timeout: 10s)
[2025-10-06 13:08:16.796] [2575] [HailoRT] [info] [vstream.cpp:1114] [OutputVStreamImpl] Creating skillcheck_mobilenetv4_conv_small_620x420/conv34...
[2025-10-06 13:08:16.796] [2575] [HailoRT] [info] [vstream_builder.cpp:220] [create_outputs] Output pipeline 'skillcheck_mobilenetv4_conv_small_620x420/conv34': HW >> (HwReadEl12skillcheck_mobilenetv4_conv_small_620x420/conv34 | hw_frame_size: 16) >> (PullQEl_hw_read12skillcheck_mobilenetv4_conv_small_620x420/conv34) >> (PostInferEl12skillcheck_mobilenetv4_conv_small_620x420/conv34 | Quantization - src_type: UINT8, dst_type FLOAT32, limvals_min: -13.2987, limvals_max: 5.54112 | Reorder - src_order: FCR, src_shape: (1, 1, 16), dst_order: FCR, dst_shape: (1, 1, 12)) >> (UserBuffQEl12skillcheck_mobilenetv4_conv_small_620x420/conv34 | timeout: 10s)
[2025-10-06 13:09:53.397] [2627] [HailoRT] [info] [vdevice_native_stream.cpp:331] [read_impl] Failed read from stream HAILO_STREAM_ABORT(63) (device: 0001:01:00.0)
[2025-10-06 13:09:53.397] [2627] [HailoRT] [info] [edge_elements.cpp:396] [run_pull] Reading from stream was aborted!
[2025-10-06 13:09:53.400] [2627] [HailoRT] [info] [queue_elements.cpp:738] [run_in_thread] run_pull of queue element PullQEl_hw_read12skillcheck_mobilenetv4_conv_small_620x420/conv34 was aborted!
[2025-10-06 13:09:53.407] [2628] [HailoRT] [info] [queue_elements.cpp:855] [run_in_thread] Shutdown event was signaled in dequeue of UserBuffQEl12skillcheck_mobilenetv4_conv_small_620x420/conv34!
[2025-10-06 13:09:53.408] [2627] [HailoRT] [info] [queue_elements.cpp:68] [operator()] Thread in element PullQEl_hw_read12skillcheck_mobilenetv4_conv_small_620x420/conv34 is not running anymore, exiting..
[2025-10-06 13:09:53.408] [2555] [HailoRT] [info] [queue_elements.cpp:46] [~BaseQueueElement] Queue element PullQEl_hw_read12skillcheck_mobilenetv4_conv_small_620x420/conv34 has 0 frames in his Queue on destruction
[2025-10-06 13:09:53.408] [2628] [HailoRT] [info] [queue_elements.cpp:68] [operator()] Thread in element UserBuffQEl12skillcheck_mobilenetv4_conv_small_620x420/conv34 is not running anymore, exiting..
[2025-10-06 13:09:53.408] [2555] [HailoRT] [info] [queue_elements.cpp:46] [~BaseQueueElement] Queue element UserBuffQEl12skillcheck_mobilenetv4_conv_small_620x420/conv34 has 0 frames in his Queue on destruction
[2025-10-06 13:09:53.409] [2555] [HailoRT] [info] [core_op.cpp:186] [deactivate] Deactivating took 0.900549 ms
[2025-10-06 13:09:53.409] [2555] [HailoRT] [info] [core_op.cpp:186] [deactivate] Deactivating took 0.910456 ms
[2025-10-06 15:34:32.835] [3452] [HailoRT] [info] [hef.cpp:1994] [get_network_group_and_network_name] No name was given. Addressing all networks of default network_group: skillcheck_mobilenetv4_conv_small_620x420
[2025-10-06 15:34:32.835] [3452] [HailoRT] [info] [hef.cpp:1994] [get_network_group_and_network_name] No name was given. Addressing all networks of default network_group: skillcheck_mobilenetv4_conv_small_620x420
[2025-10-06 15:34:32.986] [3452] [HailoRT] [info] [vdevice.cpp:535] [create] Creating vdevice with params: device_count: 1, scheduling_algorithm: NONE, multi_process_service: false
[2025-10-06 15:34:32.998] [3452] [HailoRT] [info] [device.cpp:51] [Device] OS Version: Linux 6.12.47+rpt-rpi-2712 #1 SMP PREEMPT Debian 1:6.12.47-1+rpt1~bookworm (2025-09-16) aarch64
[2025-10-06 15:34:32.998] [3452] [HailoRT] [info] [control.cpp:113] [control__parse_identify_results] firmware_version is: 4.23.0
[2025-10-06 15:34:32.998] [3452] [HailoRT] [info] [vdevice.cpp:682] [create] VDevice Infos: 0001:01:00.0
[2025-10-06 15:34:33.006] [3452] [HailoRT] [info] [buffer_requirements.cpp:198] [find_initial_desc_page_size] Using non-default initial_desc_page_size of 64, due to a small transfer size (16)
[2025-10-06 15:34:33.006] [3452] [HailoRT] [info] [internal_buffer_manager.cpp:75] [print_execution_results] Default Internal buffer planner failed to meet requirements
[2025-10-06 15:34:33.006] [3452] [HailoRT] [info] [internal_buffer_manager.cpp:86] [print_execution_results] Default Internal buffer planner executed successfully
[2025-10-06 15:34:33.018] [3452] [HailoRT] [info] [device_internal.cpp:57] [configure] Configuring HEF took 18.976567 milliseconds
[2025-10-06 15:34:33.018] [3452] [HailoRT] [info] [vdevice.cpp:780] [configure] Configuring HEF on VDevice took 19.381311 milliseconds
[2025-10-06 15:34:33.018] [3452] [HailoRT] [info] [core_op.cpp:156] [activate] Activating skillcheck_mobilenetv4_conv_small_620x420 took 0.280205 milliseconds. Note that the function is asynchronous and thus the network is not fully activated yet.
[2025-10-06 15:34:33.018] [3452] [HailoRT] [info] [core_op.cpp:156] [activate] Activating skillcheck_mobilenetv4_conv_small_620x420 took 0.314391 milliseconds. Note that the function is asynchronous and thus the network is not fully activated yet.
[2025-10-06 15:34:33.019] [3452] [HailoRT] [info] [edge_elements.cpp:52] [create] Created (HwWriteEl13skillcheck_mobilenetv4_conv_small_620x420/input_layer1 | hw_frame_size: 781200)
[2025-10-06 15:34:33.019] [3452] [HailoRT] [info] [vstream.cpp:754] [InputVStreamImpl] Creating skillcheck_mobilenetv4_conv_small_620x420/input_layer1...
[2025-10-06 15:34:33.019] [3452] [HailoRT] [info] [vstream_builder.cpp:102] [create_inputs] Input pipeline 'skillcheck_mobilenetv4_conv_small_620x420/input_layer1': (HwWriteEl13skillcheck_mobilenetv4_conv_small_620x420/input_layer1 | hw_frame_size: 781200) >> HW
[2025-10-06 15:34:33.019] [3452] [HailoRT] [info] [edge_elements.cpp:287] [create] Created (HwReadEl12skillcheck_mobilenetv4_conv_small_620x420/conv34 | hw_frame_size: 16)
[2025-10-06 15:34:33.019] [3452] [HailoRT] [info] [queue_elements.cpp:657] [create] Created (PullQEl_hw_read12skillcheck_mobilenetv4_conv_small_620x420/conv34)
[2025-10-06 15:34:33.019] [3452] [HailoRT] [info] [filter_elements.cpp:372] [create] Created (PostInferEl12skillcheck_mobilenetv4_conv_small_620x420/conv34 | Quantization - src_type: UINT8, dst_type FLOAT32, limvals_min: -13.2987, limvals_max: 5.54112 | Reorder - src_order: FCR, src_shape: (1, 1, 16), dst_order: FCR, dst_shape: (1, 1, 12))
[2025-10-06 15:34:33.020] [3452] [HailoRT] [info] [queue_elements.cpp:800] [create] Created (UserBuffQEl12skillcheck_mobilenetv4_conv_small_620x420/conv34 | timeout: 10s)
[2025-10-06 15:34:33.020] [3452] [HailoRT] [info] [vstream.cpp:1114] [OutputVStreamImpl] Creating skillcheck_mobilenetv4_conv_small_620x420/conv34...
[2025-10-06 15:34:33.020] [3452] [HailoRT] [info] [vstream_builder.cpp:220] [create_outputs] Output pipeline 'skillcheck_mobilenetv4_conv_small_620x420/conv34': HW >> (HwReadEl12skillcheck_mobilenetv4_conv_small_620x420/conv34 | hw_frame_size: 16) >> (PullQEl_hw_read12skillcheck_mobilenetv4_conv_small_620x420/conv34) >> (PostInferEl12skillcheck_mobilenetv4_conv_small_620x420/conv34 | Quantization - src_type: UINT8, dst_type FLOAT32, limvals_min: -13.2987, limvals_max: 5.54112 | Reorder - src_order: FCR, src_shape: (1, 1, 16), dst_order: FCR, dst_shape: (1, 1, 12)) >> (UserBuffQEl12skillcheck_mobilenetv4_conv_small_620x420/conv34 | timeout: 10s)
[2025-10-06 15:35:18.768] [3462] [HailoRT] [info] [queue_elements.cpp:855] [run_in_thread] Shutdown event was signaled in dequeue of UserBuffQEl12skillcheck_mobilenetv4_conv_small_620x420/conv34!
[2025-10-06 15:35:18.769] [3461] [HailoRT] [info] [vdevice_native_stream.cpp:331] [read_impl] Failed read from stream HAILO_STREAM_ABORT(63) (device: 0001:01:00.0)
[2025-10-06 15:35:18.769] [3461] [HailoRT] [info] [edge_elements.cpp:396] [run_pull] Reading from stream was aborted!
[2025-10-06 15:35:18.769] [3461] [HailoRT] [info] [queue_elements.cpp:738] [run_in_thread] run_pull of queue element PullQEl_hw_read12skillcheck_mobilenetv4_conv_small_620x420/conv34 was aborted!
[2025-10-06 15:35:18.769] [3461] [HailoRT] [info] [queue_elements.cpp:68] [operator()] Thread in element PullQEl_hw_read12skillcheck_mobilenetv4_conv_small_620x420/conv34 is not running anymore, exiting..
[2025-10-06 15:35:18.769] [3452] [HailoRT] [info] [queue_elements.cpp:46] [~BaseQueueElement] Queue element PullQEl_hw_read12skillcheck_mobilenetv4_conv_small_620x420/conv34 has 0 frames in his Queue on destruction
[2025-10-06 15:35:18.769] [3462] [HailoRT] [info] [queue_elements.cpp:68] [operator()] Thread in element UserBuffQEl12skillcheck_mobilenetv4_conv_small_620x420/conv34 is not running anymore, exiting..
[2025-10-06 15:35:18.769] [3452] [HailoRT] [info] [queue_elements.cpp:46] [~BaseQueueElement] Queue element UserBuffQEl12skillcheck_mobilenetv4_conv_small_620x420/conv34 has 0 frames in his Queue on destruction
[2025-10-06 15:35:18.770] [3452] [HailoRT] [info] [core_op.cpp:186] [deactivate] Deactivating took 0.483689 ms
[2025-10-06 15:35:18.770] [3452] [HailoRT] [info] [core_op.cpp:186] [deactivate] Deactivating took 0.50393 ms
[2025-10-06 17:26:17.811] [9080] [HailoRT] [info] [hef.cpp:1994] [get_network_group_and_network_name] No name was given. Addressing all networks of default network_group: skillcheck_mobilenetv4_conv_small_620x420
[2025-10-06 17:26:17.812] [9080] [HailoRT] [info] [hef.cpp:1994] [get_network_group_and_network_name] No name was given. Addressing all networks of default network_group: skillcheck_mobilenetv4_conv_small_620x420
[2025-10-06 17:26:17.906] [9080] [HailoRT] [info] [vdevice.cpp:535] [create] Creating vdevice with params: device_count: 1, scheduling_algorithm: NONE, multi_process_service: false
[2025-10-06 17:26:17.918] [9080] [HailoRT] [info] [device.cpp:51] [Device] OS Version: Linux 6.12.47+rpt-rpi-2712 #1 SMP PREEMPT Debian 1:6.12.47-1+rpt1~bookworm (2025-09-16) aarch64
[2025-10-06 17:26:17.918] [9080] [HailoRT] [info] [control.cpp:113] [control__parse_identify_results] firmware_version is: 4.23.0
[2025-10-06 17:26:17.918] [9080] [HailoRT] [info] [vdevice.cpp:682] [create] VDevice Infos: 0001:01:00.0
[2025-10-06 17:26:17.928] [9080] [HailoRT] [info] [buffer_requirements.cpp:198] [find_initial_desc_page_size] Using non-default initial_desc_page_size of 64, due to a small transfer size (16)
[2025-10-06 17:26:17.928] [9080] [HailoRT] [info] [internal_buffer_manager.cpp:75] [print_execution_results] Default Internal buffer planner failed to meet requirements
[2025-10-06 17:26:17.928] [9080] [HailoRT] [info] [internal_buffer_manager.cpp:86] [print_execution_results] Default Internal buffer planner executed successfully
[2025-10-06 17:26:17.936] [9080] [HailoRT] [info] [device_internal.cpp:57] [configure] Configuring HEF took 14.565546 milliseconds
[2025-10-06 17:26:17.936] [9080] [HailoRT] [info] [vdevice.cpp:780] [configure] Configuring HEF on VDevice took 14.865065 milliseconds
[2025-10-06 17:26:17.936] [9080] [HailoRT] [info] [core_op.cpp:156] [activate] Activating skillcheck_mobilenetv4_conv_small_620x420 took 0.189501 milliseconds. Note that the function is asynchronous and thus the network is not fully activated yet.
[2025-10-06 17:26:17.936] [9080] [HailoRT] [info] [core_op.cpp:156] [activate] Activating skillcheck_mobilenetv4_conv_small_620x420 took 0.205187 milliseconds. Note that the function is asynchronous and thus the network is not fully activated yet.
[2025-10-06 17:26:17.936] [9080] [HailoRT] [info] [edge_elements.cpp:52] [create] Created (HwWriteEl13skillcheck_mobilenetv4_conv_small_620x420/input_layer1 | hw_frame_size: 781200)
[2025-10-06 17:26:17.936] [9080] [HailoRT] [info] [vstream.cpp:754] [InputVStreamImpl] Creating skillcheck_mobilenetv4_conv_small_620x420/input_layer1...
[2025-10-06 17:26:17.936] [9080] [HailoRT] [info] [vstream_builder.cpp:102] [create_inputs] Input pipeline 'skillcheck_mobilenetv4_conv_small_620x420/input_layer1': (HwWriteEl13skillcheck_mobilenetv4_conv_small_620x420/input_layer1 | hw_frame_size: 781200) >> HW
[2025-10-06 17:26:17.936] [9080] [HailoRT] [info] [edge_elements.cpp:287] [create] Created (HwReadEl12skillcheck_mobilenetv4_conv_small_620x420/conv34 | hw_frame_size: 16)
[2025-10-06 17:26:17.936] [9080] [HailoRT] [info] [queue_elements.cpp:657] [create] Created (PullQEl_hw_read12skillcheck_mobilenetv4_conv_small_620x420/conv34)
[2025-10-06 17:26:17.937] [9080] [HailoRT] [info] [filter_elements.cpp:372] [create] Created (PostInferEl12skillcheck_mobilenetv4_conv_small_620x420/conv34 | Quantization - src_type: UINT8, dst_type FLOAT32, limvals_min: -13.2987, limvals_max: 5.54112 | Reorder - src_order: FCR, src_shape: (1, 1, 16), dst_order: FCR, dst_shape: (1, 1, 12))
[2025-10-06 17:26:17.937] [9080] [HailoRT] [info] [queue_elements.cpp:800] [create] Created (UserBuffQEl12skillcheck_mobilenetv4_conv_small_620x420/conv34 | timeout: 10s)
[2025-10-06 17:26:17.937] [9080] [HailoRT] [info] [vstream.cpp:1114] [OutputVStreamImpl] Creating skillcheck_mobilenetv4_conv_small_620x420/conv34...
[2025-10-06 17:26:17.937] [9080] [HailoRT] [info] [vstream_builder.cpp:220] [create_outputs] Output pipeline 'skillcheck_mobilenetv4_conv_small_620x420/conv34': HW >> (HwReadEl12skillcheck_mobilenetv4_conv_small_620x420/conv34 | hw_frame_size: 16) >> (PullQEl_hw_read12skillcheck_mobilenetv4_conv_small_620x420/conv34) >> (PostInferEl12skillcheck_mobilenetv4_conv_small_620x420/conv34 | Quantization - src_type: UINT8, dst_type FLOAT32, limvals_min: -13.2987, limvals_max: 5.54112 | Reorder - src_order: FCR, src_shape: (1, 1, 16), dst_order: FCR, dst_shape: (1, 1, 12)) >> (UserBuffQEl12skillcheck_mobilenetv4_conv_small_620x420/conv34 | timeout: 10s)
[2025-10-06 17:26:31.171] [9087] [HailoRT] [info] [queue_elements.cpp:855] [run_in_thread] Shutdown event was signaled in dequeue of UserBuffQEl12skillcheck_mobilenetv4_conv_small_620x420/conv34!
[2025-10-06 17:26:31.171] [9086] [HailoRT] [info] [vdevice_native_stream.cpp:331] [read_impl] Failed read from stream HAILO_STREAM_ABORT(63) (device: 0001:01:00.0)
[2025-10-06 17:26:31.171] [9086] [HailoRT] [info] [edge_elements.cpp:396] [run_pull] Reading from stream was aborted!
[2025-10-06 17:26:31.171] [9086] [HailoRT] [info] [queue_elements.cpp:738] [run_in_thread] run_pull of queue element PullQEl_hw_read12skillcheck_mobilenetv4_conv_small_620x420/conv34 was aborted!
[2025-10-06 17:26:31.171] [9086] [HailoRT] [info] [queue_elements.cpp:68] [operator()] Thread in element PullQEl_hw_read12skillcheck_mobilenetv4_conv_small_620x420/conv34 is not running anymore, exiting..
[2025-10-06 17:26:31.171] [9080] [HailoRT] [info] [queue_elements.cpp:46] [~BaseQueueElement] Queue element PullQEl_hw_read12skillcheck_mobilenetv4_conv_small_620x420/conv34 has 0 frames in his Queue on destruction
[2025-10-06 17:26:31.171] [9087] [HailoRT] [info] [queue_elements.cpp:68] [operator()] Thread in element UserBuffQEl12skillcheck_mobilenetv4_conv_small_620x420/conv34 is not running anymore, exiting..
[2025-10-06 17:26:31.171] [9080] [HailoRT] [info] [queue_elements.cpp:46] [~BaseQueueElement] Queue element UserBuffQEl12skillcheck_mobilenetv4_conv_small_620x420/conv34 has 0 frames in his Queue on destruction
[2025-10-06 17:26:31.171] [9080] [HailoRT] [info] [core_op.cpp:186] [deactivate] Deactivating took 0.386669 ms
[2025-10-06 17:26:31.171] [9080] [HailoRT] [info] [core_op.cpp:186] [deactivate] Deactivating took 0.397835 ms
[2025-10-06 18:26:27.623] [9549] [HailoRT] [info] [hef.cpp:1994] [get_network_group_and_network_name] No name was given. Addressing all networks of default network_group: skillcheck_mobilenetv4_conv_small_620x420
[2025-10-06 18:26:27.623] [9549] [HailoRT] [info] [hef.cpp:1994] [get_network_group_and_network_name] No name was given. Addressing all networks of default network_group: skillcheck_mobilenetv4_conv_small_620x420
[2025-10-06 18:26:27.745] [9549] [HailoRT] [info] [vdevice.cpp:535] [create] Creating vdevice with params: device_count: 1, scheduling_algorithm: NONE, multi_process_service: false
[2025-10-06 18:26:27.757] [9549] [HailoRT] [info] [device.cpp:51] [Device] OS Version: Linux 6.12.47+rpt-rpi-2712 #1 SMP PREEMPT Debian 1:6.12.47-1+rpt1~bookworm (2025-09-16) aarch64
[2025-10-06 18:26:27.757] [9549] [HailoRT] [info] [control.cpp:113] [control__parse_identify_results] firmware_version is: 4.23.0
[2025-10-06 18:26:27.758] [9549] [HailoRT] [info] [vdevice.cpp:682] [create] VDevice Infos: 0001:01:00.0
[2025-10-06 18:26:27.767] [9549] [HailoRT] [info] [buffer_requirements.cpp:198] [find_initial_desc_page_size] Using non-default initial_desc_page_size of 64, due to a small transfer size (16)
[2025-10-06 18:26:27.767] [9549] [HailoRT] [info] [internal_buffer_manager.cpp:75] [print_execution_results] Default Internal buffer planner failed to meet requirements
[2025-10-06 18:26:27.767] [9549] [HailoRT] [info] [internal_buffer_manager.cpp:86] [print_execution_results] Default Internal buffer planner executed successfully
[2025-10-06 18:26:27.776] [9549] [HailoRT] [info] [device_internal.cpp:57] [configure] Configuring HEF took 15.366306 milliseconds
[2025-10-06 18:26:27.776] [9549] [HailoRT] [info] [vdevice.cpp:780] [configure] Configuring HEF on VDevice took 15.675678 milliseconds
[2025-10-06 18:26:27.780] [9549] [HailoRT] [info] [core_op.cpp:156] [activate] Activating skillcheck_mobilenetv4_conv_small_620x420 took 0.306076 milliseconds. Note that the function is asynchronous and thus the network is not fully activated yet.
[2025-10-06 18:26:27.780] [9549] [HailoRT] [info] [core_op.cpp:156] [activate] Activating skillcheck_mobilenetv4_conv_small_620x420 took 0.324039 milliseconds. Note that the function is asynchronous and thus the network is not fully activated yet.
[2025-10-06 18:26:27.780] [9549] [HailoRT] [info] [edge_elements.cpp:52] [create] Created (HwWriteEl13skillcheck_mobilenetv4_conv_small_620x420/input_layer1 | hw_frame_size: 781200)
[2025-10-06 18:26:27.780] [9549] [HailoRT] [info] [vstream.cpp:754] [InputVStreamImpl] Creating skillcheck_mobilenetv4_conv_small_620x420/input_layer1...
[2025-10-06 18:26:27.780] [9549] [HailoRT] [info] [vstream_builder.cpp:102] [create_inputs] Input pipeline 'skillcheck_mobilenetv4_conv_small_620x420/input_layer1': (HwWriteEl13skillcheck_mobilenetv4_conv_small_620x420/input_layer1 | hw_frame_size: 781200) >> HW
[2025-10-06 18:26:27.780] [9549] [HailoRT] [info] [edge_elements.cpp:287] [create] Created (HwReadEl12skillcheck_mobilenetv4_conv_small_620x420/conv34 | hw_frame_size: 16)
[2025-10-06 18:26:27.780] [9549] [HailoRT] [info] [queue_elements.cpp:657] [create] Created (PullQEl_hw_read12skillcheck_mobilenetv4_conv_small_620x420/conv34)
[2025-10-06 18:26:27.780] [9549] [HailoRT] [info] [filter_elements.cpp:372] [create] Created (PostInferEl12skillcheck_mobilenetv4_conv_small_620x420/conv34 | Quantization - src_type: UINT8, dst_type FLOAT32, limvals_min: -13.2987, limvals_max: 5.54112 | Reorder - src_order: FCR, src_shape: (1, 1, 16), dst_order: FCR, dst_shape: (1, 1, 12))
[2025-10-06 18:26:27.780] [9549] [HailoRT] [info] [queue_elements.cpp:800] [create] Created (UserBuffQEl12skillcheck_mobilenetv4_conv_small_620x420/conv34 | timeout: 10s)
[2025-10-06 18:26:27.780] [9549] [HailoRT] [info] [vstream.cpp:1114] [OutputVStreamImpl] Creating skillcheck_mobilenetv4_conv_small_620x420/conv34...
[2025-10-06 18:26:27.780] [9549] [HailoRT] [info] [vstream_builder.cpp:220] [create_outputs] Output pipeline 'skillcheck_mobilenetv4_conv_small_620x420/conv34': HW >> (HwReadEl12skillcheck_mobilenetv4_conv_small_620x420/conv34 | hw_frame_size: 16) >> (PullQEl_hw_read12skillcheck_mobilenetv4_conv_small_620x420/conv34) >> (PostInferEl12skillcheck_mobilenetv4_conv_small_620x420/conv34 | Quantization - src_type: UINT8, dst_type FLOAT32, limvals_min: -13.2987, limvals_max: 5.54112 | Reorder - src_order: FCR, src_shape: (1, 1, 16), dst_order: FCR, dst_shape: (1, 1, 12)) >> (UserBuffQEl12skillcheck_mobilenetv4_conv_small_620x420/conv34 | timeout: 10s)
[2025-10-06 18:29:04.190] [9601] [HailoRT] [info] [vdevice_native_stream.cpp:331] [read_impl] Failed read from stream HAILO_STREAM_ABORT(63) (device: 0001:01:00.0)
[2025-10-06 18:29:04.190] [9601] [HailoRT] [info] [edge_elements.cpp:396] [run_pull] Reading from stream was aborted!
[2025-10-06 18:29:04.190] [9601] [HailoRT] [info] [queue_elements.cpp:738] [run_in_thread] run_pull of queue element PullQEl_hw_read12skillcheck_mobilenetv4_conv_small_620x420/conv34 was aborted!
[2025-10-06 18:29:04.190] [9602] [HailoRT] [info] [queue_elements.cpp:855] [run_in_thread] Shutdown event was signaled in dequeue of UserBuffQEl12skillcheck_mobilenetv4_conv_small_620x420/conv34!
[2025-10-06 18:29:04.190] [9601] [HailoRT] [info] [queue_elements.cpp:68] [operator()] Thread in element PullQEl_hw_read12skillcheck_mobilenetv4_conv_small_620x420/conv34 is not running anymore, exiting..
[2025-10-06 18:29:04.190] [9532] [HailoRT] [info] [queue_elements.cpp:46] [~BaseQueueElement] Queue element PullQEl_hw_read12skillcheck_mobilenetv4_conv_small_620x420/conv34 has 0 frames in his Queue on destruction
[2025-10-06 18:29:04.190] [9602] [HailoRT] [info] [queue_elements.cpp:68] [operator()] Thread in element UserBuffQEl12skillcheck_mobilenetv4_conv_small_620x420/conv34 is not running anymore, exiting..
[2025-10-06 18:29:04.191] [9532] [HailoRT] [info] [queue_elements.cpp:46] [~BaseQueueElement] Queue element UserBuffQEl12skillcheck_mobilenetv4_conv_small_620x420/conv34 has 0 frames in his Queue on destruction
[2025-10-06 18:29:04.191] [9532] [HailoRT] [info] [core_op.cpp:186] [deactivate] Deactivating took 0.373114 ms
[2025-10-06 18:29:04.191] [9532] [HailoRT] [info] [core_op.cpp:186] [deactivate] Deactivating took 0.381965 ms
[2025-10-06 18:29:38.646] [9655] [HailoRT] [info] [hef.cpp:1994] [get_network_group_and_network_name] No name was given. Addressing all networks of default network_group: skillcheck_mobilenetv4_conv_small_620x420
[2025-10-06 18:29:38.646] [9655] [HailoRT] [info] [hef.cpp:1994] [get_network_group_and_network_name] No name was given. Addressing all networks of default network_group: skillcheck_mobilenetv4_conv_small_620x420
[2025-10-06 18:29:38.830] [9655] [HailoRT] [info] [vdevice.cpp:535] [create] Creating vdevice with params: device_count: 1, scheduling_algorithm: NONE, multi_process_service: false
[2025-10-06 18:29:38.842] [9655] [HailoRT] [info] [device.cpp:51] [Device] OS Version: Linux 6.12.47+rpt-rpi-2712 #1 SMP PREEMPT Debian 1:6.12.47-1+rpt1~bookworm (2025-09-16) aarch64
[2025-10-06 18:29:38.842] [9655] [HailoRT] [info] [control.cpp:113] [control__parse_identify_results] firmware_version is: 4.23.0
[2025-10-06 18:29:38.842] [9655] [HailoRT] [info] [vdevice.cpp:682] [create] VDevice Infos: 0001:01:00.0
[2025-10-06 18:29:38.850] [9655] [HailoRT] [info] [buffer_requirements.cpp:198] [find_initial_desc_page_size] Using non-default initial_desc_page_size of 64, due to a small transfer size (16)
[2025-10-06 18:29:38.850] [9655] [HailoRT] [info] [internal_buffer_manager.cpp:75] [print_execution_results] Default Internal buffer planner failed to meet requirements
[2025-10-06 18:29:38.869] [9655] [HailoRT] [info] [internal_buffer_manager.cpp:86] [print_execution_results] Default Internal buffer planner executed successfully
[2025-10-06 18:29:38.877] [9655] [HailoRT] [info] [device_internal.cpp:57] [configure] Configuring HEF took 34.709689 milliseconds
[2025-10-06 18:29:38.877] [9655] [HailoRT] [info] [vdevice.cpp:780] [configure] Configuring HEF on VDevice took 35.01095 milliseconds
[2025-10-06 18:29:38.878] [9655] [HailoRT] [info] [core_op.cpp:156] [activate] Activating skillcheck_mobilenetv4_conv_small_620x420 took 0.340484 milliseconds. Note that the function is asynchronous and thus the network is not fully activated yet.
[2025-10-06 18:29:38.878] [9655] [HailoRT] [info] [core_op.cpp:156] [activate] Activating skillcheck_mobilenetv4_conv_small_620x420 took 0.391077 milliseconds. Note that the function is asynchronous and thus the network is not fully activated yet.
[2025-10-06 18:29:38.878] [9655] [HailoRT] [info] [edge_elements.cpp:52] [create] Created (HwWriteEl13skillcheck_mobilenetv4_conv_small_620x420/input_layer1 | hw_frame_size: 781200)
[2025-10-06 18:29:38.878] [9655] [HailoRT] [info] [vstream.cpp:754] [InputVStreamImpl] Creating skillcheck_mobilenetv4_conv_small_620x420/input_layer1...
[2025-10-06 18:29:38.878] [9655] [HailoRT] [info] [vstream_builder.cpp:102] [create_inputs] Input pipeline 'skillcheck_mobilenetv4_conv_small_620x420/input_layer1': (HwWriteEl13skillcheck_mobilenetv4_conv_small_620x420/input_layer1 | hw_frame_size: 781200) >> HW
[2025-10-06 18:29:38.879] [9655] [HailoRT] [info] [edge_elements.cpp:287] [create] Created (HwReadEl12skillcheck_mobilenetv4_conv_small_620x420/conv34 | hw_frame_size: 16)
[2025-10-06 18:29:38.879] [9655] [HailoRT] [info] [queue_elements.cpp:657] [create] Created (PullQEl_hw_read12skillcheck_mobilenetv4_conv_small_620x420/conv34)
[2025-10-06 18:29:38.879] [9655] [HailoRT] [info] [filter_elements.cpp:372] [create] Created (PostInferEl12skillcheck_mobilenetv4_conv_small_620x420/conv34 | Quantization - src_type: UINT8, dst_type FLOAT32, limvals_min: -13.2987, limvals_max: 5.54112 | Reorder - src_order: FCR, src_shape: (1, 1, 16), dst_order: FCR, dst_shape: (1, 1, 12))
[2025-10-06 18:29:38.879] [9655] [HailoRT] [info] [queue_elements.cpp:800] [create] Created (UserBuffQEl12skillcheck_mobilenetv4_conv_small_620x420/conv34 | timeout: 10s)
[2025-10-06 18:29:38.879] [9655] [HailoRT] [info] [vstream.cpp:1114] [OutputVStreamImpl] Creating skillcheck_mobilenetv4_conv_small_620x420/conv34...
[2025-10-06 18:29:38.879] [9655] [HailoRT] [info] [vstream_builder.cpp:220] [create_outputs] Output pipeline 'skillcheck_mobilenetv4_conv_small_620x420/conv34': HW >> (HwReadEl12skillcheck_mobilenetv4_conv_small_620x420/conv34 | hw_frame_size: 16) >> (PullQEl_hw_read12skillcheck_mobilenetv4_conv_small_620x420/conv34) >> (PostInferEl12skillcheck_mobilenetv4_conv_small_620x420/conv34 | Quantization - src_type: UINT8, dst_type FLOAT32, limvals_min: -13.2987, limvals_max: 5.54112 | Reorder - src_order: FCR, src_shape: (1, 1, 16), dst_order: FCR, dst_shape: (1, 1, 12)) >> (UserBuffQEl12skillcheck_mobilenetv4_conv_small_620x420/conv34 | timeout: 10s)
[2025-10-06 18:31:36.945] [9709] [HailoRT] [info] [queue_elements.cpp:855] [run_in_thread] Shutdown event was signaled in dequeue of UserBuffQEl12skillcheck_mobilenetv4_conv_small_620x420/conv34!
[2025-10-06 18:31:36.945] [9708] [HailoRT] [info] [vdevice_native_stream.cpp:331] [read_impl] Failed read from stream HAILO_STREAM_ABORT(63) (device: 0001:01:00.0)
[2025-10-06 18:31:36.945] [9708] [HailoRT] [info] [edge_elements.cpp:396] [run_pull] Reading from stream was aborted!
[2025-10-06 18:31:36.945] [9708] [HailoRT] [info] [queue_elements.cpp:738] [run_in_thread] run_pull of queue element PullQEl_hw_read12skillcheck_mobilenetv4_conv_small_620x420/conv34 was aborted!
[2025-10-06 18:31:36.945] [9708] [HailoRT] [info] [queue_elements.cpp:68] [operator()] Thread in element PullQEl_hw_read12skillcheck_mobilenetv4_conv_small_620x420/conv34 is not running anymore, exiting..
[2025-10-06 18:31:36.945] [9649] [HailoRT] [info] [queue_elements.cpp:46] [~BaseQueueElement] Queue element PullQEl_hw_read12skillcheck_mobilenetv4_conv_small_620x420/conv34 has 0 frames in his Queue on destruction
[2025-10-06 18:31:36.945] [9709] [HailoRT] [info] [queue_elements.cpp:68] [operator()] Thread in element UserBuffQEl12skillcheck_mobilenetv4_conv_small_620x420/conv34 is not running anymore, exiting..
[2025-10-06 18:31:36.945] [9649] [HailoRT] [info] [queue_elements.cpp:46] [~BaseQueueElement] Queue element UserBuffQEl12skillcheck_mobilenetv4_conv_small_620x420/conv34 has 0 frames in his Queue on destruction
[2025-10-06 18:31:36.956] [9649] [HailoRT] [info] [core_op.cpp:186] [deactivate] Deactivating took 0.415928 ms
[2025-10-06 18:31:36.956] [9649] [HailoRT] [info] [core_op.cpp:186] [deactivate] Deactivating took 0.474355 ms
[2025-10-06 18:49:01.985] [12217] [HailoRT] [info] [hef.cpp:1994] [get_network_group_and_network_name] No name was given. Addressing all networks of default network_group: skillcheck_mobilenetv4_conv_small_620x420
[2025-10-06 18:49:01.985] [12217] [HailoRT] [info] [hef.cpp:1994] [get_network_group_and_network_name] No name was given. Addressing all networks of default network_group: skillcheck_mobilenetv4_conv_small_620x420
[2025-10-06 18:49:02.171] [12217] [HailoRT] [info] [vdevice.cpp:535] [create] Creating vdevice with params: device_count: 1, scheduling_algorithm: NONE, multi_process_service: false
[2025-10-06 18:49:02.182] [12217] [HailoRT] [info] [device.cpp:51] [Device] OS Version: Linux 6.12.47+rpt-rpi-2712 #1 SMP PREEMPT Debian 1:6.12.47-1+rpt1~bookworm (2025-09-16) aarch64
[2025-10-06 18:49:02.182] [12217] [HailoRT] [info] [control.cpp:113] [control__parse_identify_results] firmware_version is: 4.23.0
[2025-10-06 18:49:02.182] [12217] [HailoRT] [info] [vdevice.cpp:682] [create] VDevice Infos: 0001:01:00.0
[2025-10-06 18:49:02.189] [12217] [HailoRT] [info] [buffer_requirements.cpp:198] [find_initial_desc_page_size] Using non-default initial_desc_page_size of 64, due to a small transfer size (16)
[2025-10-06 18:49:02.189] [12217] [HailoRT] [info] [internal_buffer_manager.cpp:75] [print_execution_results] Default Internal buffer planner failed to meet requirements
[2025-10-06 18:49:02.189] [12217] [HailoRT] [info] [internal_buffer_manager.cpp:86] [print_execution_results] Default Internal buffer planner executed successfully
[2025-10-06 18:49:02.199] [12217] [HailoRT] [info] [device_internal.cpp:57] [configure] Configuring HEF took 15.524451 milliseconds
[2025-10-06 18:49:02.199] [12217] [HailoRT] [info] [vdevice.cpp:780] [configure] Configuring HEF on VDevice took 15.874991 milliseconds
[2025-10-06 18:49:02.199] [12217] [HailoRT] [info] [core_op.cpp:156] [activate] Activating skillcheck_mobilenetv4_conv_small_620x420 took 0.206779 milliseconds. Note that the function is asynchronous and thus the network is not fully activated yet.
[2025-10-06 18:49:02.199] [12217] [HailoRT] [info] [core_op.cpp:156] [activate] Activating skillcheck_mobilenetv4_conv_small_620x420 took 0.220631 milliseconds. Note that the function is asynchronous and thus the network is not fully activated yet.
[2025-10-06 18:49:02.199] [12217] [HailoRT] [info] [edge_elements.cpp:52] [create] Created (HwWriteEl13skillcheck_mobilenetv4_conv_small_620x420/input_layer1 | hw_frame_size: 781200)
[2025-10-06 18:49:02.199] [12217] [HailoRT] [info] [vstream.cpp:754] [InputVStreamImpl] Creating skillcheck_mobilenetv4_conv_small_620x420/input_layer1...
[2025-10-06 18:49:02.199] [12217] [HailoRT] [info] [vstream_builder.cpp:102] [create_inputs] Input pipeline 'skillcheck_mobilenetv4_conv_small_620x420/input_layer1': (HwWriteEl13skillcheck_mobilenetv4_conv_small_620x420/input_layer1 | hw_frame_size: 781200) >> HW
[2025-10-06 18:49:02.199] [12217] [HailoRT] [info] [edge_elements.cpp:287] [create] Created (HwReadEl12skillcheck_mobilenetv4_conv_small_620x420/conv34 | hw_frame_size: 16)
[2025-10-06 18:49:02.200] [12217] [HailoRT] [info] [queue_elements.cpp:657] [create] Created (PullQEl_hw_read12skillcheck_mobilenetv4_conv_small_620x420/conv34)
[2025-10-06 18:49:02.200] [12217] [HailoRT] [info] [filter_elements.cpp:372] [create] Created (PostInferEl12skillcheck_mobilenetv4_conv_small_620x420/conv34 | Quantization - src_type: UINT8, dst_type FLOAT32, limvals_min: -13.2987, limvals_max: 5.54112 | Reorder - src_order: FCR, src_shape: (1, 1, 16), dst_order: FCR, dst_shape: (1, 1, 12))
[2025-10-06 18:49:02.200] [12217] [HailoRT] [info] [queue_elements.cpp:800] [create] Created (UserBuffQEl12skillcheck_mobilenetv4_conv_small_620x420/conv34 | timeout: 10s)
[2025-10-06 18:49:02.200] [12217] [HailoRT] [info] [vstream.cpp:1114] [OutputVStreamImpl] Creating skillcheck_mobilenetv4_conv_small_620x420/conv34...
[2025-10-06 18:49:02.200] [12217] [HailoRT] [info] [vstream_builder.cpp:220] [create_outputs] Output pipeline 'skillcheck_mobilenetv4_conv_small_620x420/conv34': HW >> (HwReadEl12skillcheck_mobilenetv4_conv_small_620x420/conv34 | hw_frame_size: 16) >> (PullQEl_hw_read12skillcheck_mobilenetv4_conv_small_620x420/conv34) >> (PostInferEl12skillcheck_mobilenetv4_conv_small_620x420/conv34 | Quantization - src_type: UINT8, dst_type FLOAT32, limvals_min: -13.2987, limvals_max: 5.54112 | Reorder - src_order: FCR, src_shape: (1, 1, 16), dst_order: FCR, dst_shape: (1, 1, 12)) >> (UserBuffQEl12skillcheck_mobilenetv4_conv_small_620x420/conv34 | timeout: 10s)
[2025-10-06 18:49:50.114] [12271] [HailoRT] [info] [queue_elements.cpp:855] [run_in_thread] Shutdown event was signaled in dequeue of UserBuffQEl12skillcheck_mobilenetv4_conv_small_620x420/conv34!
[2025-10-06 18:49:50.114] [12270] [HailoRT] [info] [vdevice_native_stream.cpp:331] [read_impl] Failed read from stream HAILO_STREAM_ABORT(63) (device: 0001:01:00.0)
[2025-10-06 18:49:50.114] [12270] [HailoRT] [info] [edge_elements.cpp:396] [run_pull] Reading from stream was aborted!
[2025-10-06 18:49:50.114] [12270] [HailoRT] [info] [queue_elements.cpp:738] [run_in_thread] run_pull of queue element PullQEl_hw_read12skillcheck_mobilenetv4_conv_small_620x420/conv34 was aborted!
[2025-10-06 18:49:50.114] [12270] [HailoRT] [info] [queue_elements.cpp:68] [operator()] Thread in element PullQEl_hw_read12skillcheck_mobilenetv4_conv_small_620x420/conv34 is not running anymore, exiting..
[2025-10-06 18:49:50.114] [12211] [HailoRT] [info] [queue_elements.cpp:46] [~BaseQueueElement] Queue element PullQEl_hw_read12skillcheck_mobilenetv4_conv_small_620x420/conv34 has 0 frames in his Queue on destruction
[2025-10-06 18:49:50.114] [12271] [HailoRT] [info] [queue_elements.cpp:68] [operator()] Thread in element UserBuffQEl12skillcheck_mobilenetv4_conv_small_620x420/conv34 is not running anymore, exiting..
[2025-10-06 18:49:50.114] [12211] [HailoRT] [info] [queue_elements.cpp:46] [~BaseQueueElement] Queue element UserBuffQEl12skillcheck_mobilenetv4_conv_small_620x420/conv34 has 0 frames in his Queue on destruction
[2025-10-06 18:49:50.114] [12211] [HailoRT] [info] [core_op.cpp:186] [deactivate] Deactivating took 0.38728 ms
[2025-10-06 18:49:50.114] [12211] [HailoRT] [info] [core_op.cpp:186] [deactivate] Deactivating took 0.398466 ms
[2025-10-06 19:11:42.767] [13364] [HailoRT] [info] [hef.cpp:1994] [get_network_group_and_network_name] No name was given. Addressing all networks of default network_group: skillcheck_mobilenetv4_conv_small_620x420
[2025-10-06 19:11:42.768] [13364] [HailoRT] [info] [hef.cpp:1994] [get_network_group_and_network_name] No name was given. Addressing all networks of default network_group: skillcheck_mobilenetv4_conv_small_620x420
[2025-10-06 19:11:42.927] [13364] [HailoRT] [info] [vdevice.cpp:535] [create] Creating vdevice with params: device_count: 1, scheduling_algorithm: NONE, multi_process_service: false
[2025-10-06 19:11:42.942] [13364] [HailoRT] [info] [device.cpp:51] [Device] OS Version: Linux 6.12.47+rpt-rpi-2712 #1 SMP PREEMPT Debian 1:6.12.47-1+rpt1~bookworm (2025-09-16) aarch64
[2025-10-06 19:11:42.943] [13364] [HailoRT] [info] [control.cpp:113] [control__parse_identify_results] firmware_version is: 4.23.0
[2025-10-06 19:11:42.943] [13364] [HailoRT] [info] [vdevice.cpp:682] [create] VDevice Infos: 0001:01:00.0
[2025-10-06 19:11:42.948] [13364] [HailoRT] [info] [buffer_requirements.cpp:198] [find_initial_desc_page_size] Using non-default initial_desc_page_size of 64, due to a small transfer size (16)
[2025-10-06 19:11:42.949] [13364] [HailoRT] [info] [internal_buffer_manager.cpp:75] [print_execution_results] Default Internal buffer planner failed to meet requirements
[2025-10-06 19:11:42.949] [13364] [HailoRT] [info] [internal_buffer_manager.cpp:86] [print_execution_results] Default Internal buffer planner executed successfully
[2025-10-06 19:11:42.963] [13364] [HailoRT] [info] [device_internal.cpp:57] [configure] Configuring HEF took 19.709914 milliseconds
[2025-10-06 19:11:42.963] [13364] [HailoRT] [info] [vdevice.cpp:780] [configure] Configuring HEF on VDevice took 20.007694 milliseconds
[2025-10-06 19:11:42.964] [13364] [HailoRT] [info] [core_op.cpp:156] [activate] Activating skillcheck_mobilenetv4_conv_small_620x420 took 0.267188 milliseconds. Note that the function is asynchronous and thus the network is not fully activated yet.
[2025-10-06 19:11:42.964] [13364] [HailoRT] [info] [core_op.cpp:156] [activate] Activating skillcheck_mobilenetv4_conv_small_620x420 took 0.294873 milliseconds. Note that the function is asynchronous and thus the network is not fully activated yet.
[2025-10-06 19:11:42.964] [13364] [HailoRT] [info] [edge_elements.cpp:52] [create] Created (HwWriteEl13skillcheck_mobilenetv4_conv_small_620x420/input_layer1 | hw_frame_size: 781200)
[2025-10-06 19:11:42.964] [13364] [HailoRT] [info] [vstream.cpp:754] [InputVStreamImpl] Creating skillcheck_mobilenetv4_conv_small_620x420/input_layer1...
[2025-10-06 19:11:42.964] [13364] [HailoRT] [info] [vstream_builder.cpp:102] [create_inputs] Input pipeline 'skillcheck_mobilenetv4_conv_small_620x420/input_layer1': (HwWriteEl13skillcheck_mobilenetv4_conv_small_620x420/input_layer1 | hw_frame_size: 781200) >> HW
[2025-10-06 19:11:42.965] [13364] [HailoRT] [info] [edge_elements.cpp:287] [create] Created (HwReadEl12skillcheck_mobilenetv4_conv_small_620x420/conv34 | hw_frame_size: 16)
[2025-10-06 19:11:42.967] [13364] [HailoRT] [info] [queue_elements.cpp:657] [create] Created (PullQEl_hw_read12skillcheck_mobilenetv4_conv_small_620x420/conv34)
[2025-10-06 19:11:42.967] [13364] [HailoRT] [info] [filter_elements.cpp:372] [create] Created (PostInferEl12skillcheck_mobilenetv4_conv_small_620x420/conv34 | Quantization - src_type: UINT8, dst_type FLOAT32, limvals_min: -13.2987, limvals_max: 5.54112 | Reorder - src_order: FCR, src_shape: (1, 1, 16), dst_order: FCR, dst_shape: (1, 1, 12))
[2025-10-06 19:11:42.967] [13364] [HailoRT] [info] [queue_elements.cpp:800] [create] Created (UserBuffQEl12skillcheck_mobilenetv4_conv_small_620x420/conv34 | timeout: 10s)
[2025-10-06 19:11:42.967] [13364] [HailoRT] [info] [vstream.cpp:1114] [OutputVStreamImpl] Creating skillcheck_mobilenetv4_conv_small_620x420/conv34...
[2025-10-06 19:11:42.967] [13364] [HailoRT] [info] [vstream_builder.cpp:220] [create_outputs] Output pipeline 'skillcheck_mobilenetv4_conv_small_620x420/conv34': HW >> (HwReadEl12skillcheck_mobilenetv4_conv_small_620x420/conv34 | hw_frame_size: 16) >> (PullQEl_hw_read12skillcheck_mobilenetv4_conv_small_620x420/conv34) >> (PostInferEl12skillcheck_mobilenetv4_conv_small_620x420/conv34 | Quantization - src_type: UINT8, dst_type FLOAT32, limvals_min: -13.2987, limvals_max: 5.54112 | Reorder - src_order: FCR, src_shape: (1, 1, 16), dst_order: FCR, dst_shape: (1, 1, 12)) >> (UserBuffQEl12skillcheck_mobilenetv4_conv_small_620x420/conv34 | timeout: 10s)
[2025-10-06 19:12:34.510] [13372] [HailoRT] [info] [queue_elements.cpp:855] [run_in_thread] Shutdown event was signaled in dequeue of UserBuffQEl12skillcheck_mobilenetv4_conv_small_620x420/conv34!
[2025-10-06 19:12:34.510] [13371] [HailoRT] [info] [vdevice_native_stream.cpp:331] [read_impl] Failed read from stream HAILO_STREAM_ABORT(63) (device: 0001:01:00.0)
[2025-10-06 19:12:34.510] [13371] [HailoRT] [info] [edge_elements.cpp:396] [run_pull] Reading from stream was aborted!
[2025-10-06 19:12:34.510] [13371] [HailoRT] [info] [queue_elements.cpp:738] [run_in_thread] run_pull of queue element PullQEl_hw_read12skillcheck_mobilenetv4_conv_small_620x420/conv34 was aborted!
[2025-10-06 19:12:34.510] [13371] [HailoRT] [info] [queue_elements.cpp:68] [operator()] Thread in element PullQEl_hw_read12skillcheck_mobilenetv4_conv_small_620x420/conv34 is not running anymore, exiting..
[2025-10-06 19:12:34.510] [13286] [HailoRT] [info] [queue_elements.cpp:46] [~BaseQueueElement] Queue element PullQEl_hw_read12skillcheck_mobilenetv4_conv_small_620x420/conv34 has 0 frames in his Queue on destruction
[2025-10-06 19:12:34.510] [13372] [HailoRT] [info] [queue_elements.cpp:68] [operator()] Thread in element UserBuffQEl12skillcheck_mobilenetv4_conv_small_620x420/conv34 is not running anymore, exiting..
[2025-10-06 19:12:34.510] [13286] [HailoRT] [info] [queue_elements.cpp:46] [~BaseQueueElement] Queue element UserBuffQEl12skillcheck_mobilenetv4_conv_small_620x420/conv34 has 0 frames in his Queue on destruction
[2025-10-06 19:12:34.510] [13286] [HailoRT] [info] [core_op.cpp:186] [deactivate] Deactivating took 0.377837 ms
[2025-10-06 19:12:34.510] [13286] [HailoRT] [info] [core_op.cpp:186] [deactivate] Deactivating took 0.386893 ms
[2025-10-06 19:16:49.579] [14500] [HailoRT] [info] [hef.cpp:1994] [get_network_group_and_network_name] No name was given. Addressing all networks of default network_group: skillcheck_mobilenetv4_conv_small_620x420
[2025-10-06 19:16:49.579] [14500] [HailoRT] [info] [hef.cpp:1994] [get_network_group_and_network_name] No name was given. Addressing all networks of default network_group: skillcheck_mobilenetv4_conv_small_620x420
[2025-10-06 19:16:49.792] [14500] [HailoRT] [info] [vdevice.cpp:535] [create] Creating vdevice with params: device_count: 1, scheduling_algorithm: NONE, multi_process_service: false
[2025-10-06 19:16:49.804] [14500] [HailoRT] [info] [device.cpp:51] [Device] OS Version: Linux 6.12.47+rpt-rpi-2712 #1 SMP PREEMPT Debian 1:6.12.47-1+rpt1~bookworm (2025-09-16) aarch64
[2025-10-06 19:16:49.805] [14500] [HailoRT] [info] [control.cpp:113] [control__parse_identify_results] firmware_version is: 4.23.0
[2025-10-06 19:16:49.805] [14500] [HailoRT] [info] [vdevice.cpp:682] [create] VDevice Infos: 0001:01:00.0
[2025-10-06 19:16:49.810] [14500] [HailoRT] [info] [buffer_requirements.cpp:198] [find_initial_desc_page_size] Using non-default initial_desc_page_size of 64, due to a small transfer size (16)
[2025-10-06 19:16:49.811] [14500] [HailoRT] [info] [internal_buffer_manager.cpp:75] [print_execution_results] Default Internal buffer planner failed to meet requirements
[2025-10-06 19:16:49.811] [14500] [HailoRT] [info] [internal_buffer_manager.cpp:86] [print_execution_results] Default Internal buffer planner executed successfully
[2025-10-06 19:16:49.821] [14500] [HailoRT] [info] [device_internal.cpp:57] [configure] Configuring HEF took 15.327852 milliseconds
[2025-10-06 19:16:49.821] [14500] [HailoRT] [info] [vdevice.cpp:780] [configure] Configuring HEF on VDevice took 15.669798 milliseconds
[2025-10-06 19:16:49.822] [14500] [HailoRT] [info] [core_op.cpp:156] [activate] Activating skillcheck_mobilenetv4_conv_small_620x420 took 0.416467 milliseconds. Note that the function is asynchronous and thus the network is not fully activated yet.
[2025-10-06 19:16:49.822] [14500] [HailoRT] [info] [core_op.cpp:156] [activate] Activating skillcheck_mobilenetv4_conv_small_620x420 took 0.533967 milliseconds. Note that the function is asynchronous and thus the network is not fully activated yet.
[2025-10-06 19:16:49.822] [14500] [HailoRT] [info] [edge_elements.cpp:52] [create] Created (HwWriteEl13skillcheck_mobilenetv4_conv_small_620x420/input_layer1 | hw_frame_size: 781200)
[2025-10-06 19:16:49.822] [14500] [HailoRT] [info] [vstream.cpp:754] [InputVStreamImpl] Creating skillcheck_mobilenetv4_conv_small_620x420/input_layer1...
[2025-10-06 19:16:49.823] [14500] [HailoRT] [info] [vstream_builder.cpp:102] [create_inputs] Input pipeline 'skillcheck_mobilenetv4_conv_small_620x420/input_layer1': (HwWriteEl13skillcheck_mobilenetv4_conv_small_620x420/input_layer1 | hw_frame_size: 781200) >> HW
[2025-10-06 19:16:49.823] [14500] [HailoRT] [info] [edge_elements.cpp:287] [create] Created (HwReadEl12skillcheck_mobilenetv4_conv_small_620x420/conv34 | hw_frame_size: 16)
[2025-10-06 19:16:49.823] [14500] [HailoRT] [info] [queue_elements.cpp:657] [create] Created (PullQEl_hw_read12skillcheck_mobilenetv4_conv_small_620x420/conv34)
[2025-10-06 19:16:49.824] [14500] [HailoRT] [info] [filter_elements.cpp:372] [create] Created (PostInferEl12skillcheck_mobilenetv4_conv_small_620x420/conv34 | Quantization - src_type: UINT8, dst_type FLOAT32, limvals_min: -13.2987, limvals_max: 5.54112 | Reorder - src_order: FCR, src_shape: (1, 1, 16), dst_order: FCR, dst_shape: (1, 1, 12))
[2025-10-06 19:16:49.824] [14500] [HailoRT] [info] [queue_elements.cpp:800] [create] Created (UserBuffQEl12skillcheck_mobilenetv4_conv_small_620x420/conv34 | timeout: 10s)
[2025-10-06 19:16:49.824] [14500] [HailoRT] [info] [vstream.cpp:1114] [OutputVStreamImpl] Creating skillcheck_mobilenetv4_conv_small_620x420/conv34...
[2025-10-06 19:16:49.824] [14500] [HailoRT] [info] [vstream_builder.cpp:220] [create_outputs] Output pipeline 'skillcheck_mobilenetv4_conv_small_620x420/conv34': HW >> (HwReadEl12skillcheck_mobilenetv4_conv_small_620x420/conv34 | hw_frame_size: 16) >> (PullQEl_hw_read12skillcheck_mobilenetv4_conv_small_620x420/conv34) >> (PostInferEl12skillcheck_mobilenetv4_conv_small_620x420/conv34 | Quantization - src_type: UINT8, dst_type FLOAT32, limvals_min: -13.2987, limvals_max: 5.54112 | Reorder - src_order: FCR, src_shape: (1, 1, 16), dst_order: FCR, dst_shape: (1, 1, 12)) >> (UserBuffQEl12skillcheck_mobilenetv4_conv_small_620x420/conv34 | timeout: 10s)
[2025-10-06 19:17:25.137] [14508] [HailoRT] [info] [queue_elements.cpp:855] [run_in_thread] Shutdown event was signaled in dequeue of UserBuffQEl12skillcheck_mobilenetv4_conv_small_620x420/conv34!
[2025-10-06 19:17:25.144] [14507] [HailoRT] [info] [vdevice_native_stream.cpp:331] [read_impl] Failed read from stream HAILO_STREAM_ABORT(63) (device: 0001:01:00.0)
[2025-10-06 19:17:25.144] [14507] [HailoRT] [info] [edge_elements.cpp:396] [run_pull] Reading from stream was aborted!
[2025-10-06 19:17:25.144] [14507] [HailoRT] [info] [queue_elements.cpp:738] [run_in_thread] run_pull of queue element PullQEl_hw_read12skillcheck_mobilenetv4_conv_small_620x420/conv34 was aborted!
[2025-10-06 19:17:25.144] [14444] [HailoRT] [info] [queue_elements.cpp:46] [~BaseQueueElement] Queue element PullQEl_hw_read12skillcheck_mobilenetv4_conv_small_620x420/conv34 has 0 frames in his Queue on destruction
[2025-10-06 19:17:25.144] [14508] [HailoRT] [info] [queue_elements.cpp:68] [operator()] Thread in element UserBuffQEl12skillcheck_mobilenetv4_conv_small_620x420/conv34 is not running anymore, exiting..
[2025-10-06 19:17:25.144] [14444] [HailoRT] [info] [queue_elements.cpp:46] [~BaseQueueElement] Queue element UserBuffQEl12skillcheck_mobilenetv4_conv_small_620x420/conv34 has 0 frames in his Queue on destruction
[2025-10-06 19:17:25.145] [14444] [HailoRT] [info] [core_op.cpp:186] [deactivate] Deactivating took 0.530709 ms
[2025-10-06 19:17:25.145] [14444] [HailoRT] [info] [core_op.cpp:186] [deactivate] Deactivating took 0.556967 ms
[2025-10-06 19:19:54.259] [15531] [HailoRT] [info] [hef.cpp:1994] [get_network_group_and_network_name] No name was given. Addressing all networks of default network_group: skillcheck_mobilenetv4_conv_small_620x420
[2025-10-06 19:19:54.259] [15531] [HailoRT] [info] [hef.cpp:1994] [get_network_group_and_network_name] No name was given. Addressing all networks of default network_group: skillcheck_mobilenetv4_conv_small_620x420
[2025-10-06 19:19:54.442] [15531] [HailoRT] [info] [vdevice.cpp:535] [create] Creating vdevice with params: device_count: 1, scheduling_algorithm: NONE, multi_process_service: false
[2025-10-06 19:19:54.454] [15531] [HailoRT] [info] [device.cpp:51] [Device] OS Version: Linux 6.12.47+rpt-rpi-2712 #1 SMP PREEMPT Debian 1:6.12.47-1+rpt1~bookworm (2025-09-16) aarch64
[2025-10-06 19:19:54.454] [15531] [HailoRT] [info] [control.cpp:113] [control__parse_identify_results] firmware_version is: 4.23.0
[2025-10-06 19:19:54.454] [15531] [HailoRT] [info] [vdevice.cpp:682] [create] VDevice Infos: 0001:01:00.0
[2025-10-06 19:19:54.462] [15531] [HailoRT] [info] [buffer_requirements.cpp:198] [find_initial_desc_page_size] Using non-default initial_desc_page_size of 64, due to a small transfer size (16)
[2025-10-06 19:19:54.462] [15531] [HailoRT] [info] [internal_buffer_manager.cpp:75] [print_execution_results] Default Internal buffer planner failed to meet requirements
[2025-10-06 19:19:54.462] [15531] [HailoRT] [info] [internal_buffer_manager.cpp:86] [print_execution_results] Default Internal buffer planner executed successfully
[2025-10-06 19:19:54.472] [15531] [HailoRT] [info] [device_internal.cpp:57] [configure] Configuring HEF took 15.552068 milliseconds
[2025-10-06 19:19:54.472] [15531] [HailoRT] [info] [vdevice.cpp:780] [configure] Configuring HEF on VDevice took 15.895571 milliseconds
[2025-10-06 19:19:54.474] [15531] [HailoRT] [info] [core_op.cpp:156] [activate] Activating skillcheck_mobilenetv4_conv_small_620x420 took 0.478337 milliseconds. Note that the function is asynchronous and thus the network is not fully activated yet.
[2025-10-06 19:19:54.474] [15531] [HailoRT] [info] [core_op.cpp:156] [activate] Activating skillcheck_mobilenetv4_conv_small_620x420 took 0.549486 milliseconds. Note that the function is asynchronous and thus the network is not fully activated yet.
[2025-10-06 19:19:54.475] [15531] [HailoRT] [info] [edge_elements.cpp:52] [create] Created (HwWriteEl13skillcheck_mobilenetv4_conv_small_620x420/input_layer1 | hw_frame_size: 781200)
[2025-10-06 19:19:54.475] [15531] [HailoRT] [info] [vstream.cpp:754] [InputVStreamImpl] Creating skillcheck_mobilenetv4_conv_small_620x420/input_layer1...
[2025-10-06 19:19:54.475] [15531] [HailoRT] [info] [vstream_builder.cpp:102] [create_inputs] Input pipeline 'skillcheck_mobilenetv4_conv_small_620x420/input_layer1': (HwWriteEl13skillcheck_mobilenetv4_conv_small_620x420/input_layer1 | hw_frame_size: 781200) >> HW
[2025-10-06 19:19:54.475] [15531] [HailoRT] [info] [edge_elements.cpp:287] [create] Created (HwReadEl12skillcheck_mobilenetv4_conv_small_620x420/conv34 | hw_frame_size: 16)
[2025-10-06 19:19:54.478] [15531] [HailoRT] [info] [queue_elements.cpp:657] [create] Created (PullQEl_hw_read12skillcheck_mobilenetv4_conv_small_620x420/conv34)
[2025-10-06 19:19:54.479] [15531] [HailoRT] [info] [filter_elements.cpp:372] [create] Created (PostInferEl12skillcheck_mobilenetv4_conv_small_620x420/conv34 | Quantization - src_type: UINT8, dst_type FLOAT32, limvals_min: -13.2987, limvals_max: 5.54112 | Reorder - src_order: FCR, src_shape: (1, 1, 16), dst_order: FCR, dst_shape: (1, 1, 12))
[2025-10-06 19:19:54.479] [15531] [HailoRT] [info] [queue_elements.cpp:800] [create] Created (UserBuffQEl12skillcheck_mobilenetv4_conv_small_620x420/conv34 | timeout: 10s)
[2025-10-06 19:19:54.479] [15531] [HailoRT] [info] [vstream.cpp:1114] [OutputVStreamImpl] Creating skillcheck_mobilenetv4_conv_small_620x420/conv34...
[2025-10-06 19:19:54.479] [15531] [HailoRT] [info] [vstream_builder.cpp:220] [create_outputs] Output pipeline 'skillcheck_mobilenetv4_conv_small_620x420/conv34': HW >> (HwReadEl12skillcheck_mobilenetv4_conv_small_620x420/conv34 | hw_frame_size: 16) >> (PullQEl_hw_read12skillcheck_mobilenetv4_conv_small_620x420/conv34) >> (PostInferEl12skillcheck_mobilenetv4_conv_small_620x420/conv34 | Quantization - src_type: UINT8, dst_type FLOAT32, limvals_min: -13.2987, limvals_max: 5.54112 | Reorder - src_order: FCR, src_shape: (1, 1, 16), dst_order: FCR, dst_shape: (1, 1, 12)) >> (UserBuffQEl12skillcheck_mobilenetv4_conv_small_620x420/conv34 | timeout: 10s)
[2025-10-06 19:20:13.430] [15586] [HailoRT] [info] [queue_elements.cpp:855] [run_in_thread] Shutdown event was signaled in dequeue of UserBuffQEl12skillcheck_mobilenetv4_conv_small_620x420/conv34!
[2025-10-06 19:20:13.430] [15585] [HailoRT] [info] [vdevice_native_stream.cpp:331] [read_impl] Failed read from stream HAILO_STREAM_ABORT(63) (device: 0001:01:00.0)
[2025-10-06 19:20:13.430] [15585] [HailoRT] [info] [edge_elements.cpp:396] [run_pull] Reading from stream was aborted!
[2025-10-06 19:20:13.430] [15585] [HailoRT] [info] [queue_elements.cpp:738] [run_in_thread] run_pull of queue element PullQEl_hw_read12skillcheck_mobilenetv4_conv_small_620x420/conv34 was aborted!
[2025-10-06 19:20:13.430] [15585] [HailoRT] [info] [queue_elements.cpp:68] [operator()] Thread in element PullQEl_hw_read12skillcheck_mobilenetv4_conv_small_620x420/conv34 is not running anymore, exiting..
[2025-10-06 19:20:13.430] [15525] [HailoRT] [info] [queue_elements.cpp:46] [~BaseQueueElement] Queue element PullQEl_hw_read12skillcheck_mobilenetv4_conv_small_620x420/conv34 has 0 frames in his Queue on destruction
[2025-10-06 19:20:13.430] [15586] [HailoRT] [info] [queue_elements.cpp:68] [operator()] Thread in element UserBuffQEl12skillcheck_mobilenetv4_conv_small_620x420/conv34 is not running anymore, exiting..
[2025-10-06 19:20:13.430] [15525] [HailoRT] [info] [queue_elements.cpp:46] [~BaseQueueElement] Queue element UserBuffQEl12skillcheck_mobilenetv4_conv_small_620x420/conv34 has 0 frames in his Queue on destruction
[2025-10-06 19:20:13.431] [15525] [HailoRT] [info] [core_op.cpp:186] [deactivate] Deactivating took 0.369781 ms
[2025-10-06 19:20:13.431] [15525] [HailoRT] [info] [core_op.cpp:186] [deactivate] Deactivating took 0.378558 ms
[2025-10-06 19:25:56.295] [15924] [HailoRT] [info] [hef.cpp:1994] [get_network_group_and_network_name] No name was given. Addressing all networks of default network_group: skillcheck_mobilenetv4_conv_small_620x420
[2025-10-06 19:25:56.295] [15924] [HailoRT] [info] [hef.cpp:1994] [get_network_group_and_network_name] No name was given. Addressing all networks of default network_group: skillcheck_mobilenetv4_conv_small_620x420
[2025-10-06 19:25:56.496] [15924] [HailoRT] [info] [vdevice.cpp:535] [create] Creating vdevice with params: device_count: 1, scheduling_algorithm: NONE, multi_process_service: false
[2025-10-06 19:25:56.509] [15924] [HailoRT] [info] [device.cpp:51] [Device] OS Version: Linux 6.12.47+rpt-rpi-2712 #1 SMP PREEMPT Debian 1:6.12.47-1+rpt1~bookworm (2025-09-16) aarch64
[2025-10-06 19:25:56.510] [15924] [HailoRT] [info] [control.cpp:113] [control__parse_identify_results] firmware_version is: 4.23.0
[2025-10-06 19:25:56.510] [15924] [HailoRT] [info] [vdevice.cpp:682] [create] VDevice Infos: 0001:01:00.0
[2025-10-06 19:25:56.516] [15924] [HailoRT] [info] [buffer_requirements.cpp:198] [find_initial_desc_page_size] Using non-default initial_desc_page_size of 64, due to a small transfer size (16)
[2025-10-06 19:25:56.516] [15924] [HailoRT] [info] [internal_buffer_manager.cpp:75] [print_execution_results] Default Internal buffer planner failed to meet requirements
[2025-10-06 19:25:56.516] [15924] [HailoRT] [info] [internal_buffer_manager.cpp:86] [print_execution_results] Default Internal buffer planner executed successfully
[2025-10-06 19:25:56.528] [15924] [HailoRT] [info] [device_internal.cpp:57] [configure] Configuring HEF took 17.40485 milliseconds
[2025-10-06 19:25:56.528] [15924] [HailoRT] [info] [vdevice.cpp:780] [configure] Configuring HEF on VDevice took 17.768761 milliseconds
[2025-10-06 19:25:56.531] [15924] [HailoRT] [info] [core_op.cpp:156] [activate] Activating skillcheck_mobilenetv4_conv_small_620x420 took 0.248021 milliseconds. Note that the function is asynchronous and thus the network is not fully activated yet.
[2025-10-06 19:25:56.531] [15924] [HailoRT] [info] [core_op.cpp:156] [activate] Activating skillcheck_mobilenetv4_conv_small_620x420 took 0.286576 milliseconds. Note that the function is asynchronous and thus the network is not fully activated yet.
[2025-10-06 19:25:56.531] [15924] [HailoRT] [info] [edge_elements.cpp:52] [create] Created (HwWriteEl13skillcheck_mobilenetv4_conv_small_620x420/input_layer1 | hw_frame_size: 781200)
[2025-10-06 19:25:56.531] [15924] [HailoRT] [info] [vstream.cpp:754] [InputVStreamImpl] Creating skillcheck_mobilenetv4_conv_small_620x420/input_layer1...
[2025-10-06 19:25:56.531] [15924] [HailoRT] [info] [vstream_builder.cpp:102] [create_inputs] Input pipeline 'skillcheck_mobilenetv4_conv_small_620x420/input_layer1': (HwWriteEl13skillcheck_mobilenetv4_conv_small_620x420/input_layer1 | hw_frame_size: 781200) >> HW
[2025-10-06 19:25:56.531] [15924] [HailoRT] [info] [edge_elements.cpp:287] [create] Created (HwReadEl12skillcheck_mobilenetv4_conv_small_620x420/conv34 | hw_frame_size: 16)
[2025-10-06 19:25:56.531] [15924] [HailoRT] [info] [queue_elements.cpp:657] [create] Created (PullQEl_hw_read12skillcheck_mobilenetv4_conv_small_620x420/conv34)
[2025-10-06 19:25:56.531] [15924] [HailoRT] [info] [filter_elements.cpp:372] [create] Created (PostInferEl12skillcheck_mobilenetv4_conv_small_620x420/conv34 | Quantization - src_type: UINT8, dst_type FLOAT32, limvals_min: -13.2987, limvals_max: 5.54112 | Reorder - src_order: FCR, src_shape: (1, 1, 16), dst_order: FCR, dst_shape: (1, 1, 12))
[2025-10-06 19:25:56.531] [15924] [HailoRT] [info] [queue_elements.cpp:800] [create] Created (UserBuffQEl12skillcheck_mobilenetv4_conv_small_620x420/conv34 | timeout: 10s)
[2025-10-06 19:25:56.531] [15924] [HailoRT] [info] [vstream.cpp:1114] [OutputVStreamImpl] Creating skillcheck_mobilenetv4_conv_small_620x420/conv34...
[2025-10-06 19:25:56.531] [15924] [HailoRT] [info] [vstream_builder.cpp:220] [create_outputs] Output pipeline 'skillcheck_mobilenetv4_conv_small_620x420/conv34': HW >> (HwReadEl12skillcheck_mobilenetv4_conv_small_620x420/conv34 | hw_frame_size: 16) >> (PullQEl_hw_read12skillcheck_mobilenetv4_conv_small_620x420/conv34) >> (PostInferEl12skillcheck_mobilenetv4_conv_small_620x420/conv34 | Quantization - src_type: UINT8, dst_type FLOAT32, limvals_min: -13.2987, limvals_max: 5.54112 | Reorder - src_order: FCR, src_shape: (1, 1, 16), dst_order: FCR, dst_shape: (1, 1, 12)) >> (UserBuffQEl12skillcheck_mobilenetv4_conv_small_620x420/conv34 | timeout: 10s)
[2025-10-06 19:26:23.966] [15978] [HailoRT] [info] [queue_elements.cpp:855] [run_in_thread] Shutdown event was signaled in dequeue of UserBuffQEl12skillcheck_mobilenetv4_conv_small_620x420/conv34!
[2025-10-06 19:26:23.980] [15977] [HailoRT] [info] [vdevice_native_stream.cpp:331] [read_impl] Failed read from stream HAILO_STREAM_ABORT(63) (device: 0001:01:00.0)
[2025-10-06 19:26:23.980] [15977] [HailoRT] [info] [edge_elements.cpp:396] [run_pull] Reading from stream was aborted!
[2025-10-06 19:26:23.980] [15977] [HailoRT] [info] [queue_elements.cpp:738] [run_in_thread] run_pull of queue element PullQEl_hw_read12skillcheck_mobilenetv4_conv_small_620x420/conv34 was aborted!
[2025-10-06 19:26:23.980] [15918] [HailoRT] [info] [queue_elements.cpp:46] [~BaseQueueElement] Queue element PullQEl_hw_read12skillcheck_mobilenetv4_conv_small_620x420/conv34 has 0 frames in his Queue on destruction
[2025-10-06 19:26:23.981] [15978] [HailoRT] [info] [queue_elements.cpp:68] [operator()] Thread in element UserBuffQEl12skillcheck_mobilenetv4_conv_small_620x420/conv34 is not running anymore, exiting..
[2025-10-06 19:26:23.981] [15918] [HailoRT] [info] [queue_elements.cpp:46] [~BaseQueueElement] Queue element UserBuffQEl12skillcheck_mobilenetv4_conv_small_620x420/conv34 has 0 frames in his Queue on destruction
[2025-10-06 19:26:23.981] [15918] [HailoRT] [info] [core_op.cpp:186] [deactivate] Deactivating took 0.601301 ms
[2025-10-06 19:26:23.981] [15918] [HailoRT] [info] [core_op.cpp:186] [deactivate] Deactivating took 0.689616 ms
[2025-10-06 19:44:00.591] [16651] [HailoRT] [info] [hef.cpp:1994] [get_network_group_and_network_name] No name was given. Addressing all networks of default network_group: skillcheck_mobilenetv4_conv_small_620x420
[2025-10-06 19:44:00.591] [16651] [HailoRT] [info] [hef.cpp:1994] [get_network_group_and_network_name] No name was given. Addressing all networks of default network_group: skillcheck_mobilenetv4_conv_small_620x420
[2025-10-06 19:44:00.760] [16651] [HailoRT] [info] [vdevice.cpp:535] [create] Creating vdevice with params: device_count: 1, scheduling_algorithm: NONE, multi_process_service: false
[2025-10-06 19:44:00.773] [16651] [HailoRT] [info] [device.cpp:51] [Device] OS Version: Linux 6.12.47+rpt-rpi-2712 #1 SMP PREEMPT Debian 1:6.12.47-1+rpt1~bookworm (2025-09-16) aarch64
[2025-10-06 19:44:00.773] [16651] [HailoRT] [info] [control.cpp:113] [control__parse_identify_results] firmware_version is: 4.23.0
[2025-10-06 19:44:00.773] [16651] [HailoRT] [info] [vdevice.cpp:682] [create] VDevice Infos: 0001:01:00.0
[2025-10-06 19:44:00.779] [16651] [HailoRT] [info] [buffer_requirements.cpp:198] [find_initial_desc_page_size] Using non-default initial_desc_page_size of 64, due to a small transfer size (16)
[2025-10-06 19:44:00.779] [16651] [HailoRT] [info] [internal_buffer_manager.cpp:75] [print_execution_results] Default Internal buffer planner failed to meet requirements
[2025-10-06 19:44:00.779] [16651] [HailoRT] [info] [internal_buffer_manager.cpp:86] [print_execution_results] Default Internal buffer planner executed successfully
[2025-10-06 19:44:00.787] [16651] [HailoRT] [info] [device_internal.cpp:57] [configure] Configuring HEF took 13.657076 milliseconds
[2025-10-06 19:44:00.787] [16651] [HailoRT] [info] [vdevice.cpp:780] [configure] Configuring HEF on VDevice took 13.986448 milliseconds
[2025-10-06 19:44:00.789] [16651] [HailoRT] [info] [core_op.cpp:156] [activate] Activating skillcheck_mobilenetv4_conv_small_620x420 took 0.207408 milliseconds. Note that the function is asynchronous and thus the network is not fully activated yet.
[2025-10-06 19:44:00.789] [16651] [HailoRT] [info] [core_op.cpp:156] [activate] Activating skillcheck_mobilenetv4_conv_small_620x420 took 0.225353 milliseconds. Note that the function is asynchronous and thus the network is not fully activated yet.
[2025-10-06 19:44:00.789] [16651] [HailoRT] [info] [edge_elements.cpp:52] [create] Created (HwWriteEl13skillcheck_mobilenetv4_conv_small_620x420/input_layer1 | hw_frame_size: 781200)
[2025-10-06 19:44:00.789] [16651] [HailoRT] [info] [vstream.cpp:754] [InputVStreamImpl] Creating skillcheck_mobilenetv4_conv_small_620x420/input_layer1...
[2025-10-06 19:44:00.789] [16651] [HailoRT] [info] [vstream_builder.cpp:102] [create_inputs] Input pipeline 'skillcheck_mobilenetv4_conv_small_620x420/input_layer1': (HwWriteEl13skillcheck_mobilenetv4_conv_small_620x420/input_layer1 | hw_frame_size: 781200) >> HW
[2025-10-06 19:44:00.789] [16651] [HailoRT] [info] [edge_elements.cpp:287] [create] Created (HwReadEl12skillcheck_mobilenetv4_conv_small_620x420/conv34 | hw_frame_size: 16)
[2025-10-06 19:44:00.790] [16651] [HailoRT] [info] [queue_elements.cpp:657] [create] Created (PullQEl_hw_read12skillcheck_mobilenetv4_conv_small_620x420/conv34)
[2025-10-06 19:44:00.790] [16651] [HailoRT] [info] [filter_elements.cpp:372] [create] Created (PostInferEl12skillcheck_mobilenetv4_conv_small_620x420/conv34 | Quantization - src_type: UINT8, dst_type FLOAT32, limvals_min: -13.2987, limvals_max: 5.54112 | Reorder - src_order: FCR, src_shape: (1, 1, 16), dst_order: FCR, dst_shape: (1, 1, 12))
[2025-10-06 19:44:00.790] [16651] [HailoRT] [info] [queue_elements.cpp:800] [create] Created (UserBuffQEl12skillcheck_mobilenetv4_conv_small_620x420/conv34 | timeout: 10s)
[2025-10-06 19:44:00.790] [16651] [HailoRT] [info] [vstream.cpp:1114] [OutputVStreamImpl] Creating skillcheck_mobilenetv4_conv_small_620x420/conv34...
[2025-10-06 19:44:00.790] [16651] [HailoRT] [info] [vstream_builder.cpp:220] [create_outputs] Output pipeline 'skillcheck_mobilenetv4_conv_small_620x420/conv34': HW >> (HwReadEl12skillcheck_mobilenetv4_conv_small_620x420/conv34 | hw_frame_size: 16) >> (PullQEl_hw_read12skillcheck_mobilenetv4_conv_small_620x420/conv34) >> (PostInferEl12skillcheck_mobilenetv4_conv_small_620x420/conv34 | Quantization - src_type: UINT8, dst_type FLOAT32, limvals_min: -13.2987, limvals_max: 5.54112 | Reorder - src_order: FCR, src_shape: (1, 1, 16), dst_order: FCR, dst_shape: (1, 1, 12)) >> (UserBuffQEl12skillcheck_mobilenetv4_conv_small_620x420/conv34 | timeout: 10s)
[2025-10-06 19:44:11.878] [16705] [HailoRT] [info] [vdevice_native_stream.cpp:331] [read_impl] Failed read from stream HAILO_STREAM_ABORT(63) (device: 0001:01:00.0)
[2025-10-06 19:44:11.878] [16705] [HailoRT] [info] [edge_elements.cpp:396] [run_pull] Reading from stream was aborted!
[2025-10-06 19:44:11.878] [16705] [HailoRT] [info] [queue_elements.cpp:738] [run_in_thread] run_pull of queue element PullQEl_hw_read12skillcheck_mobilenetv4_conv_small_620x420/conv34 was aborted!
[2025-10-06 19:44:11.878] [16706] [HailoRT] [info] [queue_elements.cpp:855] [run_in_thread] Shutdown event was signaled in dequeue of UserBuffQEl12skillcheck_mobilenetv4_conv_small_620x420/conv34!
[2025-10-06 19:44:11.879] [16705] [HailoRT] [info] [queue_elements.cpp:68] [operator()] Thread in element PullQEl_hw_read12skillcheck_mobilenetv4_conv_small_620x420/conv34 is not running anymore, exiting..
[2025-10-06 19:44:11.879] [16631] [HailoRT] [info] [queue_elements.cpp:46] [~BaseQueueElement] Queue element PullQEl_hw_read12skillcheck_mobilenetv4_conv_small_620x420/conv34 has 0 frames in his Queue on destruction
[2025-10-06 19:44:11.879] [16706] [HailoRT] [info] [queue_elements.cpp:68] [operator()] Thread in element UserBuffQEl12skillcheck_mobilenetv4_conv_small_620x420/conv34 is not running anymore, exiting..
[2025-10-06 19:44:11.879] [16631] [HailoRT] [info] [queue_elements.cpp:46] [~BaseQueueElement] Queue element UserBuffQEl12skillcheck_mobilenetv4_conv_small_620x420/conv34 has 0 frames in his Queue on destruction
[2025-10-06 19:44:11.880] [16631] [HailoRT] [info] [core_op.cpp:186] [deactivate] Deactivating took 0.996655 ms
[2025-10-06 19:44:11.880] [16631] [HailoRT] [info] [core_op.cpp:186] [deactivate] Deactivating took 1.008544 ms
[2025-10-06 19:49:32.709] [16830] [HailoRT] [info] [hef.cpp:1994] [get_network_group_and_network_name] No name was given. Addressing all networks of default network_group: skillcheck_mobilenetv4_conv_small_620x420
[2025-10-06 19:49:32.709] [16830] [HailoRT] [info] [hef.cpp:1994] [get_network_group_and_network_name] No name was given. Addressing all networks of default network_group: skillcheck_mobilenetv4_conv_small_620x420
[2025-10-06 19:49:32.890] [16830] [HailoRT] [info] [vdevice.cpp:535] [create] Creating vdevice with params: device_count: 1, scheduling_algorithm: NONE, multi_process_service: false
[2025-10-06 19:49:32.902] [16830] [HailoRT] [info] [device.cpp:51] [Device] OS Version: Linux 6.12.47+rpt-rpi-2712 #1 SMP PREEMPT Debian 1:6.12.47-1+rpt1~bookworm (2025-09-16) aarch64
[2025-10-06 19:49:32.902] [16830] [HailoRT] [info] [control.cpp:113] [control__parse_identify_results] firmware_version is: 4.23.0
[2025-10-06 19:49:32.902] [16830] [HailoRT] [info] [vdevice.cpp:682] [create] VDevice Infos: 0001:01:00.0
[2025-10-06 19:49:32.908] [16830] [HailoRT] [info] [buffer_requirements.cpp:198] [find_initial_desc_page_size] Using non-default initial_desc_page_size of 64, due to a small transfer size (16)
[2025-10-06 19:49:32.908] [16830] [HailoRT] [info] [internal_buffer_manager.cpp:75] [print_execution_results] Default Internal buffer planner failed to meet requirements
[2025-10-06 19:49:32.908] [16830] [HailoRT] [info] [internal_buffer_manager.cpp:86] [print_execution_results] Default Internal buffer planner executed successfully
[2025-10-06 19:49:32.918] [16830] [HailoRT] [info] [device_internal.cpp:57] [configure] Configuring HEF took 15.772892 milliseconds
[2025-10-06 19:49:32.919] [16830] [HailoRT] [info] [vdevice.cpp:780] [configure] Configuring HEF on VDevice took 16.143599 milliseconds
[2025-10-06 19:49:32.919] [16830] [HailoRT] [info] [core_op.cpp:156] [activate] Activating skillcheck_mobilenetv4_conv_small_620x420 took 0.237983 milliseconds. Note that the function is asynchronous and thus the network is not fully activated yet.
[2025-10-06 19:49:32.919] [16830] [HailoRT] [info] [core_op.cpp:156] [activate] Activating skillcheck_mobilenetv4_conv_small_620x420 took 0.268243 milliseconds. Note that the function is asynchronous and thus the network is not fully activated yet.
[2025-10-06 19:49:32.919] [16830] [HailoRT] [info] [edge_elements.cpp:52] [create] Created (HwWriteEl13skillcheck_mobilenetv4_conv_small_620x420/input_layer1 | hw_frame_size: 781200)
[2025-10-06 19:49:32.919] [16830] [HailoRT] [info] [vstream.cpp:754] [InputVStreamImpl] Creating skillcheck_mobilenetv4_conv_small_620x420/input_layer1...
[2025-10-06 19:49:32.919] [16830] [HailoRT] [info] [vstream_builder.cpp:102] [create_inputs] Input pipeline 'skillcheck_mobilenetv4_conv_small_620x420/input_layer1': (HwWriteEl13skillcheck_mobilenetv4_conv_small_620x420/input_layer1 | hw_frame_size: 781200) >> HW
[2025-10-06 19:49:32.919] [16830] [HailoRT] [info] [edge_elements.cpp:287] [create] Created (HwReadEl12skillcheck_mobilenetv4_conv_small_620x420/conv34 | hw_frame_size: 16)
[2025-10-06 19:49:32.920] [16830] [HailoRT] [info] [queue_elements.cpp:657] [create] Created (PullQEl_hw_read12skillcheck_mobilenetv4_conv_small_620x420/conv34)
[2025-10-06 19:49:32.920] [16830] [HailoRT] [info] [filter_elements.cpp:372] [create] Created (PostInferEl12skillcheck_mobilenetv4_conv_small_620x420/conv34 | Quantization - src_type: UINT8, dst_type FLOAT32, limvals_min: -13.2987, limvals_max: 5.54112 | Reorder - src_order: FCR, src_shape: (1, 1, 16), dst_order: FCR, dst_shape: (1, 1, 12))
[2025-10-06 19:49:32.920] [16830] [HailoRT] [info] [queue_elements.cpp:800] [create] Created (UserBuffQEl12skillcheck_mobilenetv4_conv_small_620x420/conv34 | timeout: 10s)
[2025-10-06 19:49:32.920] [16830] [HailoRT] [info] [vstream.cpp:1114] [OutputVStreamImpl] Creating skillcheck_mobilenetv4_conv_small_620x420/conv34...
[2025-10-06 19:49:32.920] [16830] [HailoRT] [info] [vstream_builder.cpp:220] [create_outputs] Output pipeline 'skillcheck_mobilenetv4_conv_small_620x420/conv34': HW >> (HwReadEl12skillcheck_mobilenetv4_conv_small_620x420/conv34 | hw_frame_size: 16) >> (PullQEl_hw_read12skillcheck_mobilenetv4_conv_small_620x420/conv34) >> (PostInferEl12skillcheck_mobilenetv4_conv_small_620x420/conv34 | Quantization - src_type: UINT8, dst_type FLOAT32, limvals_min: -13.2987, limvals_max: 5.54112 | Reorder - src_order: FCR, src_shape: (1, 1, 16), dst_order: FCR, dst_shape: (1, 1, 12)) >> (UserBuffQEl12skillcheck_mobilenetv4_conv_small_620x420/conv34 | timeout: 10s)
[2025-10-06 19:50:14.911] [16838] [HailoRT] [info] [queue_elements.cpp:855] [run_in_thread] Shutdown event was signaled in dequeue of UserBuffQEl12skillcheck_mobilenetv4_conv_small_620x420/conv34!
[2025-10-06 19:50:14.911] [16837] [HailoRT] [info] [vdevice_native_stream.cpp:331] [read_impl] Failed read from stream HAILO_STREAM_ABORT(63) (device: 0001:01:00.0)
[2025-10-06 19:50:14.911] [16837] [HailoRT] [info] [edge_elements.cpp:396] [run_pull] Reading from stream was aborted!
[2025-10-06 19:50:14.911] [16837] [HailoRT] [info] [queue_elements.cpp:738] [run_in_thread] run_pull of queue element PullQEl_hw_read12skillcheck_mobilenetv4_conv_small_620x420/conv34 was aborted!
[2025-10-06 19:50:14.911] [16837] [HailoRT] [info] [queue_elements.cpp:68] [operator()] Thread in element PullQEl_hw_read12skillcheck_mobilenetv4_conv_small_620x420/conv34 is not running anymore, exiting..
[2025-10-06 19:50:14.911] [16775] [HailoRT] [info] [queue_elements.cpp:46] [~BaseQueueElement] Queue element PullQEl_hw_read12skillcheck_mobilenetv4_conv_small_620x420/conv34 has 0 frames in his Queue on destruction
[2025-10-06 19:50:14.919] [16838] [HailoRT] [info] [queue_elements.cpp:68] [operator()] Thread in element UserBuffQEl12skillcheck_mobilenetv4_conv_small_620x420/conv34 is not running anymore, exiting..
[2025-10-06 19:50:14.919] [16775] [HailoRT] [info] [queue_elements.cpp:46] [~BaseQueueElement] Queue element UserBuffQEl12skillcheck_mobilenetv4_conv_small_620x420/conv34 has 0 frames in his Queue on destruction
[2025-10-06 19:50:14.920] [16775] [HailoRT] [info] [core_op.cpp:186] [deactivate] Deactivating took 0.467263 ms
[2025-10-06 19:50:14.920] [16775] [HailoRT] [info] [core_op.cpp:186] [deactivate] Deactivating took 0.486986 ms
[2025-10-06 19:50:26.489] [16830] [HailoRT] [info] [hef.cpp:1994] [get_network_group_and_network_name] No name was given. Addressing all networks of default network_group: skillcheck_mobilenetv4_conv_small_620x420
[2025-10-06 19:50:26.489] [16830] [HailoRT] [info] [hef.cpp:1994] [get_network_group_and_network_name] No name was given. Addressing all networks of default network_group: skillcheck_mobilenetv4_conv_small_620x420
[2025-10-06 19:50:26.775] [16830] [HailoRT] [info] [vdevice.cpp:535] [create] Creating vdevice with params: device_count: 1, scheduling_algorithm: NONE, multi_process_service: false
[2025-10-06 19:50:26.786] [16830] [HailoRT] [info] [device.cpp:51] [Device] OS Version: Linux 6.12.47+rpt-rpi-2712 #1 SMP PREEMPT Debian 1:6.12.47-1+rpt1~bookworm (2025-09-16) aarch64
[2025-10-06 19:50:26.786] [16830] [HailoRT] [info] [control.cpp:113] [control__parse_identify_results] firmware_version is: 4.23.0
[2025-10-06 19:50:26.786] [16830] [HailoRT] [info] [vdevice.cpp:682] [create] VDevice Infos: 0001:01:00.0
[2025-10-06 19:50:26.794] [16830] [HailoRT] [info] [buffer_requirements.cpp:198] [find_initial_desc_page_size] Using non-default initial_desc_page_size of 64, due to a small transfer size (16)
[2025-10-06 19:50:26.794] [16830] [HailoRT] [info] [internal_buffer_manager.cpp:75] [print_execution_results] Default Internal buffer planner failed to meet requirements
[2025-10-06 19:50:26.794] [16830] [HailoRT] [info] [internal_buffer_manager.cpp:86] [print_execution_results] Default Internal buffer planner executed successfully
[2025-10-06 19:50:26.805] [16830] [HailoRT] [info] [device_internal.cpp:57] [configure] Configuring HEF took 17.327607 milliseconds
[2025-10-06 19:50:26.806] [16830] [HailoRT] [info] [vdevice.cpp:780] [configure] Configuring HEF on VDevice took 17.807018 milliseconds
[2025-10-06 19:50:26.808] [16830] [HailoRT] [info] [core_op.cpp:156] [activate] Activating skillcheck_mobilenetv4_conv_small_620x420 took 1.970331 milliseconds. Note that the function is asynchronous and thus the network is not fully activated yet.
[2025-10-06 19:50:26.808] [16830] [HailoRT] [info] [core_op.cpp:156] [activate] Activating skillcheck_mobilenetv4_conv_small_620x420 took 2.01548 milliseconds. Note that the function is asynchronous and thus the network is not fully activated yet.
[2025-10-06 19:50:26.808] [16830] [HailoRT] [info] [edge_elements.cpp:52] [create] Created (HwWriteEl13skillcheck_mobilenetv4_conv_small_620x420/input_layer1 | hw_frame_size: 781200)
[2025-10-06 19:50:26.808] [16830] [HailoRT] [info] [vstream.cpp:754] [InputVStreamImpl] Creating skillcheck_mobilenetv4_conv_small_620x420/input_layer1...
[2025-10-06 19:50:26.808] [16830] [HailoRT] [info] [vstream_builder.cpp:102] [create_inputs] Input pipeline 'skillcheck_mobilenetv4_conv_small_620x420/input_layer1': (HwWriteEl13skillcheck_mobilenetv4_conv_small_620x420/input_layer1 | hw_frame_size: 781200) >> HW
[2025-10-06 19:50:26.808] [16830] [HailoRT] [info] [edge_elements.cpp:287] [create] Created (HwReadEl12skillcheck_mobilenetv4_conv_small_620x420/conv34 | hw_frame_size: 16)
[2025-10-06 19:50:26.809] [16830] [HailoRT] [info] [queue_elements.cpp:657] [create] Created (PullQEl_hw_read12skillcheck_mobilenetv4_conv_small_620x420/conv34)
[2025-10-06 19:50:26.809] [16830] [HailoRT] [info] [filter_elements.cpp:372] [create] Created (PostInferEl12skillcheck_mobilenetv4_conv_small_620x420/conv34 | Quantization - src_type: UINT8, dst_type FLOAT32, limvals_min: -13.2987, limvals_max: 5.54112 | Reorder - src_order: FCR, src_shape: (1, 1, 16), dst_order: FCR, dst_shape: (1, 1, 12))
[2025-10-06 19:50:26.809] [16830] [HailoRT] [info] [queue_elements.cpp:800] [create] Created (UserBuffQEl12skillcheck_mobilenetv4_conv_small_620x420/conv34 | timeout: 10s)
[2025-10-06 19:50:26.809] [16830] [HailoRT] [info] [vstream.cpp:1114] [OutputVStreamImpl] Creating skillcheck_mobilenetv4_conv_small_620x420/conv34...
[2025-10-06 19:50:26.809] [16830] [HailoRT] [info] [vstream_builder.cpp:220] [create_outputs] Output pipeline 'skillcheck_mobilenetv4_conv_small_620x420/conv34': HW >> (HwReadEl12skillcheck_mobilenetv4_conv_small_620x420/conv34 | hw_frame_size: 16) >> (PullQEl_hw_read12skillcheck_mobilenetv4_conv_small_620x420/conv34) >> (PostInferEl12skillcheck_mobilenetv4_conv_small_620x420/conv34 | Quantization - src_type: UINT8, dst_type FLOAT32, limvals_min: -13.2987, limvals_max: 5.54112 | Reorder - src_order: FCR, src_shape: (1, 1, 16), dst_order: FCR, dst_shape: (1, 1, 12)) >> (UserBuffQEl12skillcheck_mobilenetv4_conv_small_620x420/conv34 | timeout: 10s)
[2025-10-06 19:51:36.763] [18002] [HailoRT] [info] [queue_elements.cpp:855] [run_in_thread] Shutdown event was signaled in dequeue of UserBuffQEl12skillcheck_mobilenetv4_conv_small_620x420/conv34!
[2025-10-06 19:51:36.763] [18001] [HailoRT] [info] [vdevice_native_stream.cpp:331] [read_impl] Failed read from stream HAILO_STREAM_ABORT(63) (device: 0001:01:00.0)
[2025-10-06 19:51:36.763] [18001] [HailoRT] [info] [edge_elements.cpp:396] [run_pull] Reading from stream was aborted!
[2025-10-06 19:51:36.763] [18001] [HailoRT] [info] [queue_elements.cpp:738] [run_in_thread] run_pull of queue element PullQEl_hw_read12skillcheck_mobilenetv4_conv_small_620x420/conv34 was aborted!
[2025-10-06 19:51:36.763] [18001] [HailoRT] [info] [queue_elements.cpp:68] [operator()] Thread in element PullQEl_hw_read12skillcheck_mobilenetv4_conv_small_620x420/conv34 is not running anymore, exiting..
[2025-10-06 19:51:36.763] [16775] [HailoRT] [info] [queue_elements.cpp:46] [~BaseQueueElement] Queue element PullQEl_hw_read12skillcheck_mobilenetv4_conv_small_620x420/conv34 has 0 frames in his Queue on destruction
[2025-10-06 19:51:36.764] [18002] [HailoRT] [info] [queue_elements.cpp:68] [operator()] Thread in element UserBuffQEl12skillcheck_mobilenetv4_conv_small_620x420/conv34 is not running anymore, exiting..
[2025-10-06 19:51:36.764] [16775] [HailoRT] [info] [queue_elements.cpp:46] [~BaseQueueElement] Queue element UserBuffQEl12skillcheck_mobilenetv4_conv_small_620x420/conv34 has 0 frames in his Queue on destruction
[2025-10-06 19:51:36.764] [16775] [HailoRT] [info] [core_op.cpp:186] [deactivate] Deactivating took 0.378244 ms
[2025-10-06 19:51:36.764] [16775] [HailoRT] [info] [core_op.cpp:186] [deactivate] Deactivating took 0.387095 ms
[2025-10-06 19:51:40.325] [20035] [HailoRT] [info] [hef.cpp:1994] [get_network_group_and_network_name] No name was given. Addressing all networks of default network_group: skillcheck_mobilenetv4_conv_small_620x420
[2025-10-06 19:51:40.325] [20035] [HailoRT] [info] [hef.cpp:1994] [get_network_group_and_network_name] No name was given. Addressing all networks of default network_group: skillcheck_mobilenetv4_conv_small_620x420
[2025-10-06 19:51:40.607] [20035] [HailoRT] [info] [vdevice.cpp:535] [create] Creating vdevice with params: device_count: 1, scheduling_algorithm: NONE, multi_process_service: false
[2025-10-06 19:51:40.621] [20035] [HailoRT] [info] [device.cpp:51] [Device] OS Version: Linux 6.12.47+rpt-rpi-2712 #1 SMP PREEMPT Debian 1:6.12.47-1+rpt1~bookworm (2025-09-16) aarch64
[2025-10-06 19:51:40.621] [20035] [HailoRT] [info] [control.cpp:113] [control__parse_identify_results] firmware_version is: 4.23.0
[2025-10-06 19:51:40.621] [20035] [HailoRT] [info] [vdevice.cpp:682] [create] VDevice Infos: 0001:01:00.0
[2025-10-06 19:51:40.627] [20035] [HailoRT] [info] [buffer_requirements.cpp:198] [find_initial_desc_page_size] Using non-default initial_desc_page_size of 64, due to a small transfer size (16)
[2025-10-06 19:51:40.627] [20035] [HailoRT] [info] [internal_buffer_manager.cpp:75] [print_execution_results] Default Internal buffer planner failed to meet requirements
[2025-10-06 19:51:40.627] [20035] [HailoRT] [info] [internal_buffer_manager.cpp:86] [print_execution_results] Default Internal buffer planner executed successfully
[2025-10-06 19:51:40.637] [20035] [HailoRT] [info] [device_internal.cpp:57] [configure] Configuring HEF took 14.188875 milliseconds
[2025-10-06 19:51:40.637] [20035] [HailoRT] [info] [vdevice.cpp:780] [configure] Configuring HEF on VDevice took 14.447747 milliseconds
[2025-10-06 19:51:40.637] [20035] [HailoRT] [info] [core_op.cpp:156] [activate] Activating skillcheck_mobilenetv4_conv_small_620x420 took 0.207576 milliseconds. Note that the function is asynchronous and thus the network is not fully activated yet.
[2025-10-06 19:51:40.637] [20035] [HailoRT] [info] [core_op.cpp:156] [activate] Activating skillcheck_mobilenetv4_conv_small_620x420 took 0.220927 milliseconds. Note that the function is asynchronous and thus the network is not fully activated yet.
[2025-10-06 19:51:40.637] [20035] [HailoRT] [info] [edge_elements.cpp:52] [create] Created (HwWriteEl13skillcheck_mobilenetv4_conv_small_620x420/input_layer1 | hw_frame_size: 781200)
[2025-10-06 19:51:40.637] [20035] [HailoRT] [info] [vstream.cpp:754] [InputVStreamImpl] Creating skillcheck_mobilenetv4_conv_small_620x420/input_layer1...
[2025-10-06 19:51:40.637] [20035] [HailoRT] [info] [vstream_builder.cpp:102] [create_inputs] Input pipeline 'skillcheck_mobilenetv4_conv_small_620x420/input_layer1': (HwWriteEl13skillcheck_mobilenetv4_conv_small_620x420/input_layer1 | hw_frame_size: 781200) >> HW
[2025-10-06 19:51:40.637] [20035] [HailoRT] [info] [edge_elements.cpp:287] [create] Created (HwReadEl12skillcheck_mobilenetv4_conv_small_620x420/conv34 | hw_frame_size: 16)
[2025-10-06 19:51:40.637] [20035] [HailoRT] [info] [queue_elements.cpp:657] [create] Created (PullQEl_hw_read12skillcheck_mobilenetv4_conv_small_620x420/conv34)
[2025-10-06 19:51:40.637] [20035] [HailoRT] [info] [filter_elements.cpp:372] [create] Created (PostInferEl12skillcheck_mobilenetv4_conv_small_620x420/conv34 | Quantization - src_type: UINT8, dst_type FLOAT32, limvals_min: -13.2987, limvals_max: 5.54112 | Reorder - src_order: FCR, src_shape: (1, 1, 16), dst_order: FCR, dst_shape: (1, 1, 12))
[2025-10-06 19:51:40.637] [20035] [HailoRT] [info] [queue_elements.cpp:800] [create] Created (UserBuffQEl12skillcheck_mobilenetv4_conv_small_620x420/conv34 | timeout: 10s)
[2025-10-06 19:51:40.637] [20035] [HailoRT] [info] [vstream.cpp:1114] [OutputVStreamImpl] Creating skillcheck_mobilenetv4_conv_small_620x420/conv34...
[2025-10-06 19:51:40.637] [20035] [HailoRT] [info] [vstream_builder.cpp:220] [create_outputs] Output pipeline 'skillcheck_mobilenetv4_conv_small_620x420/conv34': HW >> (HwReadEl12skillcheck_mobilenetv4_conv_small_620x420/conv34 | hw_frame_size: 16) >> (PullQEl_hw_read12skillcheck_mobilenetv4_conv_small_620x420/conv34) >> (PostInferEl12skillcheck_mobilenetv4_conv_small_620x420/conv34 | Quantization - src_type: UINT8, dst_type FLOAT32, limvals_min: -13.2987, limvals_max: 5.54112 | Reorder - src_order: FCR, src_shape: (1, 1, 16), dst_order: FCR, dst_shape: (1, 1, 12)) >> (UserBuffQEl12skillcheck_mobilenetv4_conv_small_620x420/conv34 | timeout: 10s)
[2025-10-06 19:52:04.262] [20041] [HailoRT] [info] [vdevice_native_stream.cpp:331] [read_impl] Failed read from stream HAILO_STREAM_ABORT(63) (device: 0001:01:00.0)
[2025-10-06 19:52:04.262] [20041] [HailoRT] [info] [edge_elements.cpp:396] [run_pull] Reading from stream was aborted!
[2025-10-06 19:52:04.262] [20041] [HailoRT] [info] [queue_elements.cpp:738] [run_in_thread] run_pull of queue element PullQEl_hw_read12skillcheck_mobilenetv4_conv_small_620x420/conv34 was aborted!
[2025-10-06 19:52:04.262] [20042] [HailoRT] [info] [queue_elements.cpp:855] [run_in_thread] Shutdown event was signaled in dequeue of UserBuffQEl12skillcheck_mobilenetv4_conv_small_620x420/conv34!
[2025-10-06 19:52:04.262] [20041] [HailoRT] [info] [queue_elements.cpp:68] [operator()] Thread in element PullQEl_hw_read12skillcheck_mobilenetv4_conv_small_620x420/conv34 is not running anymore, exiting..
[2025-10-06 19:52:04.262] [16775] [HailoRT] [info] [queue_elements.cpp:46] [~BaseQueueElement] Queue element PullQEl_hw_read12skillcheck_mobilenetv4_conv_small_620x420/conv34 has 0 frames in his Queue on destruction
[2025-10-06 19:52:04.262] [20042] [HailoRT] [info] [queue_elements.cpp:68] [operator()] Thread in element UserBuffQEl12skillcheck_mobilenetv4_conv_small_620x420/conv34 is not running anymore, exiting..
[2025-10-06 19:52:04.262] [16775] [HailoRT] [info] [queue_elements.cpp:46] [~BaseQueueElement] Queue element UserBuffQEl12skillcheck_mobilenetv4_conv_small_620x420/conv34 has 0 frames in his Queue on destruction
[2025-10-06 19:52:04.262] [16775] [HailoRT] [info] [core_op.cpp:186] [deactivate] Deactivating took 0.379818 ms
[2025-10-06 19:52:04.262] [16775] [HailoRT] [info] [core_op.cpp:186] [deactivate] Deactivating took 0.388559 ms
[2025-10-06 20:32:07.072] [20799] [HailoRT] [info] [hef.cpp:1994] [get_network_group_and_network_name] No name was given. Addressing all networks of default network_group: skillcheck_mobilenetv4_conv_small_620x420
[2025-10-06 20:32:07.072] [20799] [HailoRT] [info] [hef.cpp:1994] [get_network_group_and_network_name] No name was given. Addressing all networks of default network_group: skillcheck_mobilenetv4_conv_small_620x420
[2025-10-06 20:32:07.361] [20799] [HailoRT] [info] [vdevice.cpp:535] [create] Creating vdevice with params: device_count: 1, scheduling_algorithm: NONE, multi_process_service: false
[2025-10-06 20:32:07.374] [20799] [HailoRT] [info] [device.cpp:51] [Device] OS Version: Linux 6.12.47+rpt-rpi-2712 #1 SMP PREEMPT Debian 1:6.12.47-1+rpt1~bookworm (2025-09-16) aarch64
[2025-10-06 20:32:07.374] [20799] [HailoRT] [info] [control.cpp:113] [control__parse_identify_results] firmware_version is: 4.23.0
[2025-10-06 20:32:07.374] [20799] [HailoRT] [info] [vdevice.cpp:682] [create] VDevice Infos: 0001:01:00.0
[2025-10-06 20:32:07.380] [20799] [HailoRT] [info] [buffer_requirements.cpp:198] [find_initial_desc_page_size] Using non-default initial_desc_page_size of 64, due to a small transfer size (16)
[2025-10-06 20:32:07.380] [20799] [HailoRT] [info] [internal_buffer_manager.cpp:75] [print_execution_results] Default Internal buffer planner failed to meet requirements
[2025-10-06 20:32:07.380] [20799] [HailoRT] [info] [internal_buffer_manager.cpp:86] [print_execution_results] Default Internal buffer planner executed successfully
[2025-10-06 20:32:07.396] [20799] [HailoRT] [info] [device_internal.cpp:57] [configure] Configuring HEF took 21.089531 milliseconds
[2025-10-06 20:32:07.396] [20799] [HailoRT] [info] [vdevice.cpp:780] [configure] Configuring HEF on VDevice took 21.352014 milliseconds
[2025-10-06 20:32:07.398] [20799] [HailoRT] [info] [core_op.cpp:156] [activate] Activating skillcheck_mobilenetv4_conv_small_620x420 took 0.223039 milliseconds. Note that the function is asynchronous and thus the network is not fully activated yet.
[2025-10-06 20:32:07.398] [20799] [HailoRT] [info] [core_op.cpp:156] [activate] Activating skillcheck_mobilenetv4_conv_small_620x420 took 0.239483 milliseconds. Note that the function is asynchronous and thus the network is not fully activated yet.
[2025-10-06 20:32:07.398] [20799] [HailoRT] [info] [edge_elements.cpp:52] [create] Created (HwWriteEl13skillcheck_mobilenetv4_conv_small_620x420/input_layer1 | hw_frame_size: 781200)
[2025-10-06 20:32:07.398] [20799] [HailoRT] [info] [vstream.cpp:754] [InputVStreamImpl] Creating skillcheck_mobilenetv4_conv_small_620x420/input_layer1...
[2025-10-06 20:32:07.398] [20799] [HailoRT] [info] [vstream_builder.cpp:102] [create_inputs] Input pipeline 'skillcheck_mobilenetv4_conv_small_620x420/input_layer1': (HwWriteEl13skillcheck_mobilenetv4_conv_small_620x420/input_layer1 | hw_frame_size: 781200) >> HW
[2025-10-06 20:32:07.398] [20799] [HailoRT] [info] [edge_elements.cpp:287] [create] Created (HwReadEl12skillcheck_mobilenetv4_conv_small_620x420/conv34 | hw_frame_size: 16)
[2025-10-06 20:32:07.399] [20799] [HailoRT] [info] [queue_elements.cpp:657] [create] Created (PullQEl_hw_read12skillcheck_mobilenetv4_conv_small_620x420/conv34)
[2025-10-06 20:32:07.399] [20799] [HailoRT] [info] [filter_elements.cpp:372] [create] Created (PostInferEl12skillcheck_mobilenetv4_conv_small_620x420/conv34 | Quantization - src_type: UINT8, dst_type FLOAT32, limvals_min: -13.2987, limvals_max: 5.54112 | Reorder - src_order: FCR, src_shape: (1, 1, 16), dst_order: FCR, dst_shape: (1, 1, 12))
[2025-10-06 20:32:07.399] [20799] [HailoRT] [info] [queue_elements.cpp:800] [create] Created (UserBuffQEl12skillcheck_mobilenetv4_conv_small_620x420/conv34 | timeout: 10s)
[2025-10-06 20:32:07.399] [20799] [HailoRT] [info] [vstream.cpp:1114] [OutputVStreamImpl] Creating skillcheck_mobilenetv4_conv_small_620x420/conv34...
[2025-10-06 20:32:07.399] [20799] [HailoRT] [info] [vstream_builder.cpp:220] [create_outputs] Output pipeline 'skillcheck_mobilenetv4_conv_small_620x420/conv34': HW >> (HwReadEl12skillcheck_mobilenetv4_conv_small_620x420/conv34 | hw_frame_size: 16) >> (PullQEl_hw_read12skillcheck_mobilenetv4_conv_small_620x420/conv34) >> (PostInferEl12skillcheck_mobilenetv4_conv_small_620x420/conv34 | Quantization - src_type: UINT8, dst_type FLOAT32, limvals_min: -13.2987, limvals_max: 5.54112 | Reorder - src_order: FCR, src_shape: (1, 1, 16), dst_order: FCR, dst_shape: (1, 1, 12)) >> (UserBuffQEl12skillcheck_mobilenetv4_conv_small_620x420/conv34 | timeout: 10s)
[2025-10-06 20:33:05.642] [20853] [HailoRT] [info] [queue_elements.cpp:855] [run_in_thread] Shutdown event was signaled in dequeue of UserBuffQEl12skillcheck_mobilenetv4_conv_small_620x420/conv34!
[2025-10-06 20:33:05.666] [20852] [HailoRT] [info] [vdevice_native_stream.cpp:331] [read_impl] Failed read from stream HAILO_STREAM_ABORT(63) (device: 0001:01:00.0)
[2025-10-06 20:33:05.666] [20852] [HailoRT] [info] [edge_elements.cpp:396] [run_pull] Reading from stream was aborted!
[2025-10-06 20:33:05.666] [20852] [HailoRT] [info] [queue_elements.cpp:738] [run_in_thread] run_pull of queue element PullQEl_hw_read12skillcheck_mobilenetv4_conv_small_620x420/conv34 was aborted!
[2025-10-06 20:33:05.667] [20852] [HailoRT] [info] [queue_elements.cpp:68] [operator()] Thread in element PullQEl_hw_read12skillcheck_mobilenetv4_conv_small_620x420/conv34 is not running anymore, exiting..
[2025-10-06 20:33:05.667] [20793] [HailoRT] [info] [queue_elements.cpp:46] [~BaseQueueElement] Queue element PullQEl_hw_read12skillcheck_mobilenetv4_conv_small_620x420/conv34 has 0 frames in his Queue on destruction
[2025-10-06 20:33:05.667] [20853] [HailoRT] [info] [queue_elements.cpp:68] [operator()] Thread in element UserBuffQEl12skillcheck_mobilenetv4_conv_small_620x420/conv34 is not running anymore, exiting..
[2025-10-06 20:33:05.667] [20793] [HailoRT] [info] [queue_elements.cpp:46] [~BaseQueueElement] Queue element UserBuffQEl12skillcheck_mobilenetv4_conv_small_620x420/conv34 has 0 frames in his Queue on destruction
[2025-10-06 20:33:05.668] [20793] [HailoRT] [info] [core_op.cpp:186] [deactivate] Deactivating took 0.490355 ms
[2025-10-06 20:33:05.668] [20793] [HailoRT] [info] [core_op.cpp:186] [deactivate] Deactivating took 0.509966 ms
[2025-10-06 20:33:09.536] [20799] [HailoRT] [info] [hef.cpp:1994] [get_network_group_and_network_name] No name was given. Addressing all networks of default network_group: skillcheck_mobilenetv4_conv_small_620x420
[2025-10-06 20:33:09.536] [20799] [HailoRT] [info] [hef.cpp:1994] [get_network_group_and_network_name] No name was given. Addressing all networks of default network_group: skillcheck_mobilenetv4_conv_small_620x420
[2025-10-06 20:33:09.765] [20799] [HailoRT] [info] [vdevice.cpp:535] [create] Creating vdevice with params: device_count: 1, scheduling_algorithm: NONE, multi_process_service: false
[2025-10-06 20:33:09.777] [20799] [HailoRT] [info] [device.cpp:51] [Device] OS Version: Linux 6.12.47+rpt-rpi-2712 #1 SMP PREEMPT Debian 1:6.12.47-1+rpt1~bookworm (2025-09-16) aarch64
[2025-10-06 20:33:09.778] [20799] [HailoRT] [info] [control.cpp:113] [control__parse_identify_results] firmware_version is: 4.23.0
[2025-10-06 20:33:09.778] [20799] [HailoRT] [info] [vdevice.cpp:682] [create] VDevice Infos: 0001:01:00.0
[2025-10-06 20:33:09.783] [20799] [HailoRT] [info] [buffer_requirements.cpp:198] [find_initial_desc_page_size] Using non-default initial_desc_page_size of 64, due to a small transfer size (16)
[2025-10-06 20:33:09.783] [20799] [HailoRT] [info] [internal_buffer_manager.cpp:75] [print_execution_results] Default Internal buffer planner failed to meet requirements
[2025-10-06 20:33:09.783] [20799] [HailoRT] [info] [internal_buffer_manager.cpp:86] [print_execution_results] Default Internal buffer planner executed successfully
[2025-10-06 20:33:09.796] [20799] [HailoRT] [info] [device_internal.cpp:57] [configure] Configuring HEF took 18.330739 milliseconds
[2025-10-06 20:33:09.796] [20799] [HailoRT] [info] [vdevice.cpp:780] [configure] Configuring HEF on VDevice took 18.635963 milliseconds
[2025-10-06 20:33:09.797] [20799] [HailoRT] [info] [core_op.cpp:156] [activate] Activating skillcheck_mobilenetv4_conv_small_620x420 took 0.324965 milliseconds. Note that the function is asynchronous and thus the network is not fully activated yet.
[2025-10-06 20:33:09.797] [20799] [HailoRT] [info] [core_op.cpp:156] [activate] Activating skillcheck_mobilenetv4_conv_small_620x420 took 0.362113 milliseconds. Note that the function is asynchronous and thus the network is not fully activated yet.
[2025-10-06 20:33:09.797] [20799] [HailoRT] [info] [edge_elements.cpp:52] [create] Created (HwWriteEl13skillcheck_mobilenetv4_conv_small_620x420/input_layer1 | hw_frame_size: 781200)
[2025-10-06 20:33:09.797] [20799] [HailoRT] [info] [vstream.cpp:754] [InputVStreamImpl] Creating skillcheck_mobilenetv4_conv_small_620x420/input_layer1...
[2025-10-06 20:33:09.797] [20799] [HailoRT] [info] [vstream_builder.cpp:102] [create_inputs] Input pipeline 'skillcheck_mobilenetv4_conv_small_620x420/input_layer1': (HwWriteEl13skillcheck_mobilenetv4_conv_small_620x420/input_layer1 | hw_frame_size: 781200) >> HW
[2025-10-06 20:33:09.798] [20799] [HailoRT] [info] [edge_elements.cpp:287] [create] Created (HwReadEl12skillcheck_mobilenetv4_conv_small_620x420/conv34 | hw_frame_size: 16)
[2025-10-06 20:33:09.798] [20799] [HailoRT] [info] [queue_elements.cpp:657] [create] Created (PullQEl_hw_read12skillcheck_mobilenetv4_conv_small_620x420/conv34)
[2025-10-06 20:33:09.798] [20799] [HailoRT] [info] [filter_elements.cpp:372] [create] Created (PostInferEl12skillcheck_mobilenetv4_conv_small_620x420/conv34 | Quantization - src_type: UINT8, dst_type FLOAT32, limvals_min: -13.2987, limvals_max: 5.54112 | Reorder - src_order: FCR, src_shape: (1, 1, 16), dst_order: FCR, dst_shape: (1, 1, 12))
[2025-10-06 20:33:09.798] [20799] [HailoRT] [info] [queue_elements.cpp:800] [create] Created (UserBuffQEl12skillcheck_mobilenetv4_conv_small_620x420/conv34 | timeout: 10s)
[2025-10-06 20:33:09.798] [20799] [HailoRT] [info] [vstream.cpp:1114] [OutputVStreamImpl] Creating skillcheck_mobilenetv4_conv_small_620x420/conv34...
[2025-10-06 20:33:09.798] [20799] [HailoRT] [info] [vstream_builder.cpp:220] [create_outputs] Output pipeline 'skillcheck_mobilenetv4_conv_small_620x420/conv34': HW >> (HwReadEl12skillcheck_mobilenetv4_conv_small_620x420/conv34 | hw_frame_size: 16) >> (PullQEl_hw_read12skillcheck_mobilenetv4_conv_small_620x420/conv34) >> (PostInferEl12skillcheck_mobilenetv4_conv_small_620x420/conv34 | Quantization - src_type: UINT8, dst_type FLOAT32, limvals_min: -13.2987, limvals_max: 5.54112 | Reorder - src_order: FCR, src_shape: (1, 1, 16), dst_order: FCR, dst_shape: (1, 1, 12)) >> (UserBuffQEl12skillcheck_mobilenetv4_conv_small_620x420/conv34 | timeout: 10s)
[2025-10-06 20:33:16.628] [22306] [HailoRT] [info] [queue_elements.cpp:855] [run_in_thread] Shutdown event was signaled in dequeue of UserBuffQEl12skillcheck_mobilenetv4_conv_small_620x420/conv34!
[2025-10-06 20:33:16.628] [22305] [HailoRT] [info] [vdevice_native_stream.cpp:331] [read_impl] Failed read from stream HAILO_STREAM_ABORT(63) (device: 0001:01:00.0)
[2025-10-06 20:33:16.628] [22305] [HailoRT] [info] [edge_elements.cpp:396] [run_pull] Reading from stream was aborted!
[2025-10-06 20:33:16.628] [22305] [HailoRT] [info] [queue_elements.cpp:738] [run_in_thread] run_pull of queue element PullQEl_hw_read12skillcheck_mobilenetv4_conv_small_620x420/conv34 was aborted!
[2025-10-06 20:33:16.628] [22305] [HailoRT] [info] [queue_elements.cpp:68] [operator()] Thread in element PullQEl_hw_read12skillcheck_mobilenetv4_conv_small_620x420/conv34 is not running anymore, exiting..
[2025-10-06 20:33:16.628] [20793] [HailoRT] [info] [queue_elements.cpp:46] [~BaseQueueElement] Queue element PullQEl_hw_read12skillcheck_mobilenetv4_conv_small_620x420/conv34 has 0 frames in his Queue on destruction
[2025-10-06 20:33:16.628] [22306] [HailoRT] [info] [queue_elements.cpp:68] [operator()] Thread in element UserBuffQEl12skillcheck_mobilenetv4_conv_small_620x420/conv34 is not running anymore, exiting..
[2025-10-06 20:33:16.628] [20793] [HailoRT] [info] [queue_elements.cpp:46] [~BaseQueueElement] Queue element UserBuffQEl12skillcheck_mobilenetv4_conv_small_620x420/conv34 has 0 frames in his Queue on destruction
[2025-10-06 20:33:16.629] [20793] [HailoRT] [info] [core_op.cpp:186] [deactivate] Deactivating took 0.37602 ms
[2025-10-06 20:33:16.629] [20793] [HailoRT] [info] [core_op.cpp:186] [deactivate] Deactivating took 0.385224 ms
[2025-10-06 20:39:23.716] [22501] [HailoRT] [info] [hef.cpp:1994] [get_network_group_and_network_name] No name was given. Addressing all networks of default network_group: skillcheck_mobilenetv4_conv_small_620x420
[2025-10-06 20:39:23.716] [22501] [HailoRT] [info] [hef.cpp:1994] [get_network_group_and_network_name] No name was given. Addressing all networks of default network_group: skillcheck_mobilenetv4_conv_small_620x420
[2025-10-06 20:39:24.047] [22501] [HailoRT] [info] [vdevice.cpp:535] [create] Creating vdevice with params: device_count: 1, scheduling_algorithm: NONE, multi_process_service: false
[2025-10-06 20:39:24.059] [22501] [HailoRT] [info] [device.cpp:51] [Device] OS Version: Linux 6.12.47+rpt-rpi-2712 #1 SMP PREEMPT Debian 1:6.12.47-1+rpt1~bookworm (2025-09-16) aarch64
[2025-10-06 20:39:24.059] [22501] [HailoRT] [info] [control.cpp:113] [control__parse_identify_results] firmware_version is: 4.23.0
[2025-10-06 20:39:24.059] [22501] [HailoRT] [info] [vdevice.cpp:682] [create] VDevice Infos: 0001:01:00.0
[2025-10-06 20:39:24.064] [22501] [HailoRT] [info] [buffer_requirements.cpp:198] [find_initial_desc_page_size] Using non-default initial_desc_page_size of 64, due to a small transfer size (16)
[2025-10-06 20:39:24.065] [22501] [HailoRT] [info] [internal_buffer_manager.cpp:75] [print_execution_results] Default Internal buffer planner failed to meet requirements
[2025-10-06 20:39:24.065] [22501] [HailoRT] [info] [internal_buffer_manager.cpp:86] [print_execution_results] Default Internal buffer planner executed successfully
[2025-10-06 20:39:24.073] [22501] [HailoRT] [info] [device_internal.cpp:57] [configure] Configuring HEF took 13.229194 milliseconds
[2025-10-06 20:39:24.073] [22501] [HailoRT] [info] [vdevice.cpp:780] [configure] Configuring HEF on VDevice took 13.508752 milliseconds
[2025-10-06 20:39:24.075] [22501] [HailoRT] [info] [core_op.cpp:156] [activate] Activating skillcheck_mobilenetv4_conv_small_620x420 took 0.317557 milliseconds. Note that the function is asynchronous and thus the network is not fully activated yet.
[2025-10-06 20:39:24.075] [22501] [HailoRT] [info] [core_op.cpp:156] [activate] Activating skillcheck_mobilenetv4_conv_small_620x420 took 0.336058 milliseconds. Note that the function is asynchronous and thus the network is not fully activated yet.
[2025-10-06 20:39:24.075] [22501] [HailoRT] [info] [edge_elements.cpp:52] [create] Created (HwWriteEl13skillcheck_mobilenetv4_conv_small_620x420/input_layer1 | hw_frame_size: 781200)
[2025-10-06 20:39:24.075] [22501] [HailoRT] [info] [vstream.cpp:754] [InputVStreamImpl] Creating skillcheck_mobilenetv4_conv_small_620x420/input_layer1...
[2025-10-06 20:39:24.075] [22501] [HailoRT] [info] [vstream_builder.cpp:102] [create_inputs] Input pipeline 'skillcheck_mobilenetv4_conv_small_620x420/input_layer1': (HwWriteEl13skillcheck_mobilenetv4_conv_small_620x420/input_layer1 | hw_frame_size: 781200) >> HW
[2025-10-06 20:39:24.075] [22501] [HailoRT] [info] [edge_elements.cpp:287] [create] Created (HwReadEl12skillcheck_mobilenetv4_conv_small_620x420/conv34 | hw_frame_size: 16)
[2025-10-06 20:39:24.075] [22501] [HailoRT] [info] [queue_elements.cpp:657] [create] Created (PullQEl_hw_read12skillcheck_mobilenetv4_conv_small_620x420/conv34)
[2025-10-06 20:39:24.075] [22501] [HailoRT] [info] [filter_elements.cpp:372] [create] Created (PostInferEl12skillcheck_mobilenetv4_conv_small_620x420/conv34 | Quantization - src_type: UINT8, dst_type FLOAT32, limvals_min: -13.2987, limvals_max: 5.54112 | Reorder - src_order: FCR, src_shape: (1, 1, 16), dst_order: FCR, dst_shape: (1, 1, 12))
[2025-10-06 20:39:24.075] [22501] [HailoRT] [info] [queue_elements.cpp:800] [create] Created (UserBuffQEl12skillcheck_mobilenetv4_conv_small_620x420/conv34 | timeout: 10s)
[2025-10-06 20:39:24.075] [22501] [HailoRT] [info] [vstream.cpp:1114] [OutputVStreamImpl] Creating skillcheck_mobilenetv4_conv_small_620x420/conv34...
[2025-10-06 20:39:24.075] [22501] [HailoRT] [info] [vstream_builder.cpp:220] [create_outputs] Output pipeline 'skillcheck_mobilenetv4_conv_small_620x420/conv34': HW >> (HwReadEl12skillcheck_mobilenetv4_conv_small_620x420/conv34 | hw_frame_size: 16) >> (PullQEl_hw_read12skillcheck_mobilenetv4_conv_small_620x420/conv34) >> (PostInferEl12skillcheck_mobilenetv4_conv_small_620x420/conv34 | Quantization - src_type: UINT8, dst_type FLOAT32, limvals_min: -13.2987, limvals_max: 5.54112 | Reorder - src_order: FCR, src_shape: (1, 1, 16), dst_order: FCR, dst_shape: (1, 1, 12)) >> (UserBuffQEl12skillcheck_mobilenetv4_conv_small_620x420/conv34 | timeout: 10s)
[2025-10-06 20:40:19.966] [22555] [HailoRT] [info] [queue_elements.cpp:855] [run_in_thread] Shutdown event was signaled in dequeue of UserBuffQEl12skillcheck_mobilenetv4_conv_small_620x420/conv34!
[2025-10-06 20:40:19.972] [22554] [HailoRT] [info] [vdevice_native_stream.cpp:331] [read_impl] Failed read from stream HAILO_STREAM_ABORT(63) (device: 0001:01:00.0)
[2025-10-06 20:40:19.972] [22554] [HailoRT] [info] [edge_elements.cpp:396] [run_pull] Reading from stream was aborted!
[2025-10-06 20:40:19.972] [22554] [HailoRT] [info] [queue_elements.cpp:738] [run_in_thread] run_pull of queue element PullQEl_hw_read12skillcheck_mobilenetv4_conv_small_620x420/conv34 was aborted!
[2025-10-06 20:40:19.972] [22554] [HailoRT] [info] [queue_elements.cpp:68] [operator()] Thread in element PullQEl_hw_read12skillcheck_mobilenetv4_conv_small_620x420/conv34 is not running anymore, exiting..
[2025-10-06 20:40:19.972] [22495] [HailoRT] [info] [queue_elements.cpp:46] [~BaseQueueElement] Queue element PullQEl_hw_read12skillcheck_mobilenetv4_conv_small_620x420/conv34 has 0 frames in his Queue on destruction
[2025-10-06 20:40:19.972] [22555] [HailoRT] [info] [queue_elements.cpp:68] [operator()] Thread in element UserBuffQEl12skillcheck_mobilenetv4_conv_small_620x420/conv34 is not running anymore, exiting..
[2025-10-06 20:40:19.972] [22495] [HailoRT] [info] [queue_elements.cpp:46] [~BaseQueueElement] Queue element UserBuffQEl12skillcheck_mobilenetv4_conv_small_620x420/conv34 has 0 frames in his Queue on destruction
[2025-10-06 20:40:19.973] [22495] [HailoRT] [info] [core_op.cpp:186] [deactivate] Deactivating took 0.446614 ms
[2025-10-06 20:40:19.973] [22495] [HailoRT] [info] [core_op.cpp:186] [deactivate] Deactivating took 0.487226 ms
[2025-10-06 20:53:57.638] [26041] [HailoRT] [info] [hef.cpp:1994] [get_network_group_and_network_name] No name was given. Addressing all networks of default network_group: skillcheck_mobilenetv4_conv_small_620x420
[2025-10-06 20:53:57.638] [26041] [HailoRT] [info] [hef.cpp:1994] [get_network_group_and_network_name] No name was given. Addressing all networks of default network_group: skillcheck_mobilenetv4_conv_small_620x420
[2025-10-06 20:53:57.845] [26041] [HailoRT] [info] [vdevice.cpp:535] [create] Creating vdevice with params: device_count: 1, scheduling_algorithm: NONE, multi_process_service: false
[2025-10-06 20:53:57.858] [26041] [HailoRT] [info] [device.cpp:51] [Device] OS Version: Linux 6.12.47+rpt-rpi-2712 #1 SMP PREEMPT Debian 1:6.12.47-1+rpt1~bookworm (2025-09-16) aarch64
[2025-10-06 20:53:57.858] [26041] [HailoRT] [info] [control.cpp:113] [control__parse_identify_results] firmware_version is: 4.23.0
[2025-10-06 20:53:57.858] [26041] [HailoRT] [info] [vdevice.cpp:682] [create] VDevice Infos: 0001:01:00.0
[2025-10-06 20:53:57.865] [26041] [HailoRT] [info] [buffer_requirements.cpp:198] [find_initial_desc_page_size] Using non-default initial_desc_page_size of 64, due to a small transfer size (16)
[2025-10-06 20:53:57.865] [26041] [HailoRT] [info] [internal_buffer_manager.cpp:75] [print_execution_results] Default Internal buffer planner failed to meet requirements
[2025-10-06 20:53:57.865] [26041] [HailoRT] [info] [internal_buffer_manager.cpp:86] [print_execution_results] Default Internal buffer planner executed successfully
[2025-10-06 20:53:57.878] [26041] [HailoRT] [info] [device_internal.cpp:57] [configure] Configuring HEF took 18.751743 milliseconds
[2025-10-06 20:53:57.878] [26041] [HailoRT] [info] [vdevice.cpp:780] [configure] Configuring HEF on VDevice took 19.53447 milliseconds
[2025-10-06 20:53:57.879] [26041] [HailoRT] [info] [core_op.cpp:156] [activate] Activating skillcheck_mobilenetv4_conv_small_620x420 took 0.216853 milliseconds. Note that the function is asynchronous and thus the network is not fully activated yet.
[2025-10-06 20:53:57.879] [26041] [HailoRT] [info] [core_op.cpp:156] [activate] Activating skillcheck_mobilenetv4_conv_small_620x420 took 0.229835 milliseconds. Note that the function is asynchronous and thus the network is not fully activated yet.
[2025-10-06 20:53:57.879] [26041] [HailoRT] [info] [edge_elements.cpp:52] [create] Created (HwWriteEl13skillcheck_mobilenetv4_conv_small_620x420/input_layer1 | hw_frame_size: 781200)
[2025-10-06 20:53:57.879] [26041] [HailoRT] [info] [vstream.cpp:754] [InputVStreamImpl] Creating skillcheck_mobilenetv4_conv_small_620x420/input_layer1...
[2025-10-06 20:53:57.879] [26041] [HailoRT] [info] [vstream_builder.cpp:102] [create_inputs] Input pipeline 'skillcheck_mobilenetv4_conv_small_620x420/input_layer1': (HwWriteEl13skillcheck_mobilenetv4_conv_small_620x420/input_layer1 | hw_frame_size: 781200) >> HW
[2025-10-06 20:53:57.879] [26041] [HailoRT] [info] [edge_elements.cpp:287] [create] Created (HwReadEl12skillcheck_mobilenetv4_conv_small_620x420/conv34 | hw_frame_size: 16)
[2025-10-06 20:53:57.879] [26041] [HailoRT] [info] [queue_elements.cpp:657] [create] Created (PullQEl_hw_read12skillcheck_mobilenetv4_conv_small_620x420/conv34)
[2025-10-06 20:53:57.879] [26041] [HailoRT] [info] [filter_elements.cpp:372] [create] Created (PostInferEl12skillcheck_mobilenetv4_conv_small_620x420/conv34 | Quantization - src_type: UINT8, dst_type FLOAT32, limvals_min: -13.2987, limvals_max: 5.54112 | Reorder - src_order: FCR, src_shape: (1, 1, 16), dst_order: FCR, dst_shape: (1, 1, 12))
[2025-10-06 20:53:57.879] [26041] [HailoRT] [info] [queue_elements.cpp:800] [create] Created (UserBuffQEl12skillcheck_mobilenetv4_conv_small_620x420/conv34 | timeout: 10s)
[2025-10-06 20:53:57.879] [26041] [HailoRT] [info] [vstream.cpp:1114] [OutputVStreamImpl] Creating skillcheck_mobilenetv4_conv_small_620x420/conv34...
[2025-10-06 20:53:57.879] [26041] [HailoRT] [info] [vstream_builder.cpp:220] [create_outputs] Output pipeline 'skillcheck_mobilenetv4_conv_small_620x420/conv34': HW >> (HwReadEl12skillcheck_mobilenetv4_conv_small_620x420/conv34 | hw_frame_size: 16) >> (PullQEl_hw_read12skillcheck_mobilenetv4_conv_small_620x420/conv34) >> (PostInferEl12skillcheck_mobilenetv4_conv_small_620x420/conv34 | Quantization - src_type: UINT8, dst_type FLOAT32, limvals_min: -13.2987, limvals_max: 5.54112 | Reorder - src_order: FCR, src_shape: (1, 1, 16), dst_order: FCR, dst_shape: (1, 1, 12)) >> (UserBuffQEl12skillcheck_mobilenetv4_conv_small_620x420/conv34 | timeout: 10s)
[2025-10-06 20:56:37.475] [29439] [HailoRT] [info] [vdevice_native_stream.cpp:331] [read_impl] Failed read from stream HAILO_STREAM_ABORT(63) (device: 0001:01:00.0)
[2025-10-06 20:56:37.475] [29439] [HailoRT] [info] [edge_elements.cpp:396] [run_pull] Reading from stream was aborted!
[2025-10-06 20:56:37.475] [29439] [HailoRT] [info] [queue_elements.cpp:738] [run_in_thread] run_pull of queue element PullQEl_hw_read12skillcheck_mobilenetv4_conv_small_620x420/conv34 was aborted!
[2025-10-06 20:56:37.475] [29440] [HailoRT] [info] [queue_elements.cpp:855] [run_in_thread] Shutdown event was signaled in dequeue of UserBuffQEl12skillcheck_mobilenetv4_conv_small_620x420/conv34!
[2025-10-06 20:56:37.475] [29439] [HailoRT] [info] [queue_elements.cpp:68] [operator()] Thread in element PullQEl_hw_read12skillcheck_mobilenetv4_conv_small_620x420/conv34 is not running anymore, exiting..
[2025-10-06 20:56:37.475] [22495] [HailoRT] [info] [queue_elements.cpp:46] [~BaseQueueElement] Queue element PullQEl_hw_read12skillcheck_mobilenetv4_conv_small_620x420/conv34 has 0 frames in his Queue on destruction
[2025-10-06 20:56:37.475] [29440] [HailoRT] [info] [queue_elements.cpp:68] [operator()] Thread in element UserBuffQEl12skillcheck_mobilenetv4_conv_small_620x420/conv34 is not running anymore, exiting..
[2025-10-06 20:56:37.475] [22495] [HailoRT] [info] [queue_elements.cpp:46] [~BaseQueueElement] Queue element UserBuffQEl12skillcheck_mobilenetv4_conv_small_620x420/conv34 has 0 frames in his Queue on destruction
[2025-10-06 20:56:37.476] [22495] [HailoRT] [info] [core_op.cpp:186] [deactivate] Deactivating took 0.41741 ms
[2025-10-06 20:56:37.476] [22495] [HailoRT] [info] [core_op.cpp:186] [deactivate] Deactivating took 0.435318 ms
[2025-10-06 21:27:21.440] [49515] [HailoRT] [info] [hef.cpp:1994] [get_network_group_and_network_name] No name was given. Addressing all networks of default network_group: skillcheck_mobilenetv4_conv_small_620x420
[2025-10-06 21:27:21.451] [49515] [HailoRT] [info] [hef.cpp:1994] [get_network_group_and_network_name] No name was given. Addressing all networks of default network_group: skillcheck_mobilenetv4_conv_small_620x420
[2025-10-06 21:27:21.803] [49515] [HailoRT] [info] [vdevice.cpp:535] [create] Creating vdevice with params: device_count: 1, scheduling_algorithm: NONE, multi_process_service: false
[2025-10-06 21:27:21.815] [49515] [HailoRT] [info] [device.cpp:51] [Device] OS Version: Linux 6.12.47+rpt-rpi-2712 #1 SMP PREEMPT Debian 1:6.12.47-1+rpt1~bookworm (2025-09-16) aarch64
[2025-10-06 21:27:21.815] [49515] [HailoRT] [info] [control.cpp:113] [control__parse_identify_results] firmware_version is: 4.23.0
[2025-10-06 21:27:21.815] [49515] [HailoRT] [info] [vdevice.cpp:682] [create] VDevice Infos: 0001:01:00.0
[2025-10-06 21:27:21.822] [49515] [HailoRT] [info] [buffer_requirements.cpp:198] [find_initial_desc_page_size] Using non-default initial_desc_page_size of 64, due to a small transfer size (16)
[2025-10-06 21:27:21.822] [49515] [HailoRT] [info] [internal_buffer_manager.cpp:75] [print_execution_results] Default Internal buffer planner failed to meet requirements
[2025-10-06 21:27:21.822] [49515] [HailoRT] [info] [internal_buffer_manager.cpp:86] [print_execution_results] Default Internal buffer planner executed successfully
[2025-10-06 21:27:21.833] [49515] [HailoRT] [info] [device_internal.cpp:57] [configure] Configuring HEF took 17.529467 milliseconds
[2025-10-06 21:27:21.833] [49515] [HailoRT] [info] [vdevice.cpp:780] [configure] Configuring HEF on VDevice took 17.795006 milliseconds
[2025-10-06 21:27:21.834] [49515] [HailoRT] [info] [core_op.cpp:156] [activate] Activating skillcheck_mobilenetv4_conv_small_620x420 took 0.310039 milliseconds. Note that the function is asynchronous and thus the network is not fully activated yet.
[2025-10-06 21:27:21.834] [49515] [HailoRT] [info] [core_op.cpp:156] [activate] Activating skillcheck_mobilenetv4_conv_small_620x420 took 0.349669 milliseconds. Note that the function is asynchronous and thus the network is not fully activated yet.
[2025-10-06 21:27:21.835] [49515] [HailoRT] [info] [edge_elements.cpp:52] [create] Created (HwWriteEl13skillcheck_mobilenetv4_conv_small_620x420/input_layer1 | hw_frame_size: 781200)
[2025-10-06 21:27:21.835] [49515] [HailoRT] [info] [vstream.cpp:754] [InputVStreamImpl] Creating skillcheck_mobilenetv4_conv_small_620x420/input_layer1...
[2025-10-06 21:27:21.835] [49515] [HailoRT] [info] [vstream_builder.cpp:102] [create_inputs] Input pipeline 'skillcheck_mobilenetv4_conv_small_620x420/input_layer1': (HwWriteEl13skillcheck_mobilenetv4_conv_small_620x420/input_layer1 | hw_frame_size: 781200) >> HW
[2025-10-06 21:27:21.835] [49515] [HailoRT] [info] [edge_elements.cpp:287] [create] Created (HwReadEl12skillcheck_mobilenetv4_conv_small_620x420/conv34 | hw_frame_size: 16)
[2025-10-06 21:27:21.835] [49515] [HailoRT] [info] [queue_elements.cpp:657] [create] Created (PullQEl_hw_read12skillcheck_mobilenetv4_conv_small_620x420/conv34)
[2025-10-06 21:27:21.836] [49515] [HailoRT] [info] [filter_elements.cpp:372] [create] Created (PostInferEl12skillcheck_mobilenetv4_conv_small_620x420/conv34 | Quantization - src_type: UINT8, dst_type FLOAT32, limvals_min: -13.2987, limvals_max: 5.54112 | Reorder - src_order: FCR, src_shape: (1, 1, 16), dst_order: FCR, dst_shape: (1, 1, 12))
[2025-10-06 21:27:21.836] [49515] [HailoRT] [info] [queue_elements.cpp:800] [create] Created (UserBuffQEl12skillcheck_mobilenetv4_conv_small_620x420/conv34 | timeout: 10s)
[2025-10-06 21:27:21.836] [49515] [HailoRT] [info] [vstream.cpp:1114] [OutputVStreamImpl] Creating skillcheck_mobilenetv4_conv_small_620x420/conv34...
[2025-10-06 21:27:21.836] [49515] [HailoRT] [info] [vstream_builder.cpp:220] [create_outputs] Output pipeline 'skillcheck_mobilenetv4_conv_small_620x420/conv34': HW >> (HwReadEl12skillcheck_mobilenetv4_conv_small_620x420/conv34 | hw_frame_size: 16) >> (PullQEl_hw_read12skillcheck_mobilenetv4_conv_small_620x420/conv34) >> (PostInferEl12skillcheck_mobilenetv4_conv_small_620x420/conv34 | Quantization - src_type: UINT8, dst_type FLOAT32, limvals_min: -13.2987, limvals_max: 5.54112 | Reorder - src_order: FCR, src_shape: (1, 1, 16), dst_order: FCR, dst_shape: (1, 1, 12)) >> (UserBuffQEl12skillcheck_mobilenetv4_conv_small_620x420/conv34 | timeout: 10s)
[2025-10-06 21:28:03.664] [49569] [HailoRT] [info] [vdevice_native_stream.cpp:331] [read_impl] Failed read from stream HAILO_STREAM_ABORT(63) (device: 0001:01:00.0)
[2025-10-06 21:28:03.664] [49569] [HailoRT] [info] [edge_elements.cpp:396] [run_pull] Reading from stream was aborted!
[2025-10-06 21:28:03.664] [49569] [HailoRT] [info] [queue_elements.cpp:738] [run_in_thread] run_pull of queue element PullQEl_hw_read12skillcheck_mobilenetv4_conv_small_620x420/conv34 was aborted!
[2025-10-06 21:28:03.664] [49570] [HailoRT] [info] [queue_elements.cpp:855] [run_in_thread] Shutdown event was signaled in dequeue of UserBuffQEl12skillcheck_mobilenetv4_conv_small_620x420/conv34!
[2025-10-06 21:28:03.664] [49569] [HailoRT] [info] [queue_elements.cpp:68] [operator()] Thread in element PullQEl_hw_read12skillcheck_mobilenetv4_conv_small_620x420/conv34 is not running anymore, exiting..
[2025-10-06 21:28:03.664] [53721] [HailoRT] [info] [queue_elements.cpp:46] [~BaseQueueElement] Queue element PullQEl_hw_read12skillcheck_mobilenetv4_conv_small_620x420/conv34 has 0 frames in his Queue on destruction
[2025-10-06 21:28:03.664] [49570] [HailoRT] [info] [queue_elements.cpp:68] [operator()] Thread in element UserBuffQEl12skillcheck_mobilenetv4_conv_small_620x420/conv34 is not running anymore, exiting..
[2025-10-06 21:28:03.664] [53721] [HailoRT] [info] [queue_elements.cpp:46] [~BaseQueueElement] Queue element UserBuffQEl12skillcheck_mobilenetv4_conv_small_620x420/conv34 has 0 frames in his Queue on destruction
[2025-10-06 21:28:03.664] [53721] [HailoRT] [info] [core_op.cpp:186] [deactivate] Deactivating took 0.431744 ms
[2025-10-06 21:28:03.664] [53721] [HailoRT] [info] [core_op.cpp:186] [deactivate] Deactivating took 0.443318 ms
[2025-10-06 21:52:32.804] [53940] [HailoRT] [info] [hef.cpp:1994] [get_network_group_and_network_name] No name was given. Addressing all networks of default network_group: skillcheck_mobilenetv4_conv_small_620x420
[2025-10-06 21:52:32.805] [53940] [HailoRT] [info] [hef.cpp:1994] [get_network_group_and_network_name] No name was given. Addressing all networks of default network_group: skillcheck_mobilenetv4_conv_small_620x420
[2025-10-06 21:52:33.070] [53940] [HailoRT] [info] [vdevice.cpp:535] [create] Creating vdevice with params: device_count: 1, scheduling_algorithm: NONE, multi_process_service: false
[2025-10-06 21:52:33.082] [53940] [HailoRT] [info] [device.cpp:51] [Device] OS Version: Linux 6.12.47+rpt-rpi-2712 #1 SMP PREEMPT Debian 1:6.12.47-1+rpt1~bookworm (2025-09-16) aarch64
[2025-10-06 21:52:33.083] [53940] [HailoRT] [info] [control.cpp:113] [control__parse_identify_results] firmware_version is: 4.23.0
[2025-10-06 21:52:33.083] [53940] [HailoRT] [info] [vdevice.cpp:682] [create] VDevice Infos: 0001:01:00.0
[2025-10-06 21:52:33.091] [53940] [HailoRT] [info] [buffer_requirements.cpp:198] [find_initial_desc_page_size] Using non-default initial_desc_page_size of 64, due to a small transfer size (16)
[2025-10-06 21:52:33.091] [53940] [HailoRT] [info] [internal_buffer_manager.cpp:75] [print_execution_results] Default Internal buffer planner failed to meet requirements
[2025-10-06 21:52:33.091] [53940] [HailoRT] [info] [internal_buffer_manager.cpp:86] [print_execution_results] Default Internal buffer planner executed successfully
[2025-10-06 21:52:33.152] [53940] [HailoRT] [info] [device_internal.cpp:57] [configure] Configuring HEF took 68.755458 milliseconds
[2025-10-06 21:52:33.152] [53940] [HailoRT] [info] [vdevice.cpp:780] [configure] Configuring HEF on VDevice took 69.276369 milliseconds
[2025-10-06 21:52:33.154] [53940] [HailoRT] [info] [core_op.cpp:156] [activate] Activating skillcheck_mobilenetv4_conv_small_620x420 took 0.304724 milliseconds. Note that the function is asynchronous and thus the network is not fully activated yet.
[2025-10-06 21:52:33.154] [53940] [HailoRT] [info] [core_op.cpp:156] [activate] Activating skillcheck_mobilenetv4_conv_small_620x420 took 0.342335 milliseconds. Note that the function is asynchronous and thus the network is not fully activated yet.
[2025-10-06 21:52:33.154] [53940] [HailoRT] [info] [edge_elements.cpp:52] [create] Created (HwWriteEl13skillcheck_mobilenetv4_conv_small_620x420/input_layer1 | hw_frame_size: 781200)
[2025-10-06 21:52:33.154] [53940] [HailoRT] [info] [vstream.cpp:754] [InputVStreamImpl] Creating skillcheck_mobilenetv4_conv_small_620x420/input_layer1...
[2025-10-06 21:52:33.154] [53940] [HailoRT] [info] [vstream_builder.cpp:102] [create_inputs] Input pipeline 'skillcheck_mobilenetv4_conv_small_620x420/input_layer1': (HwWriteEl13skillcheck_mobilenetv4_conv_small_620x420/input_layer1 | hw_frame_size: 781200) >> HW
[2025-10-06 21:52:33.154] [53940] [HailoRT] [info] [edge_elements.cpp:287] [create] Created (HwReadEl12skillcheck_mobilenetv4_conv_small_620x420/conv34 | hw_frame_size: 16)
[2025-10-06 21:52:33.156] [53940] [HailoRT] [info] [queue_elements.cpp:657] [create] Created (PullQEl_hw_read12skillcheck_mobilenetv4_conv_small_620x420/conv34)
[2025-10-06 21:52:33.156] [53940] [HailoRT] [info] [filter_elements.cpp:372] [create] Created (PostInferEl12skillcheck_mobilenetv4_conv_small_620x420/conv34 | Quantization - src_type: UINT8, dst_type FLOAT32, limvals_min: -13.2987, limvals_max: 5.54112 | Reorder - src_order: FCR, src_shape: (1, 1, 16), dst_order: FCR, dst_shape: (1, 1, 12))
[2025-10-06 21:52:33.156] [53940] [HailoRT] [info] [queue_elements.cpp:800] [create] Created (UserBuffQEl12skillcheck_mobilenetv4_conv_small_620x420/conv34 | timeout: 10s)
[2025-10-06 21:52:33.156] [53940] [HailoRT] [info] [vstream.cpp:1114] [OutputVStreamImpl] Creating skillcheck_mobilenetv4_conv_small_620x420/conv34...
[2025-10-06 21:52:33.156] [53940] [HailoRT] [info] [vstream_builder.cpp:220] [create_outputs] Output pipeline 'skillcheck_mobilenetv4_conv_small_620x420/conv34': HW >> (HwReadEl12skillcheck_mobilenetv4_conv_small_620x420/conv34 | hw_frame_size: 16) >> (PullQEl_hw_read12skillcheck_mobilenetv4_conv_small_620x420/conv34) >> (PostInferEl12skillcheck_mobilenetv4_conv_small_620x420/conv34 | Quantization - src_type: UINT8, dst_type FLOAT32, limvals_min: -13.2987, limvals_max: 5.54112 | Reorder - src_order: FCR, src_shape: (1, 1, 16), dst_order: FCR, dst_shape: (1, 1, 12)) >> (UserBuffQEl12skillcheck_mobilenetv4_conv_small_620x420/conv34 | timeout: 10s)
[2025-10-06 21:54:49.500] [53998] [HailoRT] [info] [queue_elements.cpp:855] [run_in_thread] Shutdown event was signaled in dequeue of UserBuffQEl12skillcheck_mobilenetv4_conv_small_620x420/conv34!
[2025-10-06 21:54:49.511] [53997] [HailoRT] [info] [vdevice_native_stream.cpp:331] [read_impl] Failed read from stream HAILO_STREAM_ABORT(63) (device: 0001:01:00.0)
[2025-10-06 21:54:49.511] [53997] [HailoRT] [info] [edge_elements.cpp:396] [run_pull] Reading from stream was aborted!
[2025-10-06 21:54:49.511] [53997] [HailoRT] [info] [queue_elements.cpp:738] [run_in_thread] run_pull of queue element PullQEl_hw_read12skillcheck_mobilenetv4_conv_small_620x420/conv34 was aborted!
[2025-10-06 21:54:49.511] [53997] [HailoRT] [info] [queue_elements.cpp:68] [operator()] Thread in element PullQEl_hw_read12skillcheck_mobilenetv4_conv_small_620x420/conv34 is not running anymore, exiting..
[2025-10-06 21:54:49.511] [53934] [HailoRT] [info] [queue_elements.cpp:46] [~BaseQueueElement] Queue element PullQEl_hw_read12skillcheck_mobilenetv4_conv_small_620x420/conv34 has 0 frames in his Queue on destruction
[2025-10-06 21:54:49.511] [53998] [HailoRT] [info] [queue_elements.cpp:68] [operator()] Thread in element UserBuffQEl12skillcheck_mobilenetv4_conv_small_620x420/conv34 is not running anymore, exiting..
[2025-10-06 21:54:49.511] [53934] [HailoRT] [info] [queue_elements.cpp:46] [~BaseQueueElement] Queue element UserBuffQEl12skillcheck_mobilenetv4_conv_small_620x420/conv34 has 0 frames in his Queue on destruction
[2025-10-06 21:54:49.512] [53934] [HailoRT] [info] [core_op.cpp:186] [deactivate] Deactivating took 0.417762 ms
[2025-10-06 21:54:49.512] [53934] [HailoRT] [info] [core_op.cpp:186] [deactivate] Deactivating took 0.445892 ms
[2025-10-06 21:55:20.644] [53940] [HailoRT] [info] [hef.cpp:1994] [get_network_group_and_network_name] No name was given. Addressing all networks of default network_group: skillcheck_mobilenetv4_conv_small_620x420
[2025-10-06 21:55:20.644] [53940] [HailoRT] [info] [hef.cpp:1994] [get_network_group_and_network_name] No name was given. Addressing all networks of default network_group: skillcheck_mobilenetv4_conv_small_620x420
[2025-10-06 21:55:21.075] [53940] [HailoRT] [info] [vdevice.cpp:535] [create] Creating vdevice with params: device_count: 1, scheduling_algorithm: NONE, multi_process_service: false
[2025-10-06 21:55:21.089] [53940] [HailoRT] [info] [device.cpp:51] [Device] OS Version: Linux 6.12.47+rpt-rpi-2712 #1 SMP PREEMPT Debian 1:6.12.47-1+rpt1~bookworm (2025-09-16) aarch64
[2025-10-06 21:55:21.090] [53940] [HailoRT] [info] [control.cpp:113] [control__parse_identify_results] firmware_version is: 4.23.0
[2025-10-06 21:55:21.090] [53940] [HailoRT] [info] [vdevice.cpp:682] [create] VDevice Infos: 0001:01:00.0
[2025-10-06 21:55:21.102] [53940] [HailoRT] [info] [buffer_requirements.cpp:198] [find_initial_desc_page_size] Using non-default initial_desc_page_size of 64, due to a small transfer size (16)
[2025-10-06 21:55:21.104] [53940] [HailoRT] [info] [internal_buffer_manager.cpp:75] [print_execution_results] Default Internal buffer planner failed to meet requirements
[2025-10-06 21:55:21.104] [53940] [HailoRT] [info] [internal_buffer_manager.cpp:86] [print_execution_results] Default Internal buffer planner executed successfully
[2025-10-06 21:55:21.123] [53940] [HailoRT] [info] [device_internal.cpp:57] [configure] Configuring HEF took 31.832313 milliseconds
[2025-10-06 21:55:21.123] [53940] [HailoRT] [info] [vdevice.cpp:780] [configure] Configuring HEF on VDevice took 32.226537 milliseconds
[2025-10-06 21:55:21.125] [53940] [HailoRT] [info] [core_op.cpp:156] [activate] Activating skillcheck_mobilenetv4_conv_small_620x420 took 0.41217 milliseconds. Note that the function is asynchronous and thus the network is not fully activated yet.
[2025-10-06 21:55:21.125] [53940] [HailoRT] [info] [core_op.cpp:156] [activate] Activating skillcheck_mobilenetv4_conv_small_620x420 took 0.469799 milliseconds. Note that the function is asynchronous and thus the network is not fully activated yet.
[2025-10-06 21:55:21.126] [53940] [HailoRT] [info] [edge_elements.cpp:52] [create] Created (HwWriteEl13skillcheck_mobilenetv4_conv_small_620x420/input_layer1 | hw_frame_size: 781200)
[2025-10-06 21:55:21.126] [53940] [HailoRT] [info] [vstream.cpp:754] [InputVStreamImpl] Creating skillcheck_mobilenetv4_conv_small_620x420/input_layer1...
[2025-10-06 21:55:21.126] [53940] [HailoRT] [info] [vstream_builder.cpp:102] [create_inputs] Input pipeline 'skillcheck_mobilenetv4_conv_small_620x420/input_layer1': (HwWriteEl13skillcheck_mobilenetv4_conv_small_620x420/input_layer1 | hw_frame_size: 781200) >> HW
[2025-10-06 21:55:21.126] [53940] [HailoRT] [info] [edge_elements.cpp:287] [create] Created (HwReadEl12skillcheck_mobilenetv4_conv_small_620x420/conv34 | hw_frame_size: 16)
[2025-10-06 21:55:21.128] [53940] [HailoRT] [info] [queue_elements.cpp:657] [create] Created (PullQEl_hw_read12skillcheck_mobilenetv4_conv_small_620x420/conv34)
[2025-10-06 21:55:21.128] [53940] [HailoRT] [info] [filter_elements.cpp:372] [create] Created (PostInferEl12skillcheck_mobilenetv4_conv_small_620x420/conv34 | Quantization - src_type: UINT8, dst_type FLOAT32, limvals_min: -13.2987, limvals_max: 5.54112 | Reorder - src_order: FCR, src_shape: (1, 1, 16), dst_order: FCR, dst_shape: (1, 1, 12))
[2025-10-06 21:55:21.128] [53940] [HailoRT] [info] [queue_elements.cpp:800] [create] Created (UserBuffQEl12skillcheck_mobilenetv4_conv_small_620x420/conv34 | timeout: 10s)
[2025-10-06 21:55:21.128] [53940] [HailoRT] [info] [vstream.cpp:1114] [OutputVStreamImpl] Creating skillcheck_mobilenetv4_conv_small_620x420/conv34...
[2025-10-06 21:55:21.129] [53940] [HailoRT] [info] [vstream_builder.cpp:220] [create_outputs] Output pipeline 'skillcheck_mobilenetv4_conv_small_620x420/conv34': HW >> (HwReadEl12skillcheck_mobilenetv4_conv_small_620x420/conv34 | hw_frame_size: 16) >> (PullQEl_hw_read12skillcheck_mobilenetv4_conv_small_620x420/conv34) >> (PostInferEl12skillcheck_mobilenetv4_conv_small_620x420/conv34 | Quantization - src_type: UINT8, dst_type FLOAT32, limvals_min: -13.2987, limvals_max: 5.54112 | Reorder - src_order: FCR, src_shape: (1, 1, 16), dst_order: FCR, dst_shape: (1, 1, 12)) >> (UserBuffQEl12skillcheck_mobilenetv4_conv_small_620x420/conv34 | timeout: 10s)
[2025-10-06 22:10:55.626] [70007] [HailoRT] [info] [queue_elements.cpp:855] [run_in_thread] Shutdown event was signaled in dequeue of UserBuffQEl12skillcheck_mobilenetv4_conv_small_620x420/conv34!
[2025-10-06 22:10:55.643] [70006] [HailoRT] [info] [vdevice_native_stream.cpp:331] [read_impl] Failed read from stream HAILO_STREAM_ABORT(63) (device: 0001:01:00.0)
[2025-10-06 22:10:55.643] [70006] [HailoRT] [info] [edge_elements.cpp:396] [run_pull] Reading from stream was aborted!
[2025-10-06 22:10:55.643] [70006] [HailoRT] [info] [queue_elements.cpp:738] [run_in_thread] run_pull of queue element PullQEl_hw_read12skillcheck_mobilenetv4_conv_small_620x420/conv34 was aborted!
[2025-10-06 22:10:55.644] [53934] [HailoRT] [info] [queue_elements.cpp:46] [~BaseQueueElement] Queue element PullQEl_hw_read12skillcheck_mobilenetv4_conv_small_620x420/conv34 has 0 frames in his Queue on destruction
[2025-10-06 22:10:55.644] [70007] [HailoRT] [info] [queue_elements.cpp:68] [operator()] Thread in element UserBuffQEl12skillcheck_mobilenetv4_conv_small_620x420/conv34 is not running anymore, exiting..
[2025-10-06 22:10:55.644] [53934] [HailoRT] [info] [queue_elements.cpp:46] [~BaseQueueElement] Queue element UserBuffQEl12skillcheck_mobilenetv4_conv_small_620x420/conv34 has 0 frames in his Queue on destruction
[2025-10-06 22:10:55.644] [53934] [HailoRT] [info] [core_op.cpp:186] [deactivate] Deactivating took 0.454467 ms
[2025-10-06 22:10:55.644] [53934] [HailoRT] [info] [core_op.cpp:186] [deactivate] Deactivating took 0.499338 ms
[2025-10-07 14:08:49.413] [215552] [HailoRT] [info] [hef.cpp:1994] [get_network_group_and_network_name] No name was given. Addressing all networks of default network_group: skillcheck_mobilenetv4_conv_small_620x420
[2025-10-07 14:08:49.413] [215552] [HailoRT] [info] [hef.cpp:1994] [get_network_group_and_network_name] No name was given. Addressing all networks of default network_group: skillcheck_mobilenetv4_conv_small_620x420
[2025-10-07 14:08:49.610] [215552] [HailoRT] [info] [vdevice.cpp:535] [create] Creating vdevice with params: device_count: 1, scheduling_algorithm: NONE, multi_process_service: false
[2025-10-07 14:08:49.622] [215552] [HailoRT] [info] [device.cpp:51] [Device] OS Version: Linux 6.12.47+rpt-rpi-2712 #1 SMP PREEMPT Debian 1:6.12.47-1+rpt1~bookworm (2025-09-16) aarch64
[2025-10-07 14:08:49.622] [215552] [HailoRT] [info] [control.cpp:113] [control__parse_identify_results] firmware_version is: 4.23.0
[2025-10-07 14:08:49.622] [215552] [HailoRT] [info] [vdevice.cpp:682] [create] VDevice Infos: 0001:01:00.0
[2025-10-07 14:08:49.628] [215552] [HailoRT] [info] [buffer_requirements.cpp:198] [find_initial_desc_page_size] Using non-default initial_desc_page_size of 64, due to a small transfer size (16)
[2025-10-07 14:08:49.628] [215552] [HailoRT] [info] [internal_buffer_manager.cpp:75] [print_execution_results] Default Internal buffer planner failed to meet requirements
[2025-10-07 14:08:49.628] [215552] [HailoRT] [info] [internal_buffer_manager.cpp:86] [print_execution_results] Default Internal buffer planner executed successfully
[2025-10-07 14:08:49.639] [215552] [HailoRT] [info] [device_internal.cpp:57] [configure] Configuring HEF took 15.620361 milliseconds
[2025-10-07 14:08:49.639] [215552] [HailoRT] [info] [vdevice.cpp:780] [configure] Configuring HEF on VDevice took 15.922067 milliseconds
[2025-10-07 14:08:49.639] [215552] [HailoRT] [info] [core_op.cpp:156] [activate] Activating skillcheck_mobilenetv4_conv_small_620x420 took 0.204094 milliseconds. Note that the function is asynchronous and thus the network is not fully activated yet.
[2025-10-07 14:08:49.639] [215552] [HailoRT] [info] [core_op.cpp:156] [activate] Activating skillcheck_mobilenetv4_conv_small_620x420 took 0.217668 milliseconds. Note that the function is asynchronous and thus the network is not fully activated yet.
[2025-10-07 14:08:49.639] [215552] [HailoRT] [info] [edge_elements.cpp:52] [create] Created (HwWriteEl13skillcheck_mobilenetv4_conv_small_620x420/input_layer1 | hw_frame_size: 781200)
[2025-10-07 14:08:49.639] [215552] [HailoRT] [info] [vstream.cpp:754] [InputVStreamImpl] Creating skillcheck_mobilenetv4_conv_small_620x420/input_layer1...
[2025-10-07 14:08:49.639] [215552] [HailoRT] [info] [vstream_builder.cpp:102] [create_inputs] Input pipeline 'skillcheck_mobilenetv4_conv_small_620x420/input_layer1': (HwWriteEl13skillcheck_mobilenetv4_conv_small_620x420/input_layer1 | hw_frame_size: 781200) >> HW
[2025-10-07 14:08:49.640] [215552] [HailoRT] [info] [edge_elements.cpp:287] [create] Created (HwReadEl12skillcheck_mobilenetv4_conv_small_620x420/conv34 | hw_frame_size: 16)
[2025-10-07 14:08:49.640] [215552] [HailoRT] [info] [queue_elements.cpp:657] [create] Created (PullQEl_hw_read12skillcheck_mobilenetv4_conv_small_620x420/conv34)
[2025-10-07 14:08:49.640] [215552] [HailoRT] [info] [filter_elements.cpp:372] [create] Created (PostInferEl12skillcheck_mobilenetv4_conv_small_620x420/conv34 | Quantization - src_type: UINT8, dst_type FLOAT32, limvals_min: -13.2987, limvals_max: 5.54112 | Reorder - src_order: FCR, src_shape: (1, 1, 16), dst_order: FCR, dst_shape: (1, 1, 12))
[2025-10-07 14:08:49.640] [215552] [HailoRT] [info] [queue_elements.cpp:800] [create] Created (UserBuffQEl12skillcheck_mobilenetv4_conv_small_620x420/conv34 | timeout: 10s)
[2025-10-07 14:08:49.640] [215552] [HailoRT] [info] [vstream.cpp:1114] [OutputVStreamImpl] Creating skillcheck_mobilenetv4_conv_small_620x420/conv34...
[2025-10-07 14:08:49.642] [215552] [HailoRT] [info] [vstream_builder.cpp:220] [create_outputs] Output pipeline 'skillcheck_mobilenetv4_conv_small_620x420/conv34': HW >> (HwReadEl12skillcheck_mobilenetv4_conv_small_620x420/conv34 | hw_frame_size: 16) >> (PullQEl_hw_read12skillcheck_mobilenetv4_conv_small_620x420/conv34) >> (PostInferEl12skillcheck_mobilenetv4_conv_small_620x420/conv34 | Quantization - src_type: UINT8, dst_type FLOAT32, limvals_min: -13.2987, limvals_max: 5.54112 | Reorder - src_order: FCR, src_shape: (1, 1, 16), dst_order: FCR, dst_shape: (1, 1, 12)) >> (UserBuffQEl12skillcheck_mobilenetv4_conv_small_620x420/conv34 | timeout: 10s)
[2025-10-07 14:08:49.768] [215608] [HailoRT] [info] [queue_elements.cpp:855] [run_in_thread] Shutdown event was signaled in dequeue of UserBuffQEl12skillcheck_mobilenetv4_conv_small_620x420/conv34!
[2025-10-07 14:08:49.768] [215607] [HailoRT] [info] [vdevice_native_stream.cpp:331] [read_impl] Failed read from stream HAILO_STREAM_ABORT(63) (device: 0001:01:00.0)
[2025-10-07 14:08:49.768] [215607] [HailoRT] [info] [edge_elements.cpp:396] [run_pull] Reading from stream was aborted!
[2025-10-07 14:08:49.768] [215607] [HailoRT] [info] [queue_elements.cpp:738] [run_in_thread] run_pull of queue element PullQEl_hw_read12skillcheck_mobilenetv4_conv_small_620x420/conv34 was aborted!
[2025-10-07 14:08:49.768] [215607] [HailoRT] [info] [queue_elements.cpp:68] [operator()] Thread in element PullQEl_hw_read12skillcheck_mobilenetv4_conv_small_620x420/conv34 is not running anymore, exiting..
[2025-10-07 14:08:49.768] [215552] [HailoRT] [info] [queue_elements.cpp:46] [~BaseQueueElement] Queue element PullQEl_hw_read12skillcheck_mobilenetv4_conv_small_620x420/conv34 has 0 frames in his Queue on destruction
[2025-10-07 14:08:49.768] [215608] [HailoRT] [info] [queue_elements.cpp:68] [operator()] Thread in element UserBuffQEl12skillcheck_mobilenetv4_conv_small_620x420/conv34 is not running anymore, exiting..
[2025-10-07 14:08:49.768] [215552] [HailoRT] [info] [queue_elements.cpp:46] [~BaseQueueElement] Queue element UserBuffQEl12skillcheck_mobilenetv4_conv_small_620x420/conv34 has 0 frames in his Queue on destruction
[2025-10-07 14:08:49.768] [215552] [HailoRT] [info] [core_op.cpp:186] [deactivate] Deactivating took 0.376614 ms
[2025-10-07 14:08:49.768] [215552] [HailoRT] [info] [core_op.cpp:186] [deactivate] Deactivating took 0.38541 ms
[2025-10-07 14:11:07.899] [215643] [HailoRT] [info] [hef.cpp:1994] [get_network_group_and_network_name] No name was given. Addressing all networks of default network_group: skillcheck_mobilenetv4_conv_small_620x420
[2025-10-07 14:11:07.899] [215643] [HailoRT] [info] [hef.cpp:1994] [get_network_group_and_network_name] No name was given. Addressing all networks of default network_group: skillcheck_mobilenetv4_conv_small_620x420
[2025-10-07 14:11:08.357] [215643] [HailoRT] [info] [vdevice.cpp:535] [create] Creating vdevice with params: device_count: 1, scheduling_algorithm: NONE, multi_process_service: false
[2025-10-07 14:11:08.368] [215643] [HailoRT] [info] [device.cpp:51] [Device] OS Version: Linux 6.12.47+rpt-rpi-2712 #1 SMP PREEMPT Debian 1:6.12.47-1+rpt1~bookworm (2025-09-16) aarch64
[2025-10-07 14:11:08.368] [215643] [HailoRT] [info] [control.cpp:113] [control__parse_identify_results] firmware_version is: 4.23.0
[2025-10-07 14:11:08.368] [215643] [HailoRT] [info] [vdevice.cpp:682] [create] VDevice Infos: 0001:01:00.0
[2025-10-07 14:11:08.375] [215643] [HailoRT] [info] [buffer_requirements.cpp:198] [find_initial_desc_page_size] Using non-default initial_desc_page_size of 64, due to a small transfer size (16)
[2025-10-07 14:11:08.375] [215643] [HailoRT] [info] [internal_buffer_manager.cpp:75] [print_execution_results] Default Internal buffer planner failed to meet requirements
[2025-10-07 14:11:08.375] [215643] [HailoRT] [info] [internal_buffer_manager.cpp:86] [print_execution_results] Default Internal buffer planner executed successfully
[2025-10-07 14:11:08.386] [215643] [HailoRT] [info] [device_internal.cpp:57] [configure] Configuring HEF took 17.282982 milliseconds
[2025-10-07 14:11:08.386] [215643] [HailoRT] [info] [vdevice.cpp:780] [configure] Configuring HEF on VDevice took 17.558113 milliseconds
[2025-10-07 14:11:08.387] [215643] [HailoRT] [info] [core_op.cpp:156] [activate] Activating skillcheck_mobilenetv4_conv_small_620x420 took 0.323668 milliseconds. Note that the function is asynchronous and thus the network is not fully activated yet.
[2025-10-07 14:11:08.387] [215643] [HailoRT] [info] [core_op.cpp:156] [activate] Activating skillcheck_mobilenetv4_conv_small_620x420 took 0.36128 milliseconds. Note that the function is asynchronous and thus the network is not fully activated yet.
[2025-10-07 14:11:08.387] [215643] [HailoRT] [info] [edge_elements.cpp:52] [create] Created (HwWriteEl13skillcheck_mobilenetv4_conv_small_620x420/input_layer1 | hw_frame_size: 781200)
[2025-10-07 14:11:08.387] [215643] [HailoRT] [info] [vstream.cpp:754] [InputVStreamImpl] Creating skillcheck_mobilenetv4_conv_small_620x420/input_layer1...
[2025-10-07 14:11:08.387] [215643] [HailoRT] [info] [vstream_builder.cpp:102] [create_inputs] Input pipeline 'skillcheck_mobilenetv4_conv_small_620x420/input_layer1': (HwWriteEl13skillcheck_mobilenetv4_conv_small_620x420/input_layer1 | hw_frame_size: 781200) >> HW
[2025-10-07 14:11:08.387] [215643] [HailoRT] [info] [edge_elements.cpp:287] [create] Created (HwReadEl12skillcheck_mobilenetv4_conv_small_620x420/conv34 | hw_frame_size: 16)
[2025-10-07 14:11:08.388] [215643] [HailoRT] [info] [queue_elements.cpp:657] [create] Created (PullQEl_hw_read12skillcheck_mobilenetv4_conv_small_620x420/conv34)
[2025-10-07 14:11:08.388] [215643] [HailoRT] [info] [filter_elements.cpp:372] [create] Created (PostInferEl12skillcheck_mobilenetv4_conv_small_620x420/conv34 | Quantization - src_type: UINT8, dst_type FLOAT32, limvals_min: -13.2987, limvals_max: 5.54112 | Reorder - src_order: FCR, src_shape: (1, 1, 16), dst_order: FCR, dst_shape: (1, 1, 12))
[2025-10-07 14:11:08.388] [215643] [HailoRT] [info] [queue_elements.cpp:800] [create] Created (UserBuffQEl12skillcheck_mobilenetv4_conv_small_620x420/conv34 | timeout: 10s)
[2025-10-07 14:11:08.388] [215643] [HailoRT] [info] [vstream.cpp:1114] [OutputVStreamImpl] Creating skillcheck_mobilenetv4_conv_small_620x420/conv34...
[2025-10-07 14:11:08.388] [215643] [HailoRT] [info] [vstream_builder.cpp:220] [create_outputs] Output pipeline 'skillcheck_mobilenetv4_conv_small_620x420/conv34': HW >> (HwReadEl12skillcheck_mobilenetv4_conv_small_620x420/conv34 | hw_frame_size: 16) >> (PullQEl_hw_read12skillcheck_mobilenetv4_conv_small_620x420/conv34) >> (PostInferEl12skillcheck_mobilenetv4_conv_small_620x420/conv34 | Quantization - src_type: UINT8, dst_type FLOAT32, limvals_min: -13.2987, limvals_max: 5.54112 | Reorder - src_order: FCR, src_shape: (1, 1, 16), dst_order: FCR, dst_shape: (1, 1, 12)) >> (UserBuffQEl12skillcheck_mobilenetv4_conv_small_620x420/conv34 | timeout: 10s)
[2025-10-07 14:11:08.513] [215701] [HailoRT] [info] [queue_elements.cpp:855] [run_in_thread] Shutdown event was signaled in dequeue of UserBuffQEl12skillcheck_mobilenetv4_conv_small_620x420/conv34!
[2025-10-07 14:11:08.513] [215700] [HailoRT] [info] [vdevice_native_stream.cpp:331] [read_impl] Failed read from stream HAILO_STREAM_ABORT(63) (device: 0001:01:00.0)
[2025-10-07 14:11:08.513] [215700] [HailoRT] [info] [edge_elements.cpp:396] [run_pull] Reading from stream was aborted!
[2025-10-07 14:11:08.513] [215700] [HailoRT] [info] [queue_elements.cpp:738] [run_in_thread] run_pull of queue element PullQEl_hw_read12skillcheck_mobilenetv4_conv_small_620x420/conv34 was aborted!
[2025-10-07 14:11:08.513] [215700] [HailoRT] [info] [queue_elements.cpp:68] [operator()] Thread in element PullQEl_hw_read12skillcheck_mobilenetv4_conv_small_620x420/conv34 is not running anymore, exiting..
[2025-10-07 14:11:08.513] [215643] [HailoRT] [info] [queue_elements.cpp:46] [~BaseQueueElement] Queue element PullQEl_hw_read12skillcheck_mobilenetv4_conv_small_620x420/conv34 has 0 frames in his Queue on destruction
[2025-10-07 14:11:08.513] [215701] [HailoRT] [info] [queue_elements.cpp:68] [operator()] Thread in element UserBuffQEl12skillcheck_mobilenetv4_conv_small_620x420/conv34 is not running anymore, exiting..
[2025-10-07 14:11:08.513] [215643] [HailoRT] [info] [queue_elements.cpp:46] [~BaseQueueElement] Queue element UserBuffQEl12skillcheck_mobilenetv4_conv_small_620x420/conv34 has 0 frames in his Queue on destruction
[2025-10-07 14:11:08.514] [215643] [HailoRT] [info] [core_op.cpp:186] [deactivate] Deactivating took 0.419817 ms
[2025-10-07 14:11:08.514] [215643] [HailoRT] [info] [core_op.cpp:186] [deactivate] Deactivating took 0.435614 ms
[2025-10-07 14:14:37.655] [215742] [HailoRT] [info] [hef.cpp:1994] [get_network_group_and_network_name] No name was given. Addressing all networks of default network_group: skillcheck_mobilenetv4_conv_small_620x420
[2025-10-07 14:14:37.655] [215742] [HailoRT] [info] [hef.cpp:1994] [get_network_group_and_network_name] No name was given. Addressing all networks of default network_group: skillcheck_mobilenetv4_conv_small_620x420
[2025-10-07 14:14:37.830] [215742] [HailoRT] [info] [vdevice.cpp:535] [create] Creating vdevice with params: device_count: 1, scheduling_algorithm: NONE, multi_process_service: false
[2025-10-07 14:14:37.842] [215742] [HailoRT] [info] [device.cpp:51] [Device] OS Version: Linux 6.12.47+rpt-rpi-2712 #1 SMP PREEMPT Debian 1:6.12.47-1+rpt1~bookworm (2025-09-16) aarch64
[2025-10-07 14:14:37.842] [215742] [HailoRT] [info] [control.cpp:113] [control__parse_identify_results] firmware_version is: 4.23.0
[2025-10-07 14:14:37.842] [215742] [HailoRT] [info] [vdevice.cpp:682] [create] VDevice Infos: 0001:01:00.0
[2025-10-07 14:14:37.848] [215742] [HailoRT] [info] [buffer_requirements.cpp:198] [find_initial_desc_page_size] Using non-default initial_desc_page_size of 64, due to a small transfer size (16)
[2025-10-07 14:14:37.848] [215742] [HailoRT] [info] [internal_buffer_manager.cpp:75] [print_execution_results] Default Internal buffer planner failed to meet requirements
[2025-10-07 14:14:37.848] [215742] [HailoRT] [info] [internal_buffer_manager.cpp:86] [print_execution_results] Default Internal buffer planner executed successfully
[2025-10-07 14:14:37.858] [215742] [HailoRT] [info] [device_internal.cpp:57] [configure] Configuring HEF took 15.215967 milliseconds
[2025-10-07 14:14:37.858] [215742] [HailoRT] [info] [vdevice.cpp:780] [configure] Configuring HEF on VDevice took 15.469635 milliseconds
[2025-10-07 14:14:37.859] [215742] [HailoRT] [info] [core_op.cpp:156] [activate] Activating skillcheck_mobilenetv4_conv_small_620x420 took 0.309928 milliseconds. Note that the function is asynchronous and thus the network is not fully activated yet.
[2025-10-07 14:14:37.859] [215742] [HailoRT] [info] [core_op.cpp:156] [activate] Activating skillcheck_mobilenetv4_conv_small_620x420 took 0.347225 milliseconds. Note that the function is asynchronous and thus the network is not fully activated yet.
[2025-10-07 14:14:37.859] [215742] [HailoRT] [info] [edge_elements.cpp:52] [create] Created (HwWriteEl13skillcheck_mobilenetv4_conv_small_620x420/input_layer1 | hw_frame_size: 781200)
[2025-10-07 14:14:37.859] [215742] [HailoRT] [info] [vstream.cpp:754] [InputVStreamImpl] Creating skillcheck_mobilenetv4_conv_small_620x420/input_layer1...
[2025-10-07 14:14:37.859] [215742] [HailoRT] [info] [vstream_builder.cpp:102] [create_inputs] Input pipeline 'skillcheck_mobilenetv4_conv_small_620x420/input_layer1': (HwWriteEl13skillcheck_mobilenetv4_conv_small_620x420/input_layer1 | hw_frame_size: 781200) >> HW
[2025-10-07 14:14:37.859] [215742] [HailoRT] [info] [edge_elements.cpp:287] [create] Created (HwReadEl12skillcheck_mobilenetv4_conv_small_620x420/conv34 | hw_frame_size: 16)
[2025-10-07 14:14:37.860] [215742] [HailoRT] [info] [queue_elements.cpp:657] [create] Created (PullQEl_hw_read12skillcheck_mobilenetv4_conv_small_620x420/conv34)
[2025-10-07 14:14:37.860] [215742] [HailoRT] [info] [filter_elements.cpp:372] [create] Created (PostInferEl12skillcheck_mobilenetv4_conv_small_620x420/conv34 | Quantization - src_type: UINT8, dst_type FLOAT32, limvals_min: -13.2987, limvals_max: 5.54112 | Reorder - src_order: FCR, src_shape: (1, 1, 16), dst_order: FCR, dst_shape: (1, 1, 12))
[2025-10-07 14:14:37.860] [215742] [HailoRT] [info] [queue_elements.cpp:800] [create] Created (UserBuffQEl12skillcheck_mobilenetv4_conv_small_620x420/conv34 | timeout: 10s)
[2025-10-07 14:14:37.860] [215742] [HailoRT] [info] [vstream.cpp:1114] [OutputVStreamImpl] Creating skillcheck_mobilenetv4_conv_small_620x420/conv34...
[2025-10-07 14:14:37.863] [215742] [HailoRT] [info] [vstream_builder.cpp:220] [create_outputs] Output pipeline 'skillcheck_mobilenetv4_conv_small_620x420/conv34': HW >> (HwReadEl12skillcheck_mobilenetv4_conv_small_620x420/conv34 | hw_frame_size: 16) >> (PullQEl_hw_read12skillcheck_mobilenetv4_conv_small_620x420/conv34) >> (PostInferEl12skillcheck_mobilenetv4_conv_small_620x420/conv34 | Quantization - src_type: UINT8, dst_type FLOAT32, limvals_min: -13.2987, limvals_max: 5.54112 | Reorder - src_order: FCR, src_shape: (1, 1, 16), dst_order: FCR, dst_shape: (1, 1, 12)) >> (UserBuffQEl12skillcheck_mobilenetv4_conv_small_620x420/conv34 | timeout: 10s)
[2025-10-07 14:27:30.714] [215800] [HailoRT] [info] [queue_elements.cpp:855] [run_in_thread] Shutdown event was signaled in dequeue of UserBuffQEl12skillcheck_mobilenetv4_conv_small_620x420/conv34!
[2025-10-07 14:27:30.714] [215799] [HailoRT] [info] [vdevice_native_stream.cpp:331] [read_impl] Failed read from stream HAILO_STREAM_ABORT(63) (device: 0001:01:00.0)
[2025-10-07 14:27:30.714] [215799] [HailoRT] [info] [edge_elements.cpp:396] [run_pull] Reading from stream was aborted!
[2025-10-07 14:27:30.714] [215799] [HailoRT] [info] [queue_elements.cpp:738] [run_in_thread] run_pull of queue element PullQEl_hw_read12skillcheck_mobilenetv4_conv_small_620x420/conv34 was aborted!
[2025-10-07 14:27:30.714] [215799] [HailoRT] [info] [queue_elements.cpp:68] [operator()] Thread in element PullQEl_hw_read12skillcheck_mobilenetv4_conv_small_620x420/conv34 is not running anymore, exiting..
[2025-10-07 14:27:30.714] [215736] [HailoRT] [info] [queue_elements.cpp:46] [~BaseQueueElement] Queue element PullQEl_hw_read12skillcheck_mobilenetv4_conv_small_620x420/conv34 has 0 frames in his Queue on destruction
[2025-10-07 14:27:30.714] [215800] [HailoRT] [info] [queue_elements.cpp:68] [operator()] Thread in element UserBuffQEl12skillcheck_mobilenetv4_conv_small_620x420/conv34 is not running anymore, exiting..
[2025-10-07 14:27:30.715] [215736] [HailoRT] [info] [queue_elements.cpp:46] [~BaseQueueElement] Queue element UserBuffQEl12skillcheck_mobilenetv4_conv_small_620x420/conv34 has 0 frames in his Queue on destruction
[2025-10-07 14:27:30.715] [215736] [HailoRT] [info] [core_op.cpp:186] [deactivate] Deactivating took 0.38954 ms
[2025-10-07 14:27:30.715] [215736] [HailoRT] [info] [core_op.cpp:186] [deactivate] Deactivating took 0.399465 ms
[2025-10-07 14:55:34.486] [311338] [HailoRT] [info] [hef.cpp:1994] [get_network_group_and_network_name] No name was given. Addressing all networks of default network_group: skillcheck_mobilenetv4_conv_small_620x420
[2025-10-07 14:55:34.486] [311338] [HailoRT] [info] [hef.cpp:1994] [get_network_group_and_network_name] No name was given. Addressing all networks of default network_group: skillcheck_mobilenetv4_conv_small_620x420
[2025-10-07 14:55:34.766] [311338] [HailoRT] [info] [vdevice.cpp:535] [create] Creating vdevice with params: device_count: 1, scheduling_algorithm: NONE, multi_process_service: false
[2025-10-07 14:55:34.778] [311338] [HailoRT] [info] [device.cpp:51] [Device] OS Version: Linux 6.12.47+rpt-rpi-2712 #1 SMP PREEMPT Debian 1:6.12.47-1+rpt1~bookworm (2025-09-16) aarch64
[2025-10-07 14:55:34.778] [311338] [HailoRT] [info] [control.cpp:113] [control__parse_identify_results] firmware_version is: 4.23.0
[2025-10-07 14:55:34.778] [311338] [HailoRT] [info] [vdevice.cpp:682] [create] VDevice Infos: 0001:01:00.0
[2025-10-07 14:55:34.785] [311338] [HailoRT] [info] [buffer_requirements.cpp:198] [find_initial_desc_page_size] Using non-default initial_desc_page_size of 64, due to a small transfer size (16)
[2025-10-07 14:55:34.786] [311338] [HailoRT] [info] [internal_buffer_manager.cpp:75] [print_execution_results] Default Internal buffer planner failed to meet requirements
[2025-10-07 14:55:34.786] [311338] [HailoRT] [info] [internal_buffer_manager.cpp:86] [print_execution_results] Default Internal buffer planner executed successfully
[2025-10-07 14:55:34.797] [311338] [HailoRT] [info] [device_internal.cpp:57] [configure] Configuring HEF took 18.38413 milliseconds
[2025-10-07 14:55:34.797] [311338] [HailoRT] [info] [vdevice.cpp:780] [configure] Configuring HEF on VDevice took 18.677169 milliseconds
[2025-10-07 14:55:34.799] [311338] [HailoRT] [info] [core_op.cpp:156] [activate] Activating skillcheck_mobilenetv4_conv_small_620x420 took 0.292113 milliseconds. Note that the function is asynchronous and thus the network is not fully activated yet.
[2025-10-07 14:55:34.799] [311338] [HailoRT] [info] [core_op.cpp:156] [activate] Activating skillcheck_mobilenetv4_conv_small_620x420 took 0.336872 milliseconds. Note that the function is asynchronous and thus the network is not fully activated yet.
[2025-10-07 14:55:34.800] [311338] [HailoRT] [info] [edge_elements.cpp:52] [create] Created (HwWriteEl13skillcheck_mobilenetv4_conv_small_620x420/input_layer1 | hw_frame_size: 781200)
[2025-10-07 14:55:34.800] [311338] [HailoRT] [info] [vstream.cpp:754] [InputVStreamImpl] Creating skillcheck_mobilenetv4_conv_small_620x420/input_layer1...
[2025-10-07 14:55:34.800] [311338] [HailoRT] [info] [vstream_builder.cpp:102] [create_inputs] Input pipeline 'skillcheck_mobilenetv4_conv_small_620x420/input_layer1': (HwWriteEl13skillcheck_mobilenetv4_conv_small_620x420/input_layer1 | hw_frame_size: 781200) >> HW
[2025-10-07 14:55:34.800] [311338] [HailoRT] [info] [edge_elements.cpp:287] [create] Created (HwReadEl12skillcheck_mobilenetv4_conv_small_620x420/conv34 | hw_frame_size: 16)
[2025-10-07 14:55:34.800] [311338] [HailoRT] [info] [queue_elements.cpp:657] [create] Created (PullQEl_hw_read12skillcheck_mobilenetv4_conv_small_620x420/conv34)
[2025-10-07 14:55:34.800] [311338] [HailoRT] [info] [filter_elements.cpp:372] [create] Created (PostInferEl12skillcheck_mobilenetv4_conv_small_620x420/conv34 | Quantization - src_type: UINT8, dst_type FLOAT32, limvals_min: -13.2987, limvals_max: 5.54112 | Reorder - src_order: FCR, src_shape: (1, 1, 16), dst_order: FCR, dst_shape: (1, 1, 12))
[2025-10-07 14:55:34.800] [311338] [HailoRT] [info] [queue_elements.cpp:800] [create] Created (UserBuffQEl12skillcheck_mobilenetv4_conv_small_620x420/conv34 | timeout: 10s)
[2025-10-07 14:55:34.800] [311338] [HailoRT] [info] [vstream.cpp:1114] [OutputVStreamImpl] Creating skillcheck_mobilenetv4_conv_small_620x420/conv34...
[2025-10-07 14:55:34.802] [311338] [HailoRT] [info] [vstream_builder.cpp:220] [create_outputs] Output pipeline 'skillcheck_mobilenetv4_conv_small_620x420/conv34': HW >> (HwReadEl12skillcheck_mobilenetv4_conv_small_620x420/conv34 | hw_frame_size: 16) >> (PullQEl_hw_read12skillcheck_mobilenetv4_conv_small_620x420/conv34) >> (PostInferEl12skillcheck_mobilenetv4_conv_small_620x420/conv34 | Quantization - src_type: UINT8, dst_type FLOAT32, limvals_min: -13.2987, limvals_max: 5.54112 | Reorder - src_order: FCR, src_shape: (1, 1, 16), dst_order: FCR, dst_shape: (1, 1, 12)) >> (UserBuffQEl12skillcheck_mobilenetv4_conv_small_620x420/conv34 | timeout: 10s)
[2025-10-07 14:56:15.414] [311395] [HailoRT] [info] [vdevice_native_stream.cpp:331] [read_impl] Failed read from stream HAILO_STREAM_ABORT(63) (device: 0001:01:00.0)
[2025-10-07 14:56:15.414] [311395] [HailoRT] [info] [edge_elements.cpp:396] [run_pull] Reading from stream was aborted!
[2025-10-07 14:56:15.414] [311395] [HailoRT] [info] [queue_elements.cpp:738] [run_in_thread] run_pull of queue element PullQEl_hw_read12skillcheck_mobilenetv4_conv_small_620x420/conv34 was aborted!
[2025-10-07 14:56:15.414] [311396] [HailoRT] [info] [queue_elements.cpp:855] [run_in_thread] Shutdown event was signaled in dequeue of UserBuffQEl12skillcheck_mobilenetv4_conv_small_620x420/conv34!
[2025-10-07 14:56:15.414] [311395] [HailoRT] [info] [queue_elements.cpp:68] [operator()] Thread in element PullQEl_hw_read12skillcheck_mobilenetv4_conv_small_620x420/conv34 is not running anymore, exiting..
[2025-10-07 14:56:15.414] [311332] [HailoRT] [info] [queue_elements.cpp:46] [~BaseQueueElement] Queue element PullQEl_hw_read12skillcheck_mobilenetv4_conv_small_620x420/conv34 has 0 frames in his Queue on destruction
[2025-10-07 14:56:15.414] [311396] [HailoRT] [info] [queue_elements.cpp:68] [operator()] Thread in element UserBuffQEl12skillcheck_mobilenetv4_conv_small_620x420/conv34 is not running anymore, exiting..
[2025-10-07 14:56:15.414] [311332] [HailoRT] [info] [queue_elements.cpp:46] [~BaseQueueElement] Queue element UserBuffQEl12skillcheck_mobilenetv4_conv_small_620x420/conv34 has 0 frames in his Queue on destruction
[2025-10-07 14:56:15.414] [311332] [HailoRT] [info] [core_op.cpp:186] [deactivate] Deactivating took 0.366466 ms
[2025-10-07 14:56:15.414] [311332] [HailoRT] [info] [core_op.cpp:186] [deactivate] Deactivating took 0.37504 ms
[2025-10-07 15:36:44.576] [325776] [HailoRT] [info] [hef.cpp:1994] [get_network_group_and_network_name] No name was given. Addressing all networks of default network_group: skillcheck_mobilenetv4_conv_small_620x420
[2025-10-07 15:36:44.576] [325776] [HailoRT] [info] [hef.cpp:1994] [get_network_group_and_network_name] No name was given. Addressing all networks of default network_group: skillcheck_mobilenetv4_conv_small_620x420
[2025-10-07 15:36:44.754] [325776] [HailoRT] [info] [vdevice.cpp:535] [create] Creating vdevice with params: device_count: 1, scheduling_algorithm: NONE, multi_process_service: false
[2025-10-07 15:36:44.766] [325776] [HailoRT] [info] [device.cpp:51] [Device] OS Version: Linux 6.12.47+rpt-rpi-2712 #1 SMP PREEMPT Debian 1:6.12.47-1+rpt1~bookworm (2025-09-16) aarch64
[2025-10-07 15:36:44.766] [325776] [HailoRT] [info] [control.cpp:113] [control__parse_identify_results] firmware_version is: 4.23.0
[2025-10-07 15:36:44.766] [325776] [HailoRT] [info] [vdevice.cpp:682] [create] VDevice Infos: 0001:01:00.0
[2025-10-07 15:36:44.772] [325776] [HailoRT] [info] [buffer_requirements.cpp:198] [find_initial_desc_page_size] Using non-default initial_desc_page_size of 64, due to a small transfer size (16)
[2025-10-07 15:36:44.772] [325776] [HailoRT] [info] [internal_buffer_manager.cpp:75] [print_execution_results] Default Internal buffer planner failed to meet requirements
[2025-10-07 15:36:44.772] [325776] [HailoRT] [info] [internal_buffer_manager.cpp:86] [print_execution_results] Default Internal buffer planner executed successfully
[2025-10-07 15:36:44.780] [325776] [HailoRT] [info] [device_internal.cpp:57] [configure] Configuring HEF took 13.724699 milliseconds
[2025-10-07 15:36:44.780] [325776] [HailoRT] [info] [vdevice.cpp:780] [configure] Configuring HEF on VDevice took 14.047997 milliseconds
[2025-10-07 15:36:44.781] [325776] [HailoRT] [info] [core_op.cpp:156] [activate] Activating skillcheck_mobilenetv4_conv_small_620x420 took 0.206705 milliseconds. Note that the function is asynchronous and thus the network is not fully activated yet.
[2025-10-07 15:36:44.781] [325776] [HailoRT] [info] [core_op.cpp:156] [activate] Activating skillcheck_mobilenetv4_conv_small_620x420 took 0.256631 milliseconds. Note that the function is asynchronous and thus the network is not fully activated yet.
[2025-10-07 15:36:44.781] [325776] [HailoRT] [info] [edge_elements.cpp:52] [create] Created (HwWriteEl13skillcheck_mobilenetv4_conv_small_620x420/input_layer1 | hw_frame_size: 781200)
[2025-10-07 15:36:44.781] [325776] [HailoRT] [info] [vstream.cpp:754] [InputVStreamImpl] Creating skillcheck_mobilenetv4_conv_small_620x420/input_layer1...
[2025-10-07 15:36:44.781] [325776] [HailoRT] [info] [vstream_builder.cpp:102] [create_inputs] Input pipeline 'skillcheck_mobilenetv4_conv_small_620x420/input_layer1': (HwWriteEl13skillcheck_mobilenetv4_conv_small_620x420/input_layer1 | hw_frame_size: 781200) >> HW
[2025-10-07 15:36:44.781] [325776] [HailoRT] [info] [edge_elements.cpp:287] [create] Created (HwReadEl12skillcheck_mobilenetv4_conv_small_620x420/conv34 | hw_frame_size: 16)
[2025-10-07 15:36:44.782] [325776] [HailoRT] [info] [queue_elements.cpp:657] [create] Created (PullQEl_hw_read12skillcheck_mobilenetv4_conv_small_620x420/conv34)
[2025-10-07 15:36:44.782] [325776] [HailoRT] [info] [filter_elements.cpp:372] [create] Created (PostInferEl12skillcheck_mobilenetv4_conv_small_620x420/conv34 | Quantization - src_type: UINT8, dst_type FLOAT32, limvals_min: -13.2987, limvals_max: 5.54112 | Reorder - src_order: FCR, src_shape: (1, 1, 16), dst_order: FCR, dst_shape: (1, 1, 12))
[2025-10-07 15:36:44.782] [325776] [HailoRT] [info] [queue_elements.cpp:800] [create] Created (UserBuffQEl12skillcheck_mobilenetv4_conv_small_620x420/conv34 | timeout: 10s)
[2025-10-07 15:36:44.782] [325776] [HailoRT] [info] [vstream.cpp:1114] [OutputVStreamImpl] Creating skillcheck_mobilenetv4_conv_small_620x420/conv34...
[2025-10-07 15:36:44.783] [325776] [HailoRT] [info] [vstream_builder.cpp:220] [create_outputs] Output pipeline 'skillcheck_mobilenetv4_conv_small_620x420/conv34': HW >> (HwReadEl12skillcheck_mobilenetv4_conv_small_620x420/conv34 | hw_frame_size: 16) >> (PullQEl_hw_read12skillcheck_mobilenetv4_conv_small_620x420/conv34) >> (PostInferEl12skillcheck_mobilenetv4_conv_small_620x420/conv34 | Quantization - src_type: UINT8, dst_type FLOAT32, limvals_min: -13.2987, limvals_max: 5.54112 | Reorder - src_order: FCR, src_shape: (1, 1, 16), dst_order: FCR, dst_shape: (1, 1, 12)) >> (UserBuffQEl12skillcheck_mobilenetv4_conv_small_620x420/conv34 | timeout: 10s)
[2025-10-07 15:46:57.235] [325833] [HailoRT] [info] [vdevice_native_stream.cpp:331] [read_impl] Failed read from stream HAILO_STREAM_ABORT(63) (device: 0001:01:00.0)
[2025-10-07 15:46:57.235] [325833] [HailoRT] [info] [edge_elements.cpp:396] [run_pull] Reading from stream was aborted!
[2025-10-07 15:46:57.235] [325833] [HailoRT] [info] [queue_elements.cpp:738] [run_in_thread] run_pull of queue element PullQEl_hw_read12skillcheck_mobilenetv4_conv_small_620x420/conv34 was aborted!
[2025-10-07 15:46:57.235] [325834] [HailoRT] [info] [queue_elements.cpp:855] [run_in_thread] Shutdown event was signaled in dequeue of UserBuffQEl12skillcheck_mobilenetv4_conv_small_620x420/conv34!
[2025-10-07 15:46:57.236] [325833] [HailoRT] [info] [queue_elements.cpp:68] [operator()] Thread in element PullQEl_hw_read12skillcheck_mobilenetv4_conv_small_620x420/conv34 is not running anymore, exiting..
[2025-10-07 15:46:57.236] [325770] [HailoRT] [info] [queue_elements.cpp:46] [~BaseQueueElement] Queue element PullQEl_hw_read12skillcheck_mobilenetv4_conv_small_620x420/conv34 has 0 frames in his Queue on destruction
[2025-10-07 15:46:57.236] [325834] [HailoRT] [info] [queue_elements.cpp:68] [operator()] Thread in element UserBuffQEl12skillcheck_mobilenetv4_conv_small_620x420/conv34 is not running anymore, exiting..
[2025-10-07 15:46:57.236] [325770] [HailoRT] [info] [queue_elements.cpp:46] [~BaseQueueElement] Queue element UserBuffQEl12skillcheck_mobilenetv4_conv_small_620x420/conv34 has 0 frames in his Queue on destruction
[2025-10-07 15:46:57.236] [325770] [HailoRT] [info] [core_op.cpp:186] [deactivate] Deactivating took 0.603153 ms
[2025-10-07 15:46:57.237] [325770] [HailoRT] [info] [core_op.cpp:186] [deactivate] Deactivating took 0.648412 ms
[2025-10-07 16:39:09.688] [401713] [HailoRT] [info] [hef.cpp:1994] [get_network_group_and_network_name] No name was given. Addressing all networks of default network_group: skillcheck_mobilenetv4_conv_small_620x420
[2025-10-07 16:39:09.688] [401713] [HailoRT] [info] [hef.cpp:1994] [get_network_group_and_network_name] No name was given. Addressing all networks of default network_group: skillcheck_mobilenetv4_conv_small_620x420
[2025-10-07 16:39:09.889] [401713] [HailoRT] [info] [vdevice.cpp:535] [create] Creating vdevice with params: device_count: 1, scheduling_algorithm: NONE, multi_process_service: false
[2025-10-07 16:39:09.902] [401713] [HailoRT] [info] [device.cpp:51] [Device] OS Version: Linux 6.12.47+rpt-rpi-2712 #1 SMP PREEMPT Debian 1:6.12.47-1+rpt1~bookworm (2025-09-16) aarch64
[2025-10-07 16:39:09.902] [401713] [HailoRT] [info] [control.cpp:113] [control__parse_identify_results] firmware_version is: 4.23.0
[2025-10-07 16:39:09.902] [401713] [HailoRT] [info] [vdevice.cpp:682] [create] VDevice Infos: 0001:01:00.0
[2025-10-07 16:39:09.911] [401713] [HailoRT] [info] [buffer_requirements.cpp:198] [find_initial_desc_page_size] Using non-default initial_desc_page_size of 64, due to a small transfer size (16)
[2025-10-07 16:39:09.911] [401713] [HailoRT] [info] [internal_buffer_manager.cpp:75] [print_execution_results] Default Internal buffer planner failed to meet requirements
[2025-10-07 16:39:09.911] [401713] [HailoRT] [info] [internal_buffer_manager.cpp:86] [print_execution_results] Default Internal buffer planner executed successfully
[2025-10-07 16:39:09.922] [401713] [HailoRT] [info] [device_internal.cpp:57] [configure] Configuring HEF took 17.021759 milliseconds
[2025-10-07 16:39:09.922] [401713] [HailoRT] [info] [vdevice.cpp:780] [configure] Configuring HEF on VDevice took 17.309168 milliseconds
[2025-10-07 16:39:09.926] [401713] [HailoRT] [info] [core_op.cpp:156] [activate] Activating skillcheck_mobilenetv4_conv_small_620x420 took 0.289354 milliseconds. Note that the function is asynchronous and thus the network is not fully activated yet.
[2025-10-07 16:39:09.926] [401713] [HailoRT] [info] [core_op.cpp:156] [activate] Activating skillcheck_mobilenetv4_conv_small_620x420 took 0.342225 milliseconds. Note that the function is asynchronous and thus the network is not fully activated yet.
[2025-10-07 16:39:09.927] [401713] [HailoRT] [info] [edge_elements.cpp:52] [create] Created (HwWriteEl13skillcheck_mobilenetv4_conv_small_620x420/input_layer1 | hw_frame_size: 781200)
[2025-10-07 16:39:09.927] [401713] [HailoRT] [info] [vstream.cpp:754] [InputVStreamImpl] Creating skillcheck_mobilenetv4_conv_small_620x420/input_layer1...
[2025-10-07 16:39:09.927] [401713] [HailoRT] [info] [vstream_builder.cpp:102] [create_inputs] Input pipeline 'skillcheck_mobilenetv4_conv_small_620x420/input_layer1': (HwWriteEl13skillcheck_mobilenetv4_conv_small_620x420/input_layer1 | hw_frame_size: 781200) >> HW
[2025-10-07 16:39:09.927] [401713] [HailoRT] [info] [edge_elements.cpp:287] [create] Created (HwReadEl12skillcheck_mobilenetv4_conv_small_620x420/conv34 | hw_frame_size: 16)
[2025-10-07 16:39:09.927] [401713] [HailoRT] [info] [queue_elements.cpp:657] [create] Created (PullQEl_hw_read12skillcheck_mobilenetv4_conv_small_620x420/conv34)
[2025-10-07 16:39:09.927] [401713] [HailoRT] [info] [filter_elements.cpp:372] [create] Created (PostInferEl12skillcheck_mobilenetv4_conv_small_620x420/conv34 | Quantization - src_type: UINT8, dst_type FLOAT32, limvals_min: -13.2987, limvals_max: 5.54112 | Reorder - src_order: FCR, src_shape: (1, 1, 16), dst_order: FCR, dst_shape: (1, 1, 12))
[2025-10-07 16:39:09.927] [401713] [HailoRT] [info] [queue_elements.cpp:800] [create] Created (UserBuffQEl12skillcheck_mobilenetv4_conv_small_620x420/conv34 | timeout: 10s)
[2025-10-07 16:39:09.927] [401713] [HailoRT] [info] [vstream.cpp:1114] [OutputVStreamImpl] Creating skillcheck_mobilenetv4_conv_small_620x420/conv34...
[2025-10-07 16:39:09.929] [401713] [HailoRT] [info] [vstream_builder.cpp:220] [create_outputs] Output pipeline 'skillcheck_mobilenetv4_conv_small_620x420/conv34': HW >> (HwReadEl12skillcheck_mobilenetv4_conv_small_620x420/conv34 | hw_frame_size: 16) >> (PullQEl_hw_read12skillcheck_mobilenetv4_conv_small_620x420/conv34) >> (PostInferEl12skillcheck_mobilenetv4_conv_small_620x420/conv34 | Quantization - src_type: UINT8, dst_type FLOAT32, limvals_min: -13.2987, limvals_max: 5.54112 | Reorder - src_order: FCR, src_shape: (1, 1, 16), dst_order: FCR, dst_shape: (1, 1, 12)) >> (UserBuffQEl12skillcheck_mobilenetv4_conv_small_620x420/conv34 | timeout: 10s)
[2025-10-07 17:07:05.723] [401741] [HailoRT] [info] [queue_elements.cpp:855] [run_in_thread] Shutdown event was signaled in dequeue of UserBuffQEl12skillcheck_mobilenetv4_conv_small_620x420/conv34!
[2025-10-07 17:07:05.723] [401740] [HailoRT] [info] [vdevice_native_stream.cpp:331] [read_impl] Failed read from stream HAILO_STREAM_ABORT(63) (device: 0001:01:00.0)
[2025-10-07 17:07:05.723] [401740] [HailoRT] [info] [edge_elements.cpp:396] [run_pull] Reading from stream was aborted!
[2025-10-07 17:07:05.723] [401740] [HailoRT] [info] [queue_elements.cpp:738] [run_in_thread] run_pull of queue element PullQEl_hw_read12skillcheck_mobilenetv4_conv_small_620x420/conv34 was aborted!
[2025-10-07 17:07:05.723] [401740] [HailoRT] [info] [queue_elements.cpp:68] [operator()] Thread in element PullQEl_hw_read12skillcheck_mobilenetv4_conv_small_620x420/conv34 is not running anymore, exiting..
[2025-10-07 17:07:05.723] [401661] [HailoRT] [info] [queue_elements.cpp:46] [~BaseQueueElement] Queue element PullQEl_hw_read12skillcheck_mobilenetv4_conv_small_620x420/conv34 has 0 frames in his Queue on destruction
[2025-10-07 17:07:05.723] [401741] [HailoRT] [info] [queue_elements.cpp:68] [operator()] Thread in element UserBuffQEl12skillcheck_mobilenetv4_conv_small_620x420/conv34 is not running anymore, exiting..
[2025-10-07 17:07:05.723] [401661] [HailoRT] [info] [queue_elements.cpp:46] [~BaseQueueElement] Queue element UserBuffQEl12skillcheck_mobilenetv4_conv_small_620x420/conv34 has 0 frames in his Queue on destruction
[2025-10-07 17:07:05.724] [401661] [HailoRT] [info] [core_op.cpp:186] [deactivate] Deactivating took 0.406596 ms
[2025-10-07 17:07:05.724] [401661] [HailoRT] [info] [core_op.cpp:186] [deactivate] Deactivating took 0.421373 ms
[2025-10-07 17:35:00.457] [608066] [HailoRT] [info] [hef.cpp:1994] [get_network_group_and_network_name] No name was given. Addressing all networks of default network_group: skillcheck_mobilenetv4_conv_small_620x420
[2025-10-07 17:35:00.457] [608066] [HailoRT] [info] [hef.cpp:1994] [get_network_group_and_network_name] No name was given. Addressing all networks of default network_group: skillcheck_mobilenetv4_conv_small_620x420
[2025-10-07 17:35:00.625] [608066] [HailoRT] [info] [vdevice.cpp:535] [create] Creating vdevice with params: device_count: 1, scheduling_algorithm: NONE, multi_process_service: false
[2025-10-07 17:35:00.637] [608066] [HailoRT] [info] [device.cpp:51] [Device] OS Version: Linux 6.12.47+rpt-rpi-2712 #1 SMP PREEMPT Debian 1:6.12.47-1+rpt1~bookworm (2025-09-16) aarch64
[2025-10-07 17:35:00.638] [608066] [HailoRT] [info] [control.cpp:113] [control__parse_identify_results] firmware_version is: 4.23.0
[2025-10-07 17:35:00.638] [608066] [HailoRT] [info] [vdevice.cpp:682] [create] VDevice Infos: 0001:01:00.0
[2025-10-07 17:35:00.644] [608066] [HailoRT] [info] [buffer_requirements.cpp:198] [find_initial_desc_page_size] Using non-default initial_desc_page_size of 64, due to a small transfer size (16)
[2025-10-07 17:35:00.644] [608066] [HailoRT] [info] [internal_buffer_manager.cpp:75] [print_execution_results] Default Internal buffer planner failed to meet requirements
[2025-10-07 17:35:00.644] [608066] [HailoRT] [info] [internal_buffer_manager.cpp:86] [print_execution_results] Default Internal buffer planner executed successfully
[2025-10-07 17:35:00.660] [608066] [HailoRT] [info] [device_internal.cpp:57] [configure] Configuring HEF took 21.918687 milliseconds
[2025-10-07 17:35:00.660] [608066] [HailoRT] [info] [vdevice.cpp:780] [configure] Configuring HEF on VDevice took 22.272115 milliseconds
[2025-10-07 17:35:00.662] [608066] [HailoRT] [info] [core_op.cpp:156] [activate] Activating skillcheck_mobilenetv4_conv_small_620x420 took 0.312243 milliseconds. Note that the function is asynchronous and thus the network is not fully activated yet.
[2025-10-07 17:35:00.662] [608066] [HailoRT] [info] [core_op.cpp:156] [activate] Activating skillcheck_mobilenetv4_conv_small_620x420 took 0.337077 milliseconds. Note that the function is asynchronous and thus the network is not fully activated yet.
[2025-10-07 17:35:00.662] [608066] [HailoRT] [info] [edge_elements.cpp:52] [create] Created (HwWriteEl13skillcheck_mobilenetv4_conv_small_620x420/input_layer1 | hw_frame_size: 781200)
[2025-10-07 17:35:00.662] [608066] [HailoRT] [info] [vstream.cpp:754] [InputVStreamImpl] Creating skillcheck_mobilenetv4_conv_small_620x420/input_layer1...
[2025-10-07 17:35:00.662] [608066] [HailoRT] [info] [vstream_builder.cpp:102] [create_inputs] Input pipeline 'skillcheck_mobilenetv4_conv_small_620x420/input_layer1': (HwWriteEl13skillcheck_mobilenetv4_conv_small_620x420/input_layer1 | hw_frame_size: 781200) >> HW
[2025-10-07 17:35:00.662] [608066] [HailoRT] [info] [edge_elements.cpp:287] [create] Created (HwReadEl12skillcheck_mobilenetv4_conv_small_620x420/conv34 | hw_frame_size: 16)
[2025-10-07 17:35:00.663] [608066] [HailoRT] [info] [queue_elements.cpp:657] [create] Created (PullQEl_hw_read12skillcheck_mobilenetv4_conv_small_620x420/conv34)
[2025-10-07 17:35:00.663] [608066] [HailoRT] [info] [filter_elements.cpp:372] [create] Created (PostInferEl12skillcheck_mobilenetv4_conv_small_620x420/conv34 | Quantization - src_type: UINT8, dst_type FLOAT32, limvals_min: -13.2987, limvals_max: 5.54112 | Reorder - src_order: FCR, src_shape: (1, 1, 16), dst_order: FCR, dst_shape: (1, 1, 12))
[2025-10-07 17:35:00.663] [608066] [HailoRT] [info] [queue_elements.cpp:800] [create] Created (UserBuffQEl12skillcheck_mobilenetv4_conv_small_620x420/conv34 | timeout: 10s)
[2025-10-07 17:35:00.663] [608066] [HailoRT] [info] [vstream.cpp:1114] [OutputVStreamImpl] Creating skillcheck_mobilenetv4_conv_small_620x420/conv34...
[2025-10-07 17:35:00.664] [608066] [HailoRT] [info] [vstream_builder.cpp:220] [create_outputs] Output pipeline 'skillcheck_mobilenetv4_conv_small_620x420/conv34': HW >> (HwReadEl12skillcheck_mobilenetv4_conv_small_620x420/conv34 | hw_frame_size: 16) >> (PullQEl_hw_read12skillcheck_mobilenetv4_conv_small_620x420/conv34) >> (PostInferEl12skillcheck_mobilenetv4_conv_small_620x420/conv34 | Quantization - src_type: UINT8, dst_type FLOAT32, limvals_min: -13.2987, limvals_max: 5.54112 | Reorder - src_order: FCR, src_shape: (1, 1, 16), dst_order: FCR, dst_shape: (1, 1, 12)) >> (UserBuffQEl12skillcheck_mobilenetv4_conv_small_620x420/conv34 | timeout: 10s)
[2025-10-07 17:43:40.287] [608121] [HailoRT] [info] [vdevice_native_stream.cpp:331] [read_impl] Failed read from stream HAILO_STREAM_ABORT(63) (device: 0001:01:00.0)
[2025-10-07 17:43:40.287] [608121] [HailoRT] [info] [edge_elements.cpp:396] [run_pull] Reading from stream was aborted!
[2025-10-07 17:43:40.287] [608121] [HailoRT] [info] [queue_elements.cpp:738] [run_in_thread] run_pull of queue element PullQEl_hw_read12skillcheck_mobilenetv4_conv_small_620x420/conv34 was aborted!
[2025-10-07 17:43:40.288] [608122] [HailoRT] [info] [queue_elements.cpp:855] [run_in_thread] Shutdown event was signaled in dequeue of UserBuffQEl12skillcheck_mobilenetv4_conv_small_620x420/conv34!
[2025-10-07 17:43:40.288] [608121] [HailoRT] [info] [queue_elements.cpp:68] [operator()] Thread in element PullQEl_hw_read12skillcheck_mobilenetv4_conv_small_620x420/conv34 is not running anymore, exiting..
[2025-10-07 17:43:40.288] [608060] [HailoRT] [info] [queue_elements.cpp:46] [~BaseQueueElement] Queue element PullQEl_hw_read12skillcheck_mobilenetv4_conv_small_620x420/conv34 has 0 frames in his Queue on destruction
[2025-10-07 17:43:40.288] [608122] [HailoRT] [info] [queue_elements.cpp:68] [operator()] Thread in element UserBuffQEl12skillcheck_mobilenetv4_conv_small_620x420/conv34 is not running anymore, exiting..
[2025-10-07 17:43:40.288] [608060] [HailoRT] [info] [queue_elements.cpp:46] [~BaseQueueElement] Queue element UserBuffQEl12skillcheck_mobilenetv4_conv_small_620x420/conv34 has 0 frames in his Queue on destruction
[2025-10-07 17:43:40.289] [608060] [HailoRT] [info] [core_op.cpp:186] [deactivate] Deactivating took 0.577764 ms
[2025-10-07 17:43:40.289] [608060] [HailoRT] [info] [core_op.cpp:186] [deactivate] Deactivating took 0.602616 ms
[2025-10-07 17:44:04.003] [672090] [HailoRT] [info] [hef.cpp:1994] [get_network_group_and_network_name] No name was given. Addressing all networks of default network_group: skillcheck_mobilenetv4_conv_small_620x420
[2025-10-07 17:44:04.003] [672090] [HailoRT] [info] [hef.cpp:1994] [get_network_group_and_network_name] No name was given. Addressing all networks of default network_group: skillcheck_mobilenetv4_conv_small_620x420
[2025-10-07 17:44:04.179] [672090] [HailoRT] [info] [vdevice.cpp:535] [create] Creating vdevice with params: device_count: 1, scheduling_algorithm: NONE, multi_process_service: false
[2025-10-07 17:44:04.190] [672090] [HailoRT] [info] [device.cpp:51] [Device] OS Version: Linux 6.12.47+rpt-rpi-2712 #1 SMP PREEMPT Debian 1:6.12.47-1+rpt1~bookworm (2025-09-16) aarch64
[2025-10-07 17:44:04.190] [672090] [HailoRT] [info] [control.cpp:113] [control__parse_identify_results] firmware_version is: 4.23.0
[2025-10-07 17:44:04.190] [672090] [HailoRT] [info] [vdevice.cpp:682] [create] VDevice Infos: 0001:01:00.0
[2025-10-07 17:44:04.196] [672090] [HailoRT] [info] [buffer_requirements.cpp:198] [find_initial_desc_page_size] Using non-default initial_desc_page_size of 64, due to a small transfer size (16)
[2025-10-07 17:44:04.197] [672090] [HailoRT] [info] [internal_buffer_manager.cpp:75] [print_execution_results] Default Internal buffer planner failed to meet requirements
[2025-10-07 17:44:04.197] [672090] [HailoRT] [info] [internal_buffer_manager.cpp:86] [print_execution_results] Default Internal buffer planner executed successfully
[2025-10-07 17:44:04.214] [672090] [HailoRT] [info] [device_internal.cpp:57] [configure] Configuring HEF took 22.829444 milliseconds
[2025-10-07 17:44:04.214] [672090] [HailoRT] [info] [vdevice.cpp:780] [configure] Configuring HEF on VDevice took 23.180558 milliseconds
[2025-10-07 17:44:04.215] [672090] [HailoRT] [info] [core_op.cpp:156] [activate] Activating skillcheck_mobilenetv4_conv_small_620x420 took 0.371577 milliseconds. Note that the function is asynchronous and thus the network is not fully activated yet.
[2025-10-07 17:44:04.215] [672090] [HailoRT] [info] [core_op.cpp:156] [activate] Activating skillcheck_mobilenetv4_conv_small_620x420 took 0.43493 milliseconds. Note that the function is asynchronous and thus the network is not fully activated yet.
[2025-10-07 17:44:04.215] [672090] [HailoRT] [info] [edge_elements.cpp:52] [create] Created (HwWriteEl13skillcheck_mobilenetv4_conv_small_620x420/input_layer1 | hw_frame_size: 781200)
[2025-10-07 17:44:04.215] [672090] [HailoRT] [info] [vstream.cpp:754] [InputVStreamImpl] Creating skillcheck_mobilenetv4_conv_small_620x420/input_layer1...
[2025-10-07 17:44:04.215] [672090] [HailoRT] [info] [vstream_builder.cpp:102] [create_inputs] Input pipeline 'skillcheck_mobilenetv4_conv_small_620x420/input_layer1': (HwWriteEl13skillcheck_mobilenetv4_conv_small_620x420/input_layer1 | hw_frame_size: 781200) >> HW
[2025-10-07 17:44:04.215] [672090] [HailoRT] [info] [edge_elements.cpp:287] [create] Created (HwReadEl12skillcheck_mobilenetv4_conv_small_620x420/conv34 | hw_frame_size: 16)
[2025-10-07 17:44:04.216] [672090] [HailoRT] [info] [queue_elements.cpp:657] [create] Created (PullQEl_hw_read12skillcheck_mobilenetv4_conv_small_620x420/conv34)
[2025-10-07 17:44:04.216] [672090] [HailoRT] [info] [filter_elements.cpp:372] [create] Created (PostInferEl12skillcheck_mobilenetv4_conv_small_620x420/conv34 | Quantization - src_type: UINT8, dst_type FLOAT32, limvals_min: -13.2987, limvals_max: 5.54112 | Reorder - src_order: FCR, src_shape: (1, 1, 16), dst_order: FCR, dst_shape: (1, 1, 12))
[2025-10-07 17:44:04.217] [672090] [HailoRT] [info] [queue_elements.cpp:800] [create] Created (UserBuffQEl12skillcheck_mobilenetv4_conv_small_620x420/conv34 | timeout: 10s)
[2025-10-07 17:44:04.217] [672090] [HailoRT] [info] [vstream.cpp:1114] [OutputVStreamImpl] Creating skillcheck_mobilenetv4_conv_small_620x420/conv34...
[2025-10-07 17:44:04.217] [672090] [HailoRT] [info] [vstream_builder.cpp:220] [create_outputs] Output pipeline 'skillcheck_mobilenetv4_conv_small_620x420/conv34': HW >> (HwReadEl12skillcheck_mobilenetv4_conv_small_620x420/conv34 | hw_frame_size: 16) >> (PullQEl_hw_read12skillcheck_mobilenetv4_conv_small_620x420/conv34) >> (PostInferEl12skillcheck_mobilenetv4_conv_small_620x420/conv34 | Quantization - src_type: UINT8, dst_type FLOAT32, limvals_min: -13.2987, limvals_max: 5.54112 | Reorder - src_order: FCR, src_shape: (1, 1, 16), dst_order: FCR, dst_shape: (1, 1, 12)) >> (UserBuffQEl12skillcheck_mobilenetv4_conv_small_620x420/conv34 | timeout: 10s)
[2025-10-07 18:00:31.698] [672146] [HailoRT] [info] [vdevice_native_stream.cpp:331] [read_impl] Failed read from stream HAILO_STREAM_ABORT(63) (device: 0001:01:00.0)
[2025-10-07 18:00:31.698] [672146] [HailoRT] [info] [edge_elements.cpp:396] [run_pull] Reading from stream was aborted!
[2025-10-07 18:00:31.698] [672146] [HailoRT] [info] [queue_elements.cpp:738] [run_in_thread] run_pull of queue element PullQEl_hw_read12skillcheck_mobilenetv4_conv_small_620x420/conv34 was aborted!
[2025-10-07 18:00:31.698] [672147] [HailoRT] [info] [queue_elements.cpp:855] [run_in_thread] Shutdown event was signaled in dequeue of UserBuffQEl12skillcheck_mobilenetv4_conv_small_620x420/conv34!
[2025-10-07 18:00:31.701] [672146] [HailoRT] [info] [queue_elements.cpp:68] [operator()] Thread in element PullQEl_hw_read12skillcheck_mobilenetv4_conv_small_620x420/conv34 is not running anymore, exiting..
[2025-10-07 18:00:31.701] [672084] [HailoRT] [info] [queue_elements.cpp:46] [~BaseQueueElement] Queue element PullQEl_hw_read12skillcheck_mobilenetv4_conv_small_620x420/conv34 has 0 frames in his Queue on destruction
[2025-10-07 18:00:31.701] [672147] [HailoRT] [info] [queue_elements.cpp:68] [operator()] Thread in element UserBuffQEl12skillcheck_mobilenetv4_conv_small_620x420/conv34 is not running anymore, exiting..
[2025-10-07 18:00:31.701] [672084] [HailoRT] [info] [queue_elements.cpp:46] [~BaseQueueElement] Queue element UserBuffQEl12skillcheck_mobilenetv4_conv_small_620x420/conv34 has 0 frames in his Queue on destruction
[2025-10-07 18:00:31.701] [672084] [HailoRT] [info] [core_op.cpp:186] [deactivate] Deactivating took 0.380762 ms
[2025-10-07 18:00:31.701] [672084] [HailoRT] [info] [core_op.cpp:186] [deactivate] Deactivating took 0.391762 ms
[2025-10-07 19:03:20.921] [2712] [HailoRT] [info] [hef.cpp:1994] [get_network_group_and_network_name] No name was given. Addressing all networks of default network_group: skillcheck_mobilenetv4_conv_small_620x420
[2025-10-07 19:03:20.921] [2712] [HailoRT] [info] [hef.cpp:1994] [get_network_group_and_network_name] No name was given. Addressing all networks of default network_group: skillcheck_mobilenetv4_conv_small_620x420
[2025-10-07 19:03:21.114] [2712] [HailoRT] [info] [vdevice.cpp:535] [create] Creating vdevice with params: device_count: 1, scheduling_algorithm: NONE, multi_process_service: false
[2025-10-07 19:03:21.126] [2712] [HailoRT] [info] [device.cpp:51] [Device] OS Version: Linux 6.12.47+rpt-rpi-2712 #1 SMP PREEMPT Debian 1:6.12.47-1+rpt1~bookworm (2025-09-16) aarch64
[2025-10-07 19:03:21.127] [2712] [HailoRT] [info] [control.cpp:113] [control__parse_identify_results] firmware_version is: 4.23.0
[2025-10-07 19:03:21.127] [2712] [HailoRT] [info] [vdevice.cpp:682] [create] VDevice Infos: 0001:01:00.0
[2025-10-07 19:03:21.135] [2712] [HailoRT] [info] [buffer_requirements.cpp:198] [find_initial_desc_page_size] Using non-default initial_desc_page_size of 64, due to a small transfer size (16)
[2025-10-07 19:03:21.135] [2712] [HailoRT] [info] [internal_buffer_manager.cpp:75] [print_execution_results] Default Internal buffer planner failed to meet requirements
[2025-10-07 19:03:21.135] [2712] [HailoRT] [info] [internal_buffer_manager.cpp:86] [print_execution_results] Default Internal buffer planner executed successfully
[2025-10-07 19:03:21.151] [2712] [HailoRT] [info] [device_internal.cpp:57] [configure] Configuring HEF took 23.71715 milliseconds
[2025-10-07 19:03:21.151] [2712] [HailoRT] [info] [vdevice.cpp:780] [configure] Configuring HEF on VDevice took 24.460845 milliseconds
[2025-10-07 19:03:21.157] [2712] [HailoRT] [info] [core_op.cpp:156] [activate] Activating skillcheck_mobilenetv4_conv_small_620x420 took 1.63835 milliseconds. Note that the function is asynchronous and thus the network is not fully activated yet.
[2025-10-07 19:03:21.157] [2712] [HailoRT] [info] [core_op.cpp:156] [activate] Activating skillcheck_mobilenetv4_conv_small_620x420 took 1.770701 milliseconds. Note that the function is asynchronous and thus the network is not fully activated yet.
[2025-10-07 19:03:21.158] [2712] [HailoRT] [info] [edge_elements.cpp:52] [create] Created (HwWriteEl13skillcheck_mobilenetv4_conv_small_620x420/input_layer1 | hw_frame_size: 781200)
[2025-10-07 19:03:21.158] [2712] [HailoRT] [info] [vstream.cpp:754] [InputVStreamImpl] Creating skillcheck_mobilenetv4_conv_small_620x420/input_layer1...
[2025-10-07 19:03:21.158] [2712] [HailoRT] [info] [vstream_builder.cpp:102] [create_inputs] Input pipeline 'skillcheck_mobilenetv4_conv_small_620x420/input_layer1': (HwWriteEl13skillcheck_mobilenetv4_conv_small_620x420/input_layer1 | hw_frame_size: 781200) >> HW
[2025-10-07 19:03:21.158] [2712] [HailoRT] [info] [edge_elements.cpp:287] [create] Created (HwReadEl12skillcheck_mobilenetv4_conv_small_620x420/conv34 | hw_frame_size: 16)
[2025-10-07 19:03:21.159] [2712] [HailoRT] [info] [queue_elements.cpp:657] [create] Created (PullQEl_hw_read12skillcheck_mobilenetv4_conv_small_620x420/conv34)
[2025-10-07 19:03:21.159] [2712] [HailoRT] [info] [filter_elements.cpp:372] [create] Created (PostInferEl12skillcheck_mobilenetv4_conv_small_620x420/conv34 | Quantization - src_type: UINT8, dst_type FLOAT32, limvals_min: -13.2987, limvals_max: 5.54112 | Reorder - src_order: FCR, src_shape: (1, 1, 16), dst_order: FCR, dst_shape: (1, 1, 12))
[2025-10-07 19:03:21.159] [2712] [HailoRT] [info] [queue_elements.cpp:800] [create] Created (UserBuffQEl12skillcheck_mobilenetv4_conv_small_620x420/conv34 | timeout: 10s)
[2025-10-07 19:03:21.159] [2712] [HailoRT] [info] [vstream.cpp:1114] [OutputVStreamImpl] Creating skillcheck_mobilenetv4_conv_small_620x420/conv34...
[2025-10-07 19:03:21.160] [2712] [HailoRT] [info] [vstream_builder.cpp:220] [create_outputs] Output pipeline 'skillcheck_mobilenetv4_conv_small_620x420/conv34': HW >> (HwReadEl12skillcheck_mobilenetv4_conv_small_620x420/conv34 | hw_frame_size: 16) >> (PullQEl_hw_read12skillcheck_mobilenetv4_conv_small_620x420/conv34) >> (PostInferEl12skillcheck_mobilenetv4_conv_small_620x420/conv34 | Quantization - src_type: UINT8, dst_type FLOAT32, limvals_min: -13.2987, limvals_max: 5.54112 | Reorder - src_order: FCR, src_shape: (1, 1, 16), dst_order: FCR, dst_shape: (1, 1, 12)) >> (UserBuffQEl12skillcheck_mobilenetv4_conv_small_620x420/conv34 | timeout: 10s)
[2025-10-07 19:04:12.611] [2768] [HailoRT] [info] [queue_elements.cpp:855] [run_in_thread] Shutdown event was signaled in dequeue of UserBuffQEl12skillcheck_mobilenetv4_conv_small_620x420/conv34!
[2025-10-07 19:04:12.611] [2767] [HailoRT] [info] [vdevice_native_stream.cpp:331] [read_impl] Failed read from stream HAILO_STREAM_ABORT(63) (device: 0001:01:00.0)
[2025-10-07 19:04:12.611] [2767] [HailoRT] [info] [edge_elements.cpp:396] [run_pull] Reading from stream was aborted!
[2025-10-07 19:04:12.611] [2767] [HailoRT] [info] [queue_elements.cpp:738] [run_in_thread] run_pull of queue element PullQEl_hw_read12skillcheck_mobilenetv4_conv_small_620x420/conv34 was aborted!
[2025-10-07 19:04:12.611] [2767] [HailoRT] [info] [queue_elements.cpp:68] [operator()] Thread in element PullQEl_hw_read12skillcheck_mobilenetv4_conv_small_620x420/conv34 is not running anymore, exiting..
[2025-10-07 19:04:12.612] [2706] [HailoRT] [info] [queue_elements.cpp:46] [~BaseQueueElement] Queue element PullQEl_hw_read12skillcheck_mobilenetv4_conv_small_620x420/conv34 has 0 frames in his Queue on destruction
[2025-10-07 19:04:12.612] [2768] [HailoRT] [info] [queue_elements.cpp:68] [operator()] Thread in element UserBuffQEl12skillcheck_mobilenetv4_conv_small_620x420/conv34 is not running anymore, exiting..
[2025-10-07 19:04:12.612] [2706] [HailoRT] [info] [queue_elements.cpp:46] [~BaseQueueElement] Queue element UserBuffQEl12skillcheck_mobilenetv4_conv_small_620x420/conv34 has 0 frames in his Queue on destruction
[2025-10-07 19:04:12.615] [2706] [HailoRT] [info] [core_op.cpp:186] [deactivate] Deactivating took 2.970736 ms
[2025-10-07 19:04:12.615] [2706] [HailoRT] [info] [core_op.cpp:186] [deactivate] Deactivating took 3.013773 ms
[2025-10-07 19:09:30.913] [9168] [HailoRT] [info] [hef.cpp:1994] [get_network_group_and_network_name] No name was given. Addressing all networks of default network_group: skillcheck_mobilenetv4_conv_small_620x420
[2025-10-07 19:09:30.913] [9168] [HailoRT] [info] [hef.cpp:1994] [get_network_group_and_network_name] No name was given. Addressing all networks of default network_group: skillcheck_mobilenetv4_conv_small_620x420
[2025-10-07 19:09:31.113] [9168] [HailoRT] [info] [vdevice.cpp:535] [create] Creating vdevice with params: device_count: 1, scheduling_algorithm: NONE, multi_process_service: false
[2025-10-07 19:09:31.127] [9168] [HailoRT] [info] [device.cpp:51] [Device] OS Version: Linux 6.12.47+rpt-rpi-2712 #1 SMP PREEMPT Debian 1:6.12.47-1+rpt1~bookworm (2025-09-16) aarch64
[2025-10-07 19:09:31.127] [9168] [HailoRT] [info] [control.cpp:113] [control__parse_identify_results] firmware_version is: 4.23.0
[2025-10-07 19:09:31.127] [9168] [HailoRT] [info] [vdevice.cpp:682] [create] VDevice Infos: 0001:01:00.0
[2025-10-07 19:09:31.137] [9168] [HailoRT] [info] [buffer_requirements.cpp:198] [find_initial_desc_page_size] Using non-default initial_desc_page_size of 64, due to a small transfer size (16)
[2025-10-07 19:09:31.137] [9168] [HailoRT] [info] [internal_buffer_manager.cpp:75] [print_execution_results] Default Internal buffer planner failed to meet requirements
[2025-10-07 19:09:31.137] [9168] [HailoRT] [info] [internal_buffer_manager.cpp:86] [print_execution_results] Default Internal buffer planner executed successfully
[2025-10-07 19:09:31.153] [9168] [HailoRT] [info] [device_internal.cpp:57] [configure] Configuring HEF took 22.769207 milliseconds
[2025-10-07 19:09:31.153] [9168] [HailoRT] [info] [vdevice.cpp:780] [configure] Configuring HEF on VDevice took 23.180508 milliseconds
[2025-10-07 19:09:31.155] [9168] [HailoRT] [info] [core_op.cpp:156] [activate] Activating skillcheck_mobilenetv4_conv_small_620x420 took 0.289578 milliseconds. Note that the function is asynchronous and thus the network is not fully activated yet.
[2025-10-07 19:09:31.155] [9168] [HailoRT] [info] [core_op.cpp:156] [activate] Activating skillcheck_mobilenetv4_conv_small_620x420 took 0.330356 milliseconds. Note that the function is asynchronous and thus the network is not fully activated yet.
[2025-10-07 19:09:31.156] [9168] [HailoRT] [info] [edge_elements.cpp:52] [create] Created (HwWriteEl13skillcheck_mobilenetv4_conv_small_620x420/input_layer1 | hw_frame_size: 781200)
[2025-10-07 19:09:31.156] [9168] [HailoRT] [info] [vstream.cpp:754] [InputVStreamImpl] Creating skillcheck_mobilenetv4_conv_small_620x420/input_layer1...
[2025-10-07 19:09:31.156] [9168] [HailoRT] [info] [vstream_builder.cpp:102] [create_inputs] Input pipeline 'skillcheck_mobilenetv4_conv_small_620x420/input_layer1': (HwWriteEl13skillcheck_mobilenetv4_conv_small_620x420/input_layer1 | hw_frame_size: 781200) >> HW
[2025-10-07 19:09:31.156] [9168] [HailoRT] [info] [edge_elements.cpp:287] [create] Created (HwReadEl12skillcheck_mobilenetv4_conv_small_620x420/conv34 | hw_frame_size: 16)
[2025-10-07 19:09:31.159] [9168] [HailoRT] [info] [queue_elements.cpp:657] [create] Created (PullQEl_hw_read12skillcheck_mobilenetv4_conv_small_620x420/conv34)
[2025-10-07 19:09:31.161] [9168] [HailoRT] [info] [filter_elements.cpp:372] [create] Created (PostInferEl12skillcheck_mobilenetv4_conv_small_620x420/conv34 | Quantization - src_type: UINT8, dst_type FLOAT32, limvals_min: -13.2987, limvals_max: 5.54112 | Reorder - src_order: FCR, src_shape: (1, 1, 16), dst_order: FCR, dst_shape: (1, 1, 12))
[2025-10-07 19:09:31.165] [9168] [HailoRT] [info] [queue_elements.cpp:800] [create] Created (UserBuffQEl12skillcheck_mobilenetv4_conv_small_620x420/conv34 | timeout: 10s)
[2025-10-07 19:09:31.165] [9168] [HailoRT] [info] [vstream.cpp:1114] [OutputVStreamImpl] Creating skillcheck_mobilenetv4_conv_small_620x420/conv34...
[2025-10-07 19:09:31.165] [9168] [HailoRT] [info] [vstream_builder.cpp:220] [create_outputs] Output pipeline 'skillcheck_mobilenetv4_conv_small_620x420/conv34': HW >> (HwReadEl12skillcheck_mobilenetv4_conv_small_620x420/conv34 | hw_frame_size: 16) >> (PullQEl_hw_read12skillcheck_mobilenetv4_conv_small_620x420/conv34) >> (PostInferEl12skillcheck_mobilenetv4_conv_small_620x420/conv34 | Quantization - src_type: UINT8, dst_type FLOAT32, limvals_min: -13.2987, limvals_max: 5.54112 | Reorder - src_order: FCR, src_shape: (1, 1, 16), dst_order: FCR, dst_shape: (1, 1, 12)) >> (UserBuffQEl12skillcheck_mobilenetv4_conv_small_620x420/conv34 | timeout: 10s)
[2025-10-07 19:13:53.457] [37078] [HailoRT] [info] [hef.cpp:1994] [get_network_group_and_network_name] No name was given. Addressing all networks of default network_group: skillcheck_mobilenetv4_conv_small_620x420
[2025-10-07 19:13:53.457] [37078] [HailoRT] [info] [hef.cpp:1994] [get_network_group_and_network_name] No name was given. Addressing all networks of default network_group: skillcheck_mobilenetv4_conv_small_620x420
[2025-10-07 19:13:53.649] [37078] [HailoRT] [info] [vdevice.cpp:535] [create] Creating vdevice with params: device_count: 1, scheduling_algorithm: NONE, multi_process_service: false
[2025-10-07 19:13:53.661] [37078] [HailoRT] [info] [device.cpp:51] [Device] OS Version: Linux 6.12.47+rpt-rpi-2712 #1 SMP PREEMPT Debian 1:6.12.47-1+rpt1~bookworm (2025-09-16) aarch64
[2025-10-07 19:13:53.662] [37078] [HailoRT] [info] [control.cpp:113] [control__parse_identify_results] firmware_version is: 4.23.0
[2025-10-07 19:13:53.662] [37078] [HailoRT] [info] [vdevice.cpp:682] [create] VDevice Infos: 0001:01:00.0
[2025-10-07 19:13:53.669] [37078] [HailoRT] [info] [buffer_requirements.cpp:198] [find_initial_desc_page_size] Using non-default initial_desc_page_size of 64, due to a small transfer size (16)
[2025-10-07 19:13:53.669] [37078] [HailoRT] [info] [internal_buffer_manager.cpp:75] [print_execution_results] Default Internal buffer planner failed to meet requirements
[2025-10-07 19:13:53.669] [37078] [HailoRT] [info] [internal_buffer_manager.cpp:86] [print_execution_results] Default Internal buffer planner executed successfully
[2025-10-07 19:13:53.683] [37078] [HailoRT] [info] [device_internal.cpp:57] [configure] Configuring HEF took 20.863155 milliseconds
[2025-10-07 19:13:53.683] [37078] [HailoRT] [info] [vdevice.cpp:780] [configure] Configuring HEF on VDevice took 21.183821 milliseconds
[2025-10-07 19:13:53.684] [37078] [HailoRT] [info] [core_op.cpp:156] [activate] Activating skillcheck_mobilenetv4_conv_small_620x420 took 0.25087 milliseconds. Note that the function is asynchronous and thus the network is not fully activated yet.
[2025-10-07 19:13:53.684] [37078] [HailoRT] [info] [core_op.cpp:156] [activate] Activating skillcheck_mobilenetv4_conv_small_620x420 took 0.269388 milliseconds. Note that the function is asynchronous and thus the network is not fully activated yet.
[2025-10-07 19:13:53.684] [37078] [HailoRT] [info] [edge_elements.cpp:52] [create] Created (HwWriteEl13skillcheck_mobilenetv4_conv_small_620x420/input_layer1 | hw_frame_size: 781200)
[2025-10-07 19:13:53.684] [37078] [HailoRT] [info] [vstream.cpp:754] [InputVStreamImpl] Creating skillcheck_mobilenetv4_conv_small_620x420/input_layer1...
[2025-10-07 19:13:53.684] [37078] [HailoRT] [info] [vstream_builder.cpp:102] [create_inputs] Input pipeline 'skillcheck_mobilenetv4_conv_small_620x420/input_layer1': (HwWriteEl13skillcheck_mobilenetv4_conv_small_620x420/input_layer1 | hw_frame_size: 781200) >> HW
[2025-10-07 19:13:53.684] [37078] [HailoRT] [info] [edge_elements.cpp:287] [create] Created (HwReadEl12skillcheck_mobilenetv4_conv_small_620x420/conv34 | hw_frame_size: 16)
[2025-10-07 19:13:53.684] [37078] [HailoRT] [info] [queue_elements.cpp:657] [create] Created (PullQEl_hw_read12skillcheck_mobilenetv4_conv_small_620x420/conv34)
[2025-10-07 19:13:53.684] [37078] [HailoRT] [info] [filter_elements.cpp:372] [create] Created (PostInferEl12skillcheck_mobilenetv4_conv_small_620x420/conv34 | Quantization - src_type: UINT8, dst_type FLOAT32, limvals_min: -13.2987, limvals_max: 5.54112 | Reorder - src_order: FCR, src_shape: (1, 1, 16), dst_order: FCR, dst_shape: (1, 1, 12))
[2025-10-07 19:13:53.685] [37078] [HailoRT] [info] [queue_elements.cpp:800] [create] Created (UserBuffQEl12skillcheck_mobilenetv4_conv_small_620x420/conv34 | timeout: 10s)
[2025-10-07 19:13:53.685] [37078] [HailoRT] [info] [vstream.cpp:1114] [OutputVStreamImpl] Creating skillcheck_mobilenetv4_conv_small_620x420/conv34...
[2025-10-07 19:13:53.685] [37078] [HailoRT] [info] [vstream_builder.cpp:220] [create_outputs] Output pipeline 'skillcheck_mobilenetv4_conv_small_620x420/conv34': HW >> (HwReadEl12skillcheck_mobilenetv4_conv_small_620x420/conv34 | hw_frame_size: 16) >> (PullQEl_hw_read12skillcheck_mobilenetv4_conv_small_620x420/conv34) >> (PostInferEl12skillcheck_mobilenetv4_conv_small_620x420/conv34 | Quantization - src_type: UINT8, dst_type FLOAT32, limvals_min: -13.2987, limvals_max: 5.54112 | Reorder - src_order: FCR, src_shape: (1, 1, 16), dst_order: FCR, dst_shape: (1, 1, 12)) >> (UserBuffQEl12skillcheck_mobilenetv4_conv_small_620x420/conv34 | timeout: 10s)
[2025-10-07 21:17:03.910] [44329] [HailoRT] [info] [hef.cpp:1994] [get_network_group_and_network_name] No name was given. Addressing all networks of default network_group: skillcheck_mobilenetv4_conv_small_620x420
[2025-10-07 21:17:03.910] [44329] [HailoRT] [info] [hef.cpp:1994] [get_network_group_and_network_name] No name was given. Addressing all networks of default network_group: skillcheck_mobilenetv4_conv_small_620x420
[2025-10-07 21:17:04.105] [44329] [HailoRT] [info] [vdevice.cpp:535] [create] Creating vdevice with params: device_count: 1, scheduling_algorithm: NONE, multi_process_service: false
[2025-10-07 21:17:04.118] [44329] [HailoRT] [info] [device.cpp:51] [Device] OS Version: Linux 6.12.47+rpt-rpi-2712 #1 SMP PREEMPT Debian 1:6.12.47-1+rpt1~bookworm (2025-09-16) aarch64
[2025-10-07 21:17:04.122] [44329] [HailoRT] [info] [control.cpp:113] [control__parse_identify_results] firmware_version is: 4.23.0
[2025-10-07 21:17:04.122] [44329] [HailoRT] [info] [vdevice.cpp:682] [create] VDevice Infos: 0001:01:00.0
[2025-10-07 21:17:04.129] [44329] [HailoRT] [info] [buffer_requirements.cpp:198] [find_initial_desc_page_size] Using non-default initial_desc_page_size of 64, due to a small transfer size (16)
[2025-10-07 21:17:04.129] [44329] [HailoRT] [info] [internal_buffer_manager.cpp:75] [print_execution_results] Default Internal buffer planner failed to meet requirements
[2025-10-07 21:17:04.130] [44329] [HailoRT] [info] [internal_buffer_manager.cpp:86] [print_execution_results] Default Internal buffer planner executed successfully
[2025-10-07 21:17:04.144] [44329] [HailoRT] [info] [device_internal.cpp:57] [configure] Configuring HEF took 20.444757 milliseconds
[2025-10-07 21:17:04.144] [44329] [HailoRT] [info] [vdevice.cpp:780] [configure] Configuring HEF on VDevice took 20.885242 milliseconds
[2025-10-07 21:17:04.145] [44329] [HailoRT] [info] [core_op.cpp:156] [activate] Activating skillcheck_mobilenetv4_conv_small_620x420 took 0.256224 milliseconds. Note that the function is asynchronous and thus the network is not fully activated yet.
[2025-10-07 21:17:04.145] [44329] [HailoRT] [info] [core_op.cpp:156] [activate] Activating skillcheck_mobilenetv4_conv_small_620x420 took 0.279557 milliseconds. Note that the function is asynchronous and thus the network is not fully activated yet.
[2025-10-07 21:17:04.145] [44329] [HailoRT] [info] [edge_elements.cpp:52] [create] Created (HwWriteEl13skillcheck_mobilenetv4_conv_small_620x420/input_layer1 | hw_frame_size: 781200)
[2025-10-07 21:17:04.145] [44329] [HailoRT] [info] [vstream.cpp:754] [InputVStreamImpl] Creating skillcheck_mobilenetv4_conv_small_620x420/input_layer1...
[2025-10-07 21:17:04.145] [44329] [HailoRT] [info] [vstream_builder.cpp:102] [create_inputs] Input pipeline 'skillcheck_mobilenetv4_conv_small_620x420/input_layer1': (HwWriteEl13skillcheck_mobilenetv4_conv_small_620x420/input_layer1 | hw_frame_size: 781200) >> HW
[2025-10-07 21:17:04.145] [44329] [HailoRT] [info] [edge_elements.cpp:287] [create] Created (HwReadEl12skillcheck_mobilenetv4_conv_small_620x420/conv34 | hw_frame_size: 16)
[2025-10-07 21:17:04.146] [44329] [HailoRT] [info] [queue_elements.cpp:657] [create] Created (PullQEl_hw_read12skillcheck_mobilenetv4_conv_small_620x420/conv34)
[2025-10-07 21:17:04.146] [44329] [HailoRT] [info] [filter_elements.cpp:372] [create] Created (PostInferEl12skillcheck_mobilenetv4_conv_small_620x420/conv34 | Quantization - src_type: UINT8, dst_type FLOAT32, limvals_min: -13.2987, limvals_max: 5.54112 | Reorder - src_order: FCR, src_shape: (1, 1, 16), dst_order: FCR, dst_shape: (1, 1, 12))
[2025-10-07 21:17:04.146] [44329] [HailoRT] [info] [queue_elements.cpp:800] [create] Created (UserBuffQEl12skillcheck_mobilenetv4_conv_small_620x420/conv34 | timeout: 10s)
[2025-10-07 21:17:04.146] [44329] [HailoRT] [info] [vstream.cpp:1114] [OutputVStreamImpl] Creating skillcheck_mobilenetv4_conv_small_620x420/conv34...
[2025-10-07 21:17:04.146] [44329] [HailoRT] [info] [vstream_builder.cpp:220] [create_outputs] Output pipeline 'skillcheck_mobilenetv4_conv_small_620x420/conv34': HW >> (HwReadEl12skillcheck_mobilenetv4_conv_small_620x420/conv34 | hw_frame_size: 16) >> (PullQEl_hw_read12skillcheck_mobilenetv4_conv_small_620x420/conv34) >> (PostInferEl12skillcheck_mobilenetv4_conv_small_620x420/conv34 | Quantization - src_type: UINT8, dst_type FLOAT32, limvals_min: -13.2987, limvals_max: 5.54112 | Reorder - src_order: FCR, src_shape: (1, 1, 16), dst_order: FCR, dst_shape: (1, 1, 12)) >> (UserBuffQEl12skillcheck_mobilenetv4_conv_small_620x420/conv34 | timeout: 10s)
[2025-10-07 21:58:43.285] [44395] [HailoRT] [info] [queue_elements.cpp:855] [run_in_thread] Shutdown event was signaled in dequeue of UserBuffQEl12skillcheck_mobilenetv4_conv_small_620x420/conv34!
[2025-10-07 21:58:43.285] [44394] [HailoRT] [info] [vdevice_native_stream.cpp:331] [read_impl] Failed read from stream HAILO_STREAM_ABORT(63) (device: 0001:01:00.0)
[2025-10-07 21:58:43.286] [44394] [HailoRT] [info] [edge_elements.cpp:396] [run_pull] Reading from stream was aborted!
[2025-10-07 21:58:43.286] [44394] [HailoRT] [info] [queue_elements.cpp:738] [run_in_thread] run_pull of queue element PullQEl_hw_read12skillcheck_mobilenetv4_conv_small_620x420/conv34 was aborted!
[2025-10-07 21:58:43.286] [44394] [HailoRT] [info] [queue_elements.cpp:68] [operator()] Thread in element PullQEl_hw_read12skillcheck_mobilenetv4_conv_small_620x420/conv34 is not running anymore, exiting..
[2025-10-07 21:58:43.286] [44323] [HailoRT] [info] [queue_elements.cpp:46] [~BaseQueueElement] Queue element PullQEl_hw_read12skillcheck_mobilenetv4_conv_small_620x420/conv34 has 0 frames in his Queue on destruction
[2025-10-07 21:58:43.286] [44395] [HailoRT] [info] [queue_elements.cpp:68] [operator()] Thread in element UserBuffQEl12skillcheck_mobilenetv4_conv_small_620x420/conv34 is not running anymore, exiting..
[2025-10-07 21:58:43.286] [44323] [HailoRT] [info] [queue_elements.cpp:46] [~BaseQueueElement] Queue element UserBuffQEl12skillcheck_mobilenetv4_conv_small_620x420/conv34 has 0 frames in his Queue on destruction
[2025-10-07 21:58:43.286] [44323] [HailoRT] [info] [core_op.cpp:186] [deactivate] Deactivating took 0.428502 ms
[2025-10-07 21:58:43.286] [44323] [HailoRT] [info] [core_op.cpp:186] [deactivate] Deactivating took 0.43865 ms
[2025-10-07 22:13:49.512] [309339] [HailoRT] [info] [hef.cpp:1994] [get_network_group_and_network_name] No name was given. Addressing all networks of default network_group: skillcheck_mobilenetv4_conv_small_620x420
[2025-10-07 22:13:49.513] [309339] [HailoRT] [info] [hef.cpp:1994] [get_network_group_and_network_name] No name was given. Addressing all networks of default network_group: skillcheck_mobilenetv4_conv_small_620x420
[2025-10-07 22:13:49.873] [309339] [HailoRT] [info] [vdevice.cpp:535] [create] Creating vdevice with params: device_count: 1, scheduling_algorithm: NONE, multi_process_service: false
[2025-10-07 22:13:49.886] [309339] [HailoRT] [info] [device.cpp:51] [Device] OS Version: Linux 6.12.47+rpt-rpi-2712 #1 SMP PREEMPT Debian 1:6.12.47-1+rpt1~bookworm (2025-09-16) aarch64
[2025-10-07 22:13:49.886] [309339] [HailoRT] [info] [control.cpp:113] [control__parse_identify_results] firmware_version is: 4.23.0
[2025-10-07 22:13:49.886] [309339] [HailoRT] [info] [vdevice.cpp:682] [create] VDevice Infos: 0001:01:00.0
[2025-10-07 22:13:49.892] [309339] [HailoRT] [info] [buffer_requirements.cpp:198] [find_initial_desc_page_size] Using non-default initial_desc_page_size of 64, due to a small transfer size (16)
[2025-10-07 22:13:49.892] [309339] [HailoRT] [info] [internal_buffer_manager.cpp:75] [print_execution_results] Default Internal buffer planner failed to meet requirements
[2025-10-07 22:13:49.892] [309339] [HailoRT] [info] [internal_buffer_manager.cpp:86] [print_execution_results] Default Internal buffer planner executed successfully
[2025-10-07 22:13:49.900] [309339] [HailoRT] [info] [device_internal.cpp:57] [configure] Configuring HEF took 13.400796 milliseconds
[2025-10-07 22:13:49.900] [309339] [HailoRT] [info] [vdevice.cpp:780] [configure] Configuring HEF on VDevice took 13.762467 milliseconds
[2025-10-07 22:13:49.900] [309339] [HailoRT] [info] [core_op.cpp:156] [activate] Activating skillcheck_mobilenetv4_conv_small_620x420 took 0.204929 milliseconds. Note that the function is asynchronous and thus the network is not fully activated yet.
[2025-10-07 22:13:49.900] [309339] [HailoRT] [info] [core_op.cpp:156] [activate] Activating skillcheck_mobilenetv4_conv_small_620x420 took 0.213355 milliseconds. Note that the function is asynchronous and thus the network is not fully activated yet.
[2025-10-07 22:13:49.901] [309339] [HailoRT] [info] [edge_elements.cpp:52] [create] Created (HwWriteEl13skillcheck_mobilenetv4_conv_small_620x420/input_layer1 | hw_frame_size: 781200)
[2025-10-07 22:13:49.901] [309339] [HailoRT] [info] [vstream.cpp:754] [InputVStreamImpl] Creating skillcheck_mobilenetv4_conv_small_620x420/input_layer1...
[2025-10-07 22:13:49.901] [309339] [HailoRT] [info] [vstream_builder.cpp:102] [create_inputs] Input pipeline 'skillcheck_mobilenetv4_conv_small_620x420/input_layer1': (HwWriteEl13skillcheck_mobilenetv4_conv_small_620x420/input_layer1 | hw_frame_size: 781200) >> HW
[2025-10-07 22:13:49.901] [309339] [HailoRT] [info] [edge_elements.cpp:287] [create] Created (HwReadEl12skillcheck_mobilenetv4_conv_small_620x420/conv34 | hw_frame_size: 16)
[2025-10-07 22:13:49.901] [309339] [HailoRT] [info] [queue_elements.cpp:657] [create] Created (PullQEl_hw_read12skillcheck_mobilenetv4_conv_small_620x420/conv34)
[2025-10-07 22:13:49.901] [309339] [HailoRT] [info] [filter_elements.cpp:372] [create] Created (PostInferEl12skillcheck_mobilenetv4_conv_small_620x420/conv34 | Quantization - src_type: UINT8, dst_type FLOAT32, limvals_min: -13.2987, limvals_max: 5.54112 | Reorder - src_order: FCR, src_shape: (1, 1, 16), dst_order: FCR, dst_shape: (1, 1, 12))
[2025-10-07 22:13:49.901] [309339] [HailoRT] [info] [queue_elements.cpp:800] [create] Created (UserBuffQEl12skillcheck_mobilenetv4_conv_small_620x420/conv34 | timeout: 10s)
[2025-10-07 22:13:49.901] [309339] [HailoRT] [info] [vstream.cpp:1114] [OutputVStreamImpl] Creating skillcheck_mobilenetv4_conv_small_620x420/conv34...
[2025-10-07 22:13:49.903] [309339] [HailoRT] [info] [vstream_builder.cpp:220] [create_outputs] Output pipeline 'skillcheck_mobilenetv4_conv_small_620x420/conv34': HW >> (HwReadEl12skillcheck_mobilenetv4_conv_small_620x420/conv34 | hw_frame_size: 16) >> (PullQEl_hw_read12skillcheck_mobilenetv4_conv_small_620x420/conv34) >> (PostInferEl12skillcheck_mobilenetv4_conv_small_620x420/conv34 | Quantization - src_type: UINT8, dst_type FLOAT32, limvals_min: -13.2987, limvals_max: 5.54112 | Reorder - src_order: FCR, src_shape: (1, 1, 16), dst_order: FCR, dst_shape: (1, 1, 12)) >> (UserBuffQEl12skillcheck_mobilenetv4_conv_small_620x420/conv34 | timeout: 10s)
[2025-10-07 23:22:31.697] [357837] [HailoRT] [info] [queue_elements.cpp:855] [run_in_thread] Shutdown event was signaled in dequeue of UserBuffQEl12skillcheck_mobilenetv4_conv_small_620x420/conv34!
[2025-10-07 23:22:31.697] [357836] [HailoRT] [info] [vdevice_native_stream.cpp:331] [read_impl] Failed read from stream HAILO_STREAM_ABORT(63) (device: 0001:01:00.0)
[2025-10-07 23:22:31.697] [357836] [HailoRT] [info] [edge_elements.cpp:396] [run_pull] Reading from stream was aborted!
[2025-10-07 23:22:31.697] [357836] [HailoRT] [info] [queue_elements.cpp:738] [run_in_thread] run_pull of queue element PullQEl_hw_read12skillcheck_mobilenetv4_conv_small_620x420/conv34 was aborted!
[2025-10-07 23:22:31.697] [357836] [HailoRT] [info] [queue_elements.cpp:68] [operator()] Thread in element PullQEl_hw_read12skillcheck_mobilenetv4_conv_small_620x420/conv34 is not running anymore, exiting..
[2025-10-07 23:22:31.698] [44323] [HailoRT] [info] [queue_elements.cpp:46] [~BaseQueueElement] Queue element PullQEl_hw_read12skillcheck_mobilenetv4_conv_small_620x420/conv34 has 0 frames in his Queue on destruction
[2025-10-07 23:22:31.698] [357837] [HailoRT] [info] [queue_elements.cpp:68] [operator()] Thread in element UserBuffQEl12skillcheck_mobilenetv4_conv_small_620x420/conv34 is not running anymore, exiting..
[2025-10-07 23:22:31.698] [44323] [HailoRT] [info] [queue_elements.cpp:46] [~BaseQueueElement] Queue element UserBuffQEl12skillcheck_mobilenetv4_conv_small_620x420/conv34 has 0 frames in his Queue on destruction
[2025-10-07 23:22:31.718] [44323] [HailoRT] [info] [core_op.cpp:186] [deactivate] Deactivating took 0.556339 ms
[2025-10-07 23:22:31.718] [44323] [HailoRT] [info] [core_op.cpp:186] [deactivate] Deactivating took 20.081161 ms
[2025-10-08 00:22:40.671] [873712] [HailoRT] [info] [hef.cpp:1994] [get_network_group_and_network_name] No name was given. Addressing all networks of default network_group: skillcheck_mobilenetv4_conv_small_620x420
[2025-10-08 00:22:40.671] [873712] [HailoRT] [info] [hef.cpp:1994] [get_network_group_and_network_name] No name was given. Addressing all networks of default network_group: skillcheck_mobilenetv4_conv_small_620x420
[2025-10-08 00:22:40.869] [873712] [HailoRT] [info] [vdevice.cpp:535] [create] Creating vdevice with params: device_count: 1, scheduling_algorithm: NONE, multi_process_service: false
[2025-10-08 00:22:40.882] [873712] [HailoRT] [info] [device.cpp:51] [Device] OS Version: Linux 6.12.47+rpt-rpi-2712 #1 SMP PREEMPT Debian 1:6.12.47-1+rpt1~bookworm (2025-09-16) aarch64
[2025-10-08 00:22:40.883] [873712] [HailoRT] [info] [control.cpp:113] [control__parse_identify_results] firmware_version is: 4.23.0
[2025-10-08 00:22:40.883] [873712] [HailoRT] [info] [vdevice.cpp:682] [create] VDevice Infos: 0001:01:00.0
[2025-10-08 00:22:40.889] [873712] [HailoRT] [info] [buffer_requirements.cpp:198] [find_initial_desc_page_size] Using non-default initial_desc_page_size of 64, due to a small transfer size (16)
[2025-10-08 00:22:40.891] [873712] [HailoRT] [info] [internal_buffer_manager.cpp:75] [print_execution_results] Default Internal buffer planner failed to meet requirements
[2025-10-08 00:22:40.891] [873712] [HailoRT] [info] [internal_buffer_manager.cpp:86] [print_execution_results] Default Internal buffer planner executed successfully
[2025-10-08 00:22:40.906] [873712] [HailoRT] [info] [device_internal.cpp:57] [configure] Configuring HEF took 22.693631 milliseconds
[2025-10-08 00:22:40.906] [873712] [HailoRT] [info] [vdevice.cpp:780] [configure] Configuring HEF on VDevice took 23.037077 milliseconds
[2025-10-08 00:22:40.908] [873712] [HailoRT] [info] [core_op.cpp:156] [activate] Activating skillcheck_mobilenetv4_conv_small_620x420 took 0.303817 milliseconds. Note that the function is asynchronous and thus the network is not fully activated yet.
[2025-10-08 00:22:40.908] [873712] [HailoRT] [info] [core_op.cpp:156] [activate] Activating skillcheck_mobilenetv4_conv_small_620x420 took 0.351762 milliseconds. Note that the function is asynchronous and thus the network is not fully activated yet.
[2025-10-08 00:22:40.908] [873712] [HailoRT] [info] [edge_elements.cpp:52] [create] Created (HwWriteEl13skillcheck_mobilenetv4_conv_small_620x420/input_layer1 | hw_frame_size: 781200)
[2025-10-08 00:22:40.908] [873712] [HailoRT] [info] [vstream.cpp:754] [InputVStreamImpl] Creating skillcheck_mobilenetv4_conv_small_620x420/input_layer1...
[2025-10-08 00:22:40.908] [873712] [HailoRT] [info] [vstream_builder.cpp:102] [create_inputs] Input pipeline 'skillcheck_mobilenetv4_conv_small_620x420/input_layer1': (HwWriteEl13skillcheck_mobilenetv4_conv_small_620x420/input_layer1 | hw_frame_size: 781200) >> HW
[2025-10-08 00:22:40.908] [873712] [HailoRT] [info] [edge_elements.cpp:287] [create] Created (HwReadEl12skillcheck_mobilenetv4_conv_small_620x420/conv34 | hw_frame_size: 16)
[2025-10-08 00:22:40.909] [873712] [HailoRT] [info] [queue_elements.cpp:657] [create] Created (PullQEl_hw_read12skillcheck_mobilenetv4_conv_small_620x420/conv34)
[2025-10-08 00:22:40.909] [873712] [HailoRT] [info] [filter_elements.cpp:372] [create] Created (PostInferEl12skillcheck_mobilenetv4_conv_small_620x420/conv34 | Quantization - src_type: UINT8, dst_type FLOAT32, limvals_min: -13.2987, limvals_max: 5.54112 | Reorder - src_order: FCR, src_shape: (1, 1, 16), dst_order: FCR, dst_shape: (1, 1, 12))
[2025-10-08 00:22:40.909] [873712] [HailoRT] [info] [queue_elements.cpp:800] [create] Created (UserBuffQEl12skillcheck_mobilenetv4_conv_small_620x420/conv34 | timeout: 10s)
[2025-10-08 00:22:40.909] [873712] [HailoRT] [info] [vstream.cpp:1114] [OutputVStreamImpl] Creating skillcheck_mobilenetv4_conv_small_620x420/conv34...
[2025-10-08 00:22:40.911] [873712] [HailoRT] [info] [vstream_builder.cpp:220] [create_outputs] Output pipeline 'skillcheck_mobilenetv4_conv_small_620x420/conv34': HW >> (HwReadEl12skillcheck_mobilenetv4_conv_small_620x420/conv34 | hw_frame_size: 16) >> (PullQEl_hw_read12skillcheck_mobilenetv4_conv_small_620x420/conv34) >> (PostInferEl12skillcheck_mobilenetv4_conv_small_620x420/conv34 | Quantization - src_type: UINT8, dst_type FLOAT32, limvals_min: -13.2987, limvals_max: 5.54112 | Reorder - src_order: FCR, src_shape: (1, 1, 16), dst_order: FCR, dst_shape: (1, 1, 12)) >> (UserBuffQEl12skillcheck_mobilenetv4_conv_small_620x420/conv34 | timeout: 10s)
[2025-10-08 00:26:12.821] [873789] [HailoRT] [info] [queue_elements.cpp:855] [run_in_thread] Shutdown event was signaled in dequeue of UserBuffQEl12skillcheck_mobilenetv4_conv_small_620x420/conv34!
[2025-10-08 00:26:12.821] [873788] [HailoRT] [info] [vdevice_native_stream.cpp:331] [read_impl] Failed read from stream HAILO_STREAM_ABORT(63) (device: 0001:01:00.0)
[2025-10-08 00:26:12.821] [873788] [HailoRT] [info] [edge_elements.cpp:396] [run_pull] Reading from stream was aborted!
[2025-10-08 00:26:12.821] [873788] [HailoRT] [info] [queue_elements.cpp:738] [run_in_thread] run_pull of queue element PullQEl_hw_read12skillcheck_mobilenetv4_conv_small_620x420/conv34 was aborted!
[2025-10-08 00:26:12.821] [873788] [HailoRT] [info] [queue_elements.cpp:68] [operator()] Thread in element PullQEl_hw_read12skillcheck_mobilenetv4_conv_small_620x420/conv34 is not running anymore, exiting..
[2025-10-08 00:26:12.821] [873706] [HailoRT] [info] [queue_elements.cpp:46] [~BaseQueueElement] Queue element PullQEl_hw_read12skillcheck_mobilenetv4_conv_small_620x420/conv34 has 0 frames in his Queue on destruction
[2025-10-08 00:26:12.821] [873789] [HailoRT] [info] [queue_elements.cpp:68] [operator()] Thread in element UserBuffQEl12skillcheck_mobilenetv4_conv_small_620x420/conv34 is not running anymore, exiting..
[2025-10-08 00:26:12.821] [873706] [HailoRT] [info] [queue_elements.cpp:46] [~BaseQueueElement] Queue element UserBuffQEl12skillcheck_mobilenetv4_conv_small_620x420/conv34 has 0 frames in his Queue on destruction
[2025-10-08 00:26:12.822] [873706] [HailoRT] [info] [core_op.cpp:186] [deactivate] Deactivating took 0.941932 ms
[2025-10-08 00:26:12.822] [873706] [HailoRT] [info] [core_op.cpp:186] [deactivate] Deactivating took 0.973303 ms
[2025-10-08 00:26:36.266] [901039] [HailoRT] [info] [hef.cpp:1994] [get_network_group_and_network_name] No name was given. Addressing all networks of default network_group: skillcheck_mobilenetv4_conv_small_620x420
[2025-10-08 00:26:36.266] [901039] [HailoRT] [info] [hef.cpp:1994] [get_network_group_and_network_name] No name was given. Addressing all networks of default network_group: skillcheck_mobilenetv4_conv_small_620x420
[2025-10-08 00:26:36.467] [901039] [HailoRT] [info] [vdevice.cpp:535] [create] Creating vdevice with params: device_count: 1, scheduling_algorithm: NONE, multi_process_service: false
[2025-10-08 00:26:36.479] [901039] [HailoRT] [info] [device.cpp:51] [Device] OS Version: Linux 6.12.47+rpt-rpi-2712 #1 SMP PREEMPT Debian 1:6.12.47-1+rpt1~bookworm (2025-09-16) aarch64
[2025-10-08 00:26:36.479] [901039] [HailoRT] [info] [control.cpp:113] [control__parse_identify_results] firmware_version is: 4.23.0
[2025-10-08 00:26:36.479] [901039] [HailoRT] [info] [vdevice.cpp:682] [create] VDevice Infos: 0001:01:00.0
[2025-10-08 00:26:36.485] [901039] [HailoRT] [info] [buffer_requirements.cpp:198] [find_initial_desc_page_size] Using non-default initial_desc_page_size of 64, due to a small transfer size (16)
[2025-10-08 00:26:36.485] [901039] [HailoRT] [info] [internal_buffer_manager.cpp:75] [print_execution_results] Default Internal buffer planner failed to meet requirements
[2025-10-08 00:26:36.485] [901039] [HailoRT] [info] [internal_buffer_manager.cpp:86] [print_execution_results] Default Internal buffer planner executed successfully
[2025-10-08 00:26:36.503] [901039] [HailoRT] [info] [device_internal.cpp:57] [configure] Configuring HEF took 23.191841 milliseconds
[2025-10-08 00:26:36.503] [901039] [HailoRT] [info] [vdevice.cpp:780] [configure] Configuring HEF on VDevice took 23.475861 milliseconds
[2025-10-08 00:26:36.507] [901039] [HailoRT] [info] [core_op.cpp:156] [activate] Activating skillcheck_mobilenetv4_conv_small_620x420 took 0.250594 milliseconds. Note that the function is asynchronous and thus the network is not fully activated yet.
[2025-10-08 00:26:36.507] [901039] [HailoRT] [info] [core_op.cpp:156] [activate] Activating skillcheck_mobilenetv4_conv_small_620x420 took 0.295205 milliseconds. Note that the function is asynchronous and thus the network is not fully activated yet.
[2025-10-08 00:26:36.507] [901039] [HailoRT] [info] [edge_elements.cpp:52] [create] Created (HwWriteEl13skillcheck_mobilenetv4_conv_small_620x420/input_layer1 | hw_frame_size: 781200)
[2025-10-08 00:26:36.507] [901039] [HailoRT] [info] [vstream.cpp:754] [InputVStreamImpl] Creating skillcheck_mobilenetv4_conv_small_620x420/input_layer1...
[2025-10-08 00:26:36.507] [901039] [HailoRT] [info] [vstream_builder.cpp:102] [create_inputs] Input pipeline 'skillcheck_mobilenetv4_conv_small_620x420/input_layer1': (HwWriteEl13skillcheck_mobilenetv4_conv_small_620x420/input_layer1 | hw_frame_size: 781200) >> HW
[2025-10-08 00:26:36.507] [901039] [HailoRT] [info] [edge_elements.cpp:287] [create] Created (HwReadEl12skillcheck_mobilenetv4_conv_small_620x420/conv34 | hw_frame_size: 16)
[2025-10-08 00:26:36.508] [901039] [HailoRT] [info] [queue_elements.cpp:657] [create] Created (PullQEl_hw_read12skillcheck_mobilenetv4_conv_small_620x420/conv34)
[2025-10-08 00:26:36.508] [901039] [HailoRT] [info] [filter_elements.cpp:372] [create] Created (PostInferEl12skillcheck_mobilenetv4_conv_small_620x420/conv34 | Quantization - src_type: UINT8, dst_type FLOAT32, limvals_min: -13.2987, limvals_max: 5.54112 | Reorder - src_order: FCR, src_shape: (1, 1, 16), dst_order: FCR, dst_shape: (1, 1, 12))
[2025-10-08 00:26:36.508] [901039] [HailoRT] [info] [queue_elements.cpp:800] [create] Created (UserBuffQEl12skillcheck_mobilenetv4_conv_small_620x420/conv34 | timeout: 10s)
[2025-10-08 00:26:36.508] [901039] [HailoRT] [info] [vstream.cpp:1114] [OutputVStreamImpl] Creating skillcheck_mobilenetv4_conv_small_620x420/conv34...
[2025-10-08 00:26:36.508] [901039] [HailoRT] [info] [vstream_builder.cpp:220] [create_outputs] Output pipeline 'skillcheck_mobilenetv4_conv_small_620x420/conv34': HW >> (HwReadEl12skillcheck_mobilenetv4_conv_small_620x420/conv34 | hw_frame_size: 16) >> (PullQEl_hw_read12skillcheck_mobilenetv4_conv_small_620x420/conv34) >> (PostInferEl12skillcheck_mobilenetv4_conv_small_620x420/conv34 | Quantization - src_type: UINT8, dst_type FLOAT32, limvals_min: -13.2987, limvals_max: 5.54112 | Reorder - src_order: FCR, src_shape: (1, 1, 16), dst_order: FCR, dst_shape: (1, 1, 12)) >> (UserBuffQEl12skillcheck_mobilenetv4_conv_small_620x420/conv34 | timeout: 10s)
[2025-10-08 02:01:43.149] [901096] [HailoRT] [info] [queue_elements.cpp:855] [run_in_thread] Shutdown event was signaled in dequeue of UserBuffQEl12skillcheck_mobilenetv4_conv_small_620x420/conv34!
[2025-10-08 02:01:43.150] [901095] [HailoRT] [info] [vdevice_native_stream.cpp:331] [read_impl] Failed read from stream HAILO_STREAM_ABORT(63) (device: 0001:01:00.0)
[2025-10-08 02:01:43.150] [901095] [HailoRT] [info] [edge_elements.cpp:396] [run_pull] Reading from stream was aborted!
[2025-10-08 02:01:43.150] [901095] [HailoRT] [info] [queue_elements.cpp:738] [run_in_thread] run_pull of queue element PullQEl_hw_read12skillcheck_mobilenetv4_conv_small_620x420/conv34 was aborted!
[2025-10-08 02:01:43.150] [901095] [HailoRT] [info] [queue_elements.cpp:68] [operator()] Thread in element PullQEl_hw_read12skillcheck_mobilenetv4_conv_small_620x420/conv34 is not running anymore, exiting..
[2025-10-08 02:01:43.150] [901033] [HailoRT] [info] [queue_elements.cpp:46] [~BaseQueueElement] Queue element PullQEl_hw_read12skillcheck_mobilenetv4_conv_small_620x420/conv34 has 0 frames in his Queue on destruction
[2025-10-08 02:01:43.150] [901096] [HailoRT] [info] [queue_elements.cpp:68] [operator()] Thread in element UserBuffQEl12skillcheck_mobilenetv4_conv_small_620x420/conv34 is not running anymore, exiting..
[2025-10-08 02:01:43.150] [901033] [HailoRT] [info] [queue_elements.cpp:46] [~BaseQueueElement] Queue element UserBuffQEl12skillcheck_mobilenetv4_conv_small_620x420/conv34 has 0 frames in his Queue on destruction
[2025-10-08 02:01:43.162] [901033] [HailoRT] [info] [core_op.cpp:186] [deactivate] Deactivating took 11.769265 ms
[2025-10-08 02:01:43.162] [901033] [HailoRT] [info] [core_op.cpp:186] [deactivate] Deactivating took 11.800487 ms
[2025-10-08 21:10:12.907] [2816] [HailoRT] [error] [hef.cpp:498] [parse_hef_header_before_distinct] CHECK_SUCCESS failed with status=HAILO_FILE_OPERATION_FAILURE(14)
[2025-10-08 21:10:12.909] [2816] [HailoRT] [error] [hef.cpp:562] [parse_hef_file] CHECK_SUCCESS failed with status=HAILO_FILE_OPERATION_FAILURE(14)
[2025-10-08 21:10:12.909] [2816] [HailoRT] [error] [hef.cpp:1060] [Impl] Failed parsing HEF file
[2025-10-08 21:10:12.909] [2816] [HailoRT] [error] [hef.cpp:333] [create] Failed creating HEF
[2025-10-08 21:10:12.909] [2816] [HailoRT] [error] [hef.cpp:168] [create] CHECK_SUCCESS failed with status=HAILO_FILE_OPERATION_FAILURE(14)
[2025-10-08 21:12:08.572] [2937] [HailoRT] [info] [hef.cpp:1994] [get_network_group_and_network_name] No name was given. Addressing all networks of default network_group: skillcheck_mobilenetv4_conv_small_620x420
[2025-10-08 21:12:08.572] [2937] [HailoRT] [info] [hef.cpp:1994] [get_network_group_and_network_name] No name was given. Addressing all networks of default network_group: skillcheck_mobilenetv4_conv_small_620x420
[2025-10-08 21:12:08.783] [2937] [HailoRT] [info] [vdevice.cpp:535] [create] Creating vdevice with params: device_count: 1, scheduling_algorithm: NONE, multi_process_service: false
[2025-10-08 21:12:08.794] [2937] [HailoRT] [info] [device.cpp:51] [Device] OS Version: Linux 6.12.47+rpt-rpi-2712 #1 SMP PREEMPT Debian 1:6.12.47-1+rpt1~bookworm (2025-09-16) aarch64
[2025-10-08 21:12:08.794] [2937] [HailoRT] [info] [control.cpp:113] [control__parse_identify_results] firmware_version is: 4.23.0
[2025-10-08 21:12:08.795] [2937] [HailoRT] [info] [vdevice.cpp:682] [create] VDevice Infos: 0001:01:00.0
[2025-10-08 21:12:08.801] [2937] [HailoRT] [info] [buffer_requirements.cpp:198] [find_initial_desc_page_size] Using non-default initial_desc_page_size of 64, due to a small transfer size (16)
[2025-10-08 21:12:08.801] [2937] [HailoRT] [info] [internal_buffer_manager.cpp:75] [print_execution_results] Default Internal buffer planner failed to meet requirements
[2025-10-08 21:12:08.801] [2937] [HailoRT] [info] [internal_buffer_manager.cpp:86] [print_execution_results] Default Internal buffer planner executed successfully
[2025-10-08 21:12:08.815] [2937] [HailoRT] [info] [device_internal.cpp:57] [configure] Configuring HEF took 19.738795 milliseconds
[2025-10-08 21:12:08.815] [2937] [HailoRT] [info] [vdevice.cpp:780] [configure] Configuring HEF on VDevice took 20.015425 milliseconds
[2025-10-08 21:12:08.817] [2937] [HailoRT] [info] [core_op.cpp:156] [activate] Activating skillcheck_mobilenetv4_conv_small_620x420 took 0.416945 milliseconds. Note that the function is asynchronous and thus the network is not fully activated yet.
[2025-10-08 21:12:08.817] [2937] [HailoRT] [info] [core_op.cpp:156] [activate] Activating skillcheck_mobilenetv4_conv_small_620x420 took 0.465649 milliseconds. Note that the function is asynchronous and thus the network is not fully activated yet.
[2025-10-08 21:12:08.818] [2937] [HailoRT] [info] [edge_elements.cpp:52] [create] Created (HwWriteEl13skillcheck_mobilenetv4_conv_small_620x420/input_layer1 | hw_frame_size: 781200)
[2025-10-08 21:12:08.818] [2937] [HailoRT] [info] [vstream.cpp:754] [InputVStreamImpl] Creating skillcheck_mobilenetv4_conv_small_620x420/input_layer1...
[2025-10-08 21:12:08.818] [2937] [HailoRT] [info] [vstream_builder.cpp:102] [create_inputs] Input pipeline 'skillcheck_mobilenetv4_conv_small_620x420/input_layer1': (HwWriteEl13skillcheck_mobilenetv4_conv_small_620x420/input_layer1 | hw_frame_size: 781200) >> HW
[2025-10-08 21:12:08.818] [2937] [HailoRT] [info] [edge_elements.cpp:287] [create] Created (HwReadEl12skillcheck_mobilenetv4_conv_small_620x420/conv34 | hw_frame_size: 16)
[2025-10-08 21:12:08.818] [2937] [HailoRT] [info] [queue_elements.cpp:657] [create] Created (PullQEl_hw_read12skillcheck_mobilenetv4_conv_small_620x420/conv34)
[2025-10-08 21:12:08.819] [2937] [HailoRT] [info] [filter_elements.cpp:372] [create] Created (PostInferEl12skillcheck_mobilenetv4_conv_small_620x420/conv34 | Quantization - src_type: UINT8, dst_type FLOAT32, limvals_min: -11.9521, limvals_max: 5.36484 | Reorder - src_order: FCR, src_shape: (1, 1, 16), dst_order: FCR, dst_shape: (1, 1, 12))
[2025-10-08 21:12:08.819] [2937] [HailoRT] [info] [queue_elements.cpp:800] [create] Created (UserBuffQEl12skillcheck_mobilenetv4_conv_small_620x420/conv34 | timeout: 10s)
[2025-10-08 21:12:08.819] [2937] [HailoRT] [info] [vstream.cpp:1114] [OutputVStreamImpl] Creating skillcheck_mobilenetv4_conv_small_620x420/conv34...
[2025-10-08 21:12:08.819] [2937] [HailoRT] [info] [vstream_builder.cpp:220] [create_outputs] Output pipeline 'skillcheck_mobilenetv4_conv_small_620x420/conv34': HW >> (HwReadEl12skillcheck_mobilenetv4_conv_small_620x420/conv34 | hw_frame_size: 16) >> (PullQEl_hw_read12skillcheck_mobilenetv4_conv_small_620x420/conv34) >> (PostInferEl12skillcheck_mobilenetv4_conv_small_620x420/conv34 | Quantization - src_type: UINT8, dst_type FLOAT32, limvals_min: -11.9521, limvals_max: 5.36484 | Reorder - src_order: FCR, src_shape: (1, 1, 16), dst_order: FCR, dst_shape: (1, 1, 12)) >> (UserBuffQEl12skillcheck_mobilenetv4_conv_small_620x420/conv34 | timeout: 10s)
[2025-10-09 20:00:48.321] [206090] [HailoRT] [info] [hef.cpp:1994] [get_network_group_and_network_name] No name was given. Addressing all networks of default network_group: skillcheck_mobilenetv4_conv_small_620x420
[2025-10-09 20:00:48.321] [206090] [HailoRT] [info] [hef.cpp:1994] [get_network_group_and_network_name] No name was given. Addressing all networks of default network_group: skillcheck_mobilenetv4_conv_small_620x420
[2025-10-09 20:00:48.705] [206090] [HailoRT] [info] [vdevice.cpp:535] [create] Creating vdevice with params: device_count: 1, scheduling_algorithm: NONE, multi_process_service: false
[2025-10-09 20:00:48.716] [206090] [HailoRT] [info] [device.cpp:51] [Device] OS Version: Linux 6.12.47+rpt-rpi-2712 #1 SMP PREEMPT Debian 1:6.12.47-1+rpt1~bookworm (2025-09-16) aarch64
[2025-10-09 20:00:48.716] [206090] [HailoRT] [info] [control.cpp:113] [control__parse_identify_results] firmware_version is: 4.23.0
[2025-10-09 20:00:48.716] [206090] [HailoRT] [info] [vdevice.cpp:682] [create] VDevice Infos: 0001:01:00.0
[2025-10-09 20:00:48.722] [206090] [HailoRT] [info] [buffer_requirements.cpp:198] [find_initial_desc_page_size] Using non-default initial_desc_page_size of 64, due to a small transfer size (16)
[2025-10-09 20:00:48.722] [206090] [HailoRT] [info] [internal_buffer_manager.cpp:75] [print_execution_results] Default Internal buffer planner failed to meet requirements
[2025-10-09 20:00:48.722] [206090] [HailoRT] [info] [internal_buffer_manager.cpp:86] [print_execution_results] Default Internal buffer planner executed successfully
[2025-10-09 20:00:48.730] [206090] [HailoRT] [info] [device_internal.cpp:57] [configure] Configuring HEF took 12.784861 milliseconds
[2025-10-09 20:00:48.730] [206090] [HailoRT] [info] [vdevice.cpp:780] [configure] Configuring HEF on VDevice took 13.064843 milliseconds
[2025-10-09 20:00:48.730] [206090] [HailoRT] [info] [core_op.cpp:156] [activate] Activating skillcheck_mobilenetv4_conv_small_620x420 took 0.201686 milliseconds. Note that the function is asynchronous and thus the network is not fully activated yet.
[2025-10-09 20:00:48.730] [206090] [HailoRT] [info] [core_op.cpp:156] [activate] Activating skillcheck_mobilenetv4_conv_small_620x420 took 0.220927 milliseconds. Note that the function is asynchronous and thus the network is not fully activated yet.
[2025-10-09 20:00:48.731] [206090] [HailoRT] [info] [edge_elements.cpp:52] [create] Created (HwWriteEl13skillcheck_mobilenetv4_conv_small_620x420/input_layer1 | hw_frame_size: 781200)
[2025-10-09 20:00:48.731] [206090] [HailoRT] [info] [vstream.cpp:754] [InputVStreamImpl] Creating skillcheck_mobilenetv4_conv_small_620x420/input_layer1...
[2025-10-09 20:00:48.731] [206090] [HailoRT] [info] [vstream_builder.cpp:102] [create_inputs] Input pipeline 'skillcheck_mobilenetv4_conv_small_620x420/input_layer1': (HwWriteEl13skillcheck_mobilenetv4_conv_small_620x420/input_layer1 | hw_frame_size: 781200) >> HW
[2025-10-09 20:00:48.731] [206090] [HailoRT] [info] [edge_elements.cpp:287] [create] Created (HwReadEl12skillcheck_mobilenetv4_conv_small_620x420/conv34 | hw_frame_size: 16)
[2025-10-09 20:00:48.731] [206090] [HailoRT] [info] [queue_elements.cpp:657] [create] Created (PullQEl_hw_read12skillcheck_mobilenetv4_conv_small_620x420/conv34)
[2025-10-09 20:00:48.731] [206090] [HailoRT] [info] [filter_elements.cpp:372] [create] Created (PostInferEl12skillcheck_mobilenetv4_conv_small_620x420/conv34 | Quantization - src_type: UINT8, dst_type FLOAT32, limvals_min: -4.14487, limvals_max: 4.11249 | Reorder - src_order: FCR, src_shape: (1, 1, 16), dst_order: FCR, dst_shape: (1, 1, 11) | Padding Periph shape - src_shape: (1, 1, 16), dst_shape: (1, 1, 11))
[2025-10-09 20:00:48.731] [206090] [HailoRT] [info] [queue_elements.cpp:800] [create] Created (UserBuffQEl12skillcheck_mobilenetv4_conv_small_620x420/conv34 | timeout: 10s)
[2025-10-09 20:00:48.731] [206090] [HailoRT] [info] [vstream.cpp:1114] [OutputVStreamImpl] Creating skillcheck_mobilenetv4_conv_small_620x420/conv34...
[2025-10-09 20:00:48.732] [206090] [HailoRT] [info] [vstream_builder.cpp:220] [create_outputs] Output pipeline 'skillcheck_mobilenetv4_conv_small_620x420/conv34': HW >> (HwReadEl12skillcheck_mobilenetv4_conv_small_620x420/conv34 | hw_frame_size: 16) >> (PullQEl_hw_read12skillcheck_mobilenetv4_conv_small_620x420/conv34) >> (PostInferEl12skillcheck_mobilenetv4_conv_small_620x420/conv34 | Quantization - src_type: UINT8, dst_type FLOAT32, limvals_min: -4.14487, limvals_max: 4.11249 | Reorder - src_order: FCR, src_shape: (1, 1, 16), dst_order: FCR, dst_shape: (1, 1, 11) | Padding Periph shape - src_shape: (1, 1, 16), dst_shape: (1, 1, 11)) >> (UserBuffQEl12skillcheck_mobilenetv4_conv_small_620x420/conv34 | timeout: 10s)
[2025-10-09 20:07:58.379] [206173] [HailoRT] [info] [queue_elements.cpp:855] [run_in_thread] Shutdown event was signaled in dequeue of UserBuffQEl12skillcheck_mobilenetv4_conv_small_620x420/conv34!
[2025-10-09 20:07:58.379] [206172] [HailoRT] [info] [vdevice_native_stream.cpp:331] [read_impl] Failed read from stream HAILO_STREAM_ABORT(63) (device: 0001:01:00.0)
[2025-10-09 20:07:58.379] [206172] [HailoRT] [info] [edge_elements.cpp:396] [run_pull] Reading from stream was aborted!
[2025-10-09 20:07:58.379] [206172] [HailoRT] [info] [queue_elements.cpp:738] [run_in_thread] run_pull of queue element PullQEl_hw_read12skillcheck_mobilenetv4_conv_small_620x420/conv34 was aborted!
[2025-10-09 20:07:58.379] [206172] [HailoRT] [info] [queue_elements.cpp:68] [operator()] Thread in element PullQEl_hw_read12skillcheck_mobilenetv4_conv_small_620x420/conv34 is not running anymore, exiting..
[2025-10-09 20:07:58.379] [206084] [HailoRT] [info] [queue_elements.cpp:46] [~BaseQueueElement] Queue element PullQEl_hw_read12skillcheck_mobilenetv4_conv_small_620x420/conv34 has 0 frames in his Queue on destruction
[2025-10-09 20:07:58.379] [206173] [HailoRT] [info] [queue_elements.cpp:68] [operator()] Thread in element UserBuffQEl12skillcheck_mobilenetv4_conv_small_620x420/conv34 is not running anymore, exiting..
[2025-10-09 20:07:58.379] [206084] [HailoRT] [info] [queue_elements.cpp:46] [~BaseQueueElement] Queue element UserBuffQEl12skillcheck_mobilenetv4_conv_small_620x420/conv34 has 0 frames in his Queue on destruction
[2025-10-09 20:07:58.379] [206084] [HailoRT] [info] [core_op.cpp:186] [deactivate] Deactivating took 0.372484 ms
[2025-10-09 20:07:58.379] [206084] [HailoRT] [info] [core_op.cpp:186] [deactivate] Deactivating took 0.380632 ms
[2025-10-09 20:17:54.414] [258506] [HailoRT] [info] [hef.cpp:1994] [get_network_group_and_network_name] No name was given. Addressing all networks of default network_group: skillcheck_mobilenetv4_conv_small_620x420
[2025-10-09 20:17:54.414] [258506] [HailoRT] [info] [hef.cpp:1994] [get_network_group_and_network_name] No name was given. Addressing all networks of default network_group: skillcheck_mobilenetv4_conv_small_620x420
[2025-10-09 20:17:54.619] [258506] [HailoRT] [info] [vdevice.cpp:535] [create] Creating vdevice with params: device_count: 1, scheduling_algorithm: NONE, multi_process_service: false
[2025-10-09 20:17:54.630] [258506] [HailoRT] [info] [device.cpp:51] [Device] OS Version: Linux 6.12.47+rpt-rpi-2712 #1 SMP PREEMPT Debian 1:6.12.47-1+rpt1~bookworm (2025-09-16) aarch64
[2025-10-09 20:17:54.631] [258506] [HailoRT] [info] [control.cpp:113] [control__parse_identify_results] firmware_version is: 4.23.0
[2025-10-09 20:17:54.631] [258506] [HailoRT] [info] [vdevice.cpp:682] [create] VDevice Infos: 0001:01:00.0
[2025-10-09 20:17:54.643] [258506] [HailoRT] [info] [buffer_requirements.cpp:198] [find_initial_desc_page_size] Using non-default initial_desc_page_size of 64, due to a small transfer size (16)
[2025-10-09 20:17:54.645] [258506] [HailoRT] [info] [internal_buffer_manager.cpp:75] [print_execution_results] Default Internal buffer planner failed to meet requirements
[2025-10-09 20:17:54.645] [258506] [HailoRT] [info] [internal_buffer_manager.cpp:86] [print_execution_results] Default Internal buffer planner executed successfully
[2025-10-09 20:17:54.663] [258506] [HailoRT] [info] [device_internal.cpp:57] [configure] Configuring HEF took 28.881111 milliseconds
[2025-10-09 20:17:54.663] [258506] [HailoRT] [info] [vdevice.cpp:780] [configure] Configuring HEF on VDevice took 29.269947 milliseconds
[2025-10-09 20:17:54.667] [258506] [HailoRT] [info] [core_op.cpp:156] [activate] Activating skillcheck_mobilenetv4_conv_small_620x420 took 0.317168 milliseconds. Note that the function is asynchronous and thus the network is not fully activated yet.
[2025-10-09 20:17:54.667] [258506] [HailoRT] [info] [core_op.cpp:156] [activate] Activating skillcheck_mobilenetv4_conv_small_620x420 took 0.379742 milliseconds. Note that the function is asynchronous and thus the network is not fully activated yet.
[2025-10-09 20:17:54.667] [258506] [HailoRT] [info] [edge_elements.cpp:52] [create] Created (HwWriteEl13skillcheck_mobilenetv4_conv_small_620x420/input_layer1 | hw_frame_size: 781200)
[2025-10-09 20:17:54.667] [258506] [HailoRT] [info] [vstream.cpp:754] [InputVStreamImpl] Creating skillcheck_mobilenetv4_conv_small_620x420/input_layer1...
[2025-10-09 20:17:54.667] [258506] [HailoRT] [info] [vstream_builder.cpp:102] [create_inputs] Input pipeline 'skillcheck_mobilenetv4_conv_small_620x420/input_layer1': (HwWriteEl13skillcheck_mobilenetv4_conv_small_620x420/input_layer1 | hw_frame_size: 781200) >> HW
[2025-10-09 20:17:54.667] [258506] [HailoRT] [info] [edge_elements.cpp:287] [create] Created (HwReadEl12skillcheck_mobilenetv4_conv_small_620x420/conv34 | hw_frame_size: 16)
[2025-10-09 20:17:54.668] [258506] [HailoRT] [info] [queue_elements.cpp:657] [create] Created (PullQEl_hw_read12skillcheck_mobilenetv4_conv_small_620x420/conv34)
[2025-10-09 20:17:54.669] [258506] [HailoRT] [info] [filter_elements.cpp:372] [create] Created (PostInferEl12skillcheck_mobilenetv4_conv_small_620x420/conv34 | Quantization - src_type: UINT8, dst_type FLOAT32, limvals_min: -4.14487, limvals_max: 4.11249 | Reorder - src_order: FCR, src_shape: (1, 1, 16), dst_order: FCR, dst_shape: (1, 1, 11) | Padding Periph shape - src_shape: (1, 1, 16), dst_shape: (1, 1, 11))
[2025-10-09 20:17:54.669] [258506] [HailoRT] [info] [queue_elements.cpp:800] [create] Created (UserBuffQEl12skillcheck_mobilenetv4_conv_small_620x420/conv34 | timeout: 10s)
[2025-10-09 20:17:54.669] [258506] [HailoRT] [info] [vstream.cpp:1114] [OutputVStreamImpl] Creating skillcheck_mobilenetv4_conv_small_620x420/conv34...
[2025-10-09 20:17:54.670] [258506] [HailoRT] [info] [vstream_builder.cpp:220] [create_outputs] Output pipeline 'skillcheck_mobilenetv4_conv_small_620x420/conv34': HW >> (HwReadEl12skillcheck_mobilenetv4_conv_small_620x420/conv34 | hw_frame_size: 16) >> (PullQEl_hw_read12skillcheck_mobilenetv4_conv_small_620x420/conv34) >> (PostInferEl12skillcheck_mobilenetv4_conv_small_620x420/conv34 | Quantization - src_type: UINT8, dst_type FLOAT32, limvals_min: -4.14487, limvals_max: 4.11249 | Reorder - src_order: FCR, src_shape: (1, 1, 16), dst_order: FCR, dst_shape: (1, 1, 11) | Padding Periph shape - src_shape: (1, 1, 16), dst_shape: (1, 1, 11)) >> (UserBuffQEl12skillcheck_mobilenetv4_conv_small_620x420/conv34 | timeout: 10s)
[2025-10-09 20:21:16.924] [258562] [HailoRT] [info] [vdevice_native_stream.cpp:331] [read_impl] Failed read from stream HAILO_STREAM_ABORT(63) (device: 0001:01:00.0)
[2025-10-09 20:21:16.924] [258562] [HailoRT] [info] [edge_elements.cpp:396] [run_pull] Reading from stream was aborted!
[2025-10-09 20:21:16.924] [258562] [HailoRT] [info] [queue_elements.cpp:738] [run_in_thread] run_pull of queue element PullQEl_hw_read12skillcheck_mobilenetv4_conv_small_620x420/conv34 was aborted!
[2025-10-09 20:21:16.925] [258563] [HailoRT] [info] [queue_elements.cpp:855] [run_in_thread] Shutdown event was signaled in dequeue of UserBuffQEl12skillcheck_mobilenetv4_conv_small_620x420/conv34!
[2025-10-09 20:21:16.925] [258562] [HailoRT] [info] [queue_elements.cpp:68] [operator()] Thread in element PullQEl_hw_read12skillcheck_mobilenetv4_conv_small_620x420/conv34 is not running anymore, exiting..
[2025-10-09 20:21:16.925] [258500] [HailoRT] [info] [queue_elements.cpp:46] [~BaseQueueElement] Queue element PullQEl_hw_read12skillcheck_mobilenetv4_conv_small_620x420/conv34 has 0 frames in his Queue on destruction
[2025-10-09 20:21:16.925] [258563] [HailoRT] [info] [queue_elements.cpp:68] [operator()] Thread in element UserBuffQEl12skillcheck_mobilenetv4_conv_small_620x420/conv34 is not running anymore, exiting..
[2025-10-09 20:21:16.925] [258500] [HailoRT] [info] [queue_elements.cpp:46] [~BaseQueueElement] Queue element UserBuffQEl12skillcheck_mobilenetv4_conv_small_620x420/conv34 has 0 frames in his Queue on destruction
[2025-10-09 20:21:16.926] [258500] [HailoRT] [info] [core_op.cpp:186] [deactivate] Deactivating took 0.435762 ms
[2025-10-09 20:21:16.926] [258500] [HailoRT] [info] [core_op.cpp:186] [deactivate] Deactivating took 0.455169 ms
[2025-10-09 20:22:03.641] [258506] [HailoRT] [info] [hef.cpp:1994] [get_network_group_and_network_name] No name was given. Addressing all networks of default network_group: skillcheck_mobilenetv4_conv_small_620x420
[2025-10-09 20:22:03.641] [258506] [HailoRT] [info] [hef.cpp:1994] [get_network_group_and_network_name] No name was given. Addressing all networks of default network_group: skillcheck_mobilenetv4_conv_small_620x420
[2025-10-09 20:22:03.816] [258506] [HailoRT] [info] [vdevice.cpp:535] [create] Creating vdevice with params: device_count: 1, scheduling_algorithm: NONE, multi_process_service: false
[2025-10-09 20:22:03.829] [258506] [HailoRT] [info] [device.cpp:51] [Device] OS Version: Linux 6.12.47+rpt-rpi-2712 #1 SMP PREEMPT Debian 1:6.12.47-1+rpt1~bookworm (2025-09-16) aarch64
[2025-10-09 20:22:03.829] [258506] [HailoRT] [info] [control.cpp:113] [control__parse_identify_results] firmware_version is: 4.23.0
[2025-10-09 20:22:03.829] [258506] [HailoRT] [info] [vdevice.cpp:682] [create] VDevice Infos: 0001:01:00.0
[2025-10-09 20:22:03.837] [258506] [HailoRT] [info] [buffer_requirements.cpp:198] [find_initial_desc_page_size] Using non-default initial_desc_page_size of 64, due to a small transfer size (16)
[2025-10-09 20:22:03.837] [258506] [HailoRT] [info] [internal_buffer_manager.cpp:75] [print_execution_results] Default Internal buffer planner failed to meet requirements
[2025-10-09 20:22:03.837] [258506] [HailoRT] [info] [internal_buffer_manager.cpp:86] [print_execution_results] Default Internal buffer planner executed successfully
[2025-10-09 20:22:03.852] [258506] [HailoRT] [info] [device_internal.cpp:57] [configure] Configuring HEF took 22.522413 milliseconds
[2025-10-09 20:22:03.853] [258506] [HailoRT] [info] [vdevice.cpp:780] [configure] Configuring HEF on VDevice took 22.912285 milliseconds
[2025-10-09 20:22:03.854] [258506] [HailoRT] [info] [core_op.cpp:156] [activate] Activating skillcheck_mobilenetv4_conv_small_620x420 took 0.465169 milliseconds. Note that the function is asynchronous and thus the network is not fully activated yet.
[2025-10-09 20:22:03.854] [258506] [HailoRT] [info] [core_op.cpp:156] [activate] Activating skillcheck_mobilenetv4_conv_small_620x420 took 0.486558 milliseconds. Note that the function is asynchronous and thus the network is not fully activated yet.
[2025-10-09 20:22:03.854] [258506] [HailoRT] [info] [edge_elements.cpp:52] [create] Created (HwWriteEl13skillcheck_mobilenetv4_conv_small_620x420/input_layer1 | hw_frame_size: 781200)
[2025-10-09 20:22:03.854] [258506] [HailoRT] [info] [vstream.cpp:754] [InputVStreamImpl] Creating skillcheck_mobilenetv4_conv_small_620x420/input_layer1...
[2025-10-09 20:22:03.854] [258506] [HailoRT] [info] [vstream_builder.cpp:102] [create_inputs] Input pipeline 'skillcheck_mobilenetv4_conv_small_620x420/input_layer1': (HwWriteEl13skillcheck_mobilenetv4_conv_small_620x420/input_layer1 | hw_frame_size: 781200) >> HW
[2025-10-09 20:22:03.854] [258506] [HailoRT] [info] [edge_elements.cpp:287] [create] Created (HwReadEl12skillcheck_mobilenetv4_conv_small_620x420/conv34 | hw_frame_size: 16)
[2025-10-09 20:22:03.854] [258506] [HailoRT] [info] [queue_elements.cpp:657] [create] Created (PullQEl_hw_read12skillcheck_mobilenetv4_conv_small_620x420/conv34)
[2025-10-09 20:22:03.854] [258506] [HailoRT] [info] [filter_elements.cpp:372] [create] Created (PostInferEl12skillcheck_mobilenetv4_conv_small_620x420/conv34 | Quantization - src_type: UINT8, dst_type FLOAT32, limvals_min: -4.14487, limvals_max: 4.11249 | Reorder - src_order: FCR, src_shape: (1, 1, 16), dst_order: FCR, dst_shape: (1, 1, 11) | Padding Periph shape - src_shape: (1, 1, 16), dst_shape: (1, 1, 11))
[2025-10-09 20:22:03.854] [258506] [HailoRT] [info] [queue_elements.cpp:800] [create] Created (UserBuffQEl12skillcheck_mobilenetv4_conv_small_620x420/conv34 | timeout: 10s)
[2025-10-09 20:22:03.854] [258506] [HailoRT] [info] [vstream.cpp:1114] [OutputVStreamImpl] Creating skillcheck_mobilenetv4_conv_small_620x420/conv34...
[2025-10-09 20:22:03.854] [258506] [HailoRT] [info] [vstream_builder.cpp:220] [create_outputs] Output pipeline 'skillcheck_mobilenetv4_conv_small_620x420/conv34': HW >> (HwReadEl12skillcheck_mobilenetv4_conv_small_620x420/conv34 | hw_frame_size: 16) >> (PullQEl_hw_read12skillcheck_mobilenetv4_conv_small_620x420/conv34) >> (PostInferEl12skillcheck_mobilenetv4_conv_small_620x420/conv34 | Quantization - src_type: UINT8, dst_type FLOAT32, limvals_min: -4.14487, limvals_max: 4.11249 | Reorder - src_order: FCR, src_shape: (1, 1, 16), dst_order: FCR, dst_shape: (1, 1, 11) | Padding Periph shape - src_shape: (1, 1, 16), dst_shape: (1, 1, 11)) >> (UserBuffQEl12skillcheck_mobilenetv4_conv_small_620x420/conv34 | timeout: 10s)
[2025-10-09 20:22:57.853] [282819] [HailoRT] [info] [queue_elements.cpp:855] [run_in_thread] Shutdown event was signaled in dequeue of UserBuffQEl12skillcheck_mobilenetv4_conv_small_620x420/conv34!
[2025-10-09 20:22:57.853] [282818] [HailoRT] [info] [vdevice_native_stream.cpp:331] [read_impl] Failed read from stream HAILO_STREAM_ABORT(63) (device: 0001:01:00.0)
[2025-10-09 20:22:57.853] [282818] [HailoRT] [info] [edge_elements.cpp:396] [run_pull] Reading from stream was aborted!
[2025-10-09 20:22:57.853] [282818] [HailoRT] [info] [queue_elements.cpp:738] [run_in_thread] run_pull of queue element PullQEl_hw_read12skillcheck_mobilenetv4_conv_small_620x420/conv34 was aborted!
[2025-10-09 20:22:57.853] [282818] [HailoRT] [info] [queue_elements.cpp:68] [operator()] Thread in element PullQEl_hw_read12skillcheck_mobilenetv4_conv_small_620x420/conv34 is not running anymore, exiting..
[2025-10-09 20:22:57.853] [258500] [HailoRT] [info] [queue_elements.cpp:46] [~BaseQueueElement] Queue element PullQEl_hw_read12skillcheck_mobilenetv4_conv_small_620x420/conv34 has 0 frames in his Queue on destruction
[2025-10-09 20:22:57.853] [282819] [HailoRT] [info] [queue_elements.cpp:68] [operator()] Thread in element UserBuffQEl12skillcheck_mobilenetv4_conv_small_620x420/conv34 is not running anymore, exiting..
[2025-10-09 20:22:57.853] [258500] [HailoRT] [info] [queue_elements.cpp:46] [~BaseQueueElement] Queue element UserBuffQEl12skillcheck_mobilenetv4_conv_small_620x420/conv34 has 0 frames in his Queue on destruction
[2025-10-09 20:22:57.853] [258500] [HailoRT] [info] [core_op.cpp:186] [deactivate] Deactivating took 0.372854 ms
[2025-10-09 20:22:57.853] [258500] [HailoRT] [info] [core_op.cpp:186] [deactivate] Deactivating took 0.381095 ms
[2025-10-09 20:23:03.824] [258506] [HailoRT] [info] [hef.cpp:1994] [get_network_group_and_network_name] No name was given. Addressing all networks of default network_group: skillcheck_mobilenetv4_conv_small_620x420
[2025-10-09 20:23:03.824] [258506] [HailoRT] [info] [hef.cpp:1994] [get_network_group_and_network_name] No name was given. Addressing all networks of default network_group: skillcheck_mobilenetv4_conv_small_620x420
[2025-10-09 20:23:03.997] [258506] [HailoRT] [info] [vdevice.cpp:535] [create] Creating vdevice with params: device_count: 1, scheduling_algorithm: NONE, multi_process_service: false
[2025-10-09 20:23:04.010] [258506] [HailoRT] [info] [device.cpp:51] [Device] OS Version: Linux 6.12.47+rpt-rpi-2712 #1 SMP PREEMPT Debian 1:6.12.47-1+rpt1~bookworm (2025-09-16) aarch64
[2025-10-09 20:23:04.010] [258506] [HailoRT] [info] [control.cpp:113] [control__parse_identify_results] firmware_version is: 4.23.0
[2025-10-09 20:23:04.011] [258506] [HailoRT] [info] [vdevice.cpp:682] [create] VDevice Infos: 0001:01:00.0
[2025-10-09 20:23:04.017] [258506] [HailoRT] [info] [buffer_requirements.cpp:198] [find_initial_desc_page_size] Using non-default initial_desc_page_size of 64, due to a small transfer size (16)
[2025-10-09 20:23:04.017] [258506] [HailoRT] [info] [internal_buffer_manager.cpp:75] [print_execution_results] Default Internal buffer planner failed to meet requirements
[2025-10-09 20:23:04.017] [258506] [HailoRT] [info] [internal_buffer_manager.cpp:86] [print_execution_results] Default Internal buffer planner executed successfully
[2025-10-09 20:23:04.030] [258506] [HailoRT] [info] [device_internal.cpp:57] [configure] Configuring HEF took 18.11452 milliseconds
[2025-10-09 20:23:04.030] [258506] [HailoRT] [info] [vdevice.cpp:780] [configure] Configuring HEF on VDevice took 18.46254 milliseconds
[2025-10-09 20:23:04.034] [258506] [HailoRT] [info] [core_op.cpp:156] [activate] Activating skillcheck_mobilenetv4_conv_small_620x420 took 0.221168 milliseconds. Note that the function is asynchronous and thus the network is not fully activated yet.
[2025-10-09 20:23:04.034] [258506] [HailoRT] [info] [core_op.cpp:156] [activate] Activating skillcheck_mobilenetv4_conv_small_620x420 took 0.247668 milliseconds. Note that the function is asynchronous and thus the network is not fully activated yet.
[2025-10-09 20:23:04.035] [258506] [HailoRT] [info] [edge_elements.cpp:52] [create] Created (HwWriteEl13skillcheck_mobilenetv4_conv_small_620x420/input_layer1 | hw_frame_size: 781200)
[2025-10-09 20:23:04.035] [258506] [HailoRT] [info] [vstream.cpp:754] [InputVStreamImpl] Creating skillcheck_mobilenetv4_conv_small_620x420/input_layer1...
[2025-10-09 20:23:04.035] [258506] [HailoRT] [info] [vstream_builder.cpp:102] [create_inputs] Input pipeline 'skillcheck_mobilenetv4_conv_small_620x420/input_layer1': (HwWriteEl13skillcheck_mobilenetv4_conv_small_620x420/input_layer1 | hw_frame_size: 781200) >> HW
[2025-10-09 20:23:04.035] [258506] [HailoRT] [info] [edge_elements.cpp:287] [create] Created (HwReadEl12skillcheck_mobilenetv4_conv_small_620x420/conv34 | hw_frame_size: 16)
[2025-10-09 20:23:04.035] [258506] [HailoRT] [info] [queue_elements.cpp:657] [create] Created (PullQEl_hw_read12skillcheck_mobilenetv4_conv_small_620x420/conv34)
[2025-10-09 20:23:04.035] [258506] [HailoRT] [info] [filter_elements.cpp:372] [create] Created (PostInferEl12skillcheck_mobilenetv4_conv_small_620x420/conv34 | Quantization - src_type: UINT8, dst_type FLOAT32, limvals_min: -4.14487, limvals_max: 4.11249 | Reorder - src_order: FCR, src_shape: (1, 1, 16), dst_order: FCR, dst_shape: (1, 1, 11) | Padding Periph shape - src_shape: (1, 1, 16), dst_shape: (1, 1, 11))
[2025-10-09 20:23:04.036] [258506] [HailoRT] [info] [queue_elements.cpp:800] [create] Created (UserBuffQEl12skillcheck_mobilenetv4_conv_small_620x420/conv34 | timeout: 10s)
[2025-10-09 20:23:04.036] [258506] [HailoRT] [info] [vstream.cpp:1114] [OutputVStreamImpl] Creating skillcheck_mobilenetv4_conv_small_620x420/conv34...
[2025-10-09 20:23:04.036] [258506] [HailoRT] [info] [vstream_builder.cpp:220] [create_outputs] Output pipeline 'skillcheck_mobilenetv4_conv_small_620x420/conv34': HW >> (HwReadEl12skillcheck_mobilenetv4_conv_small_620x420/conv34 | hw_frame_size: 16) >> (PullQEl_hw_read12skillcheck_mobilenetv4_conv_small_620x420/conv34) >> (PostInferEl12skillcheck_mobilenetv4_conv_small_620x420/conv34 | Quantization - src_type: UINT8, dst_type FLOAT32, limvals_min: -4.14487, limvals_max: 4.11249 | Reorder - src_order: FCR, src_shape: (1, 1, 16), dst_order: FCR, dst_shape: (1, 1, 11) | Padding Periph shape - src_shape: (1, 1, 16), dst_shape: (1, 1, 11)) >> (UserBuffQEl12skillcheck_mobilenetv4_conv_small_620x420/conv34 | timeout: 10s)
[2025-10-09 21:54:03.086] [289081] [HailoRT] [info] [queue_elements.cpp:855] [run_in_thread] Shutdown event was signaled in dequeue of UserBuffQEl12skillcheck_mobilenetv4_conv_small_620x420/conv34!
[2025-10-09 21:54:03.086] [289080] [HailoRT] [info] [vdevice_native_stream.cpp:331] [read_impl] Failed read from stream HAILO_STREAM_ABORT(63) (device: 0001:01:00.0)
[2025-10-09 21:54:03.086] [289080] [HailoRT] [info] [edge_elements.cpp:396] [run_pull] Reading from stream was aborted!
[2025-10-09 21:54:03.086] [289080] [HailoRT] [info] [queue_elements.cpp:738] [run_in_thread] run_pull of queue element PullQEl_hw_read12skillcheck_mobilenetv4_conv_small_620x420/conv34 was aborted!
[2025-10-09 21:54:03.086] [289080] [HailoRT] [info] [queue_elements.cpp:68] [operator()] Thread in element PullQEl_hw_read12skillcheck_mobilenetv4_conv_small_620x420/conv34 is not running anymore, exiting..
[2025-10-09 21:54:03.086] [258500] [HailoRT] [info] [queue_elements.cpp:46] [~BaseQueueElement] Queue element PullQEl_hw_read12skillcheck_mobilenetv4_conv_small_620x420/conv34 has 0 frames in his Queue on destruction
[2025-10-09 21:54:03.086] [289081] [HailoRT] [info] [queue_elements.cpp:68] [operator()] Thread in element UserBuffQEl12skillcheck_mobilenetv4_conv_small_620x420/conv34 is not running anymore, exiting..
[2025-10-09 21:54:03.086] [258500] [HailoRT] [info] [queue_elements.cpp:46] [~BaseQueueElement] Queue element UserBuffQEl12skillcheck_mobilenetv4_conv_small_620x420/conv34 has 0 frames in his Queue on destruction
[2025-10-09 21:54:03.087] [258500] [HailoRT] [info] [core_op.cpp:186] [deactivate] Deactivating took 0.37219 ms
[2025-10-09 21:54:03.087] [258500] [HailoRT] [info] [core_op.cpp:186] [deactivate] Deactivating took 0.380856 ms
[2025-10-09 22:06:40.359] [969828] [HailoRT] [info] [hef.cpp:1994] [get_network_group_and_network_name] No name was given. Addressing all networks of default network_group: skillcheck_mobilenetv4_conv_small_620x420
[2025-10-09 22:06:40.359] [969828] [HailoRT] [info] [hef.cpp:1994] [get_network_group_and_network_name] No name was given. Addressing all networks of default network_group: skillcheck_mobilenetv4_conv_small_620x420
[2025-10-09 22:06:40.662] [969828] [HailoRT] [info] [vdevice.cpp:535] [create] Creating vdevice with params: device_count: 1, scheduling_algorithm: NONE, multi_process_service: false
[2025-10-09 22:06:40.674] [969828] [HailoRT] [info] [device.cpp:51] [Device] OS Version: Linux 6.12.47+rpt-rpi-2712 #1 SMP PREEMPT Debian 1:6.12.47-1+rpt1~bookworm (2025-09-16) aarch64
[2025-10-09 22:06:40.674] [969828] [HailoRT] [info] [control.cpp:113] [control__parse_identify_results] firmware_version is: 4.23.0
[2025-10-09 22:06:40.674] [969828] [HailoRT] [info] [vdevice.cpp:682] [create] VDevice Infos: 0001:01:00.0
[2025-10-09 22:06:40.681] [969828] [HailoRT] [info] [buffer_requirements.cpp:198] [find_initial_desc_page_size] Using non-default initial_desc_page_size of 64, due to a small transfer size (16)
[2025-10-09 22:06:40.681] [969828] [HailoRT] [info] [internal_buffer_manager.cpp:75] [print_execution_results] Default Internal buffer planner failed to meet requirements
[2025-10-09 22:06:40.681] [969828] [HailoRT] [info] [internal_buffer_manager.cpp:86] [print_execution_results] Default Internal buffer planner executed successfully
[2025-10-09 22:06:40.695] [969828] [HailoRT] [info] [device_internal.cpp:57] [configure] Configuring HEF took 19.680151 milliseconds
[2025-10-09 22:06:40.695] [969828] [HailoRT] [info] [vdevice.cpp:780] [configure] Configuring HEF on VDevice took 20.400122 milliseconds
[2025-10-09 22:06:40.696] [969828] [HailoRT] [info] [core_op.cpp:156] [activate] Activating skillcheck_mobilenetv4_conv_small_620x420 took 0.378597 milliseconds. Note that the function is asynchronous and thus the network is not fully activated yet.
[2025-10-09 22:06:40.696] [969828] [HailoRT] [info] [core_op.cpp:156] [activate] Activating skillcheck_mobilenetv4_conv_small_620x420 took 0.396874 milliseconds. Note that the function is asynchronous and thus the network is not fully activated yet.
[2025-10-09 22:06:40.696] [969828] [HailoRT] [info] [edge_elements.cpp:52] [create] Created (HwWriteEl13skillcheck_mobilenetv4_conv_small_620x420/input_layer1 | hw_frame_size: 781200)
[2025-10-09 22:06:40.696] [969828] [HailoRT] [info] [vstream.cpp:754] [InputVStreamImpl] Creating skillcheck_mobilenetv4_conv_small_620x420/input_layer1...
[2025-10-09 22:06:40.696] [969828] [HailoRT] [info] [vstream_builder.cpp:102] [create_inputs] Input pipeline 'skillcheck_mobilenetv4_conv_small_620x420/input_layer1': (HwWriteEl13skillcheck_mobilenetv4_conv_small_620x420/input_layer1 | hw_frame_size: 781200) >> HW
[2025-10-09 22:06:40.696] [969828] [HailoRT] [info] [edge_elements.cpp:287] [create] Created (HwReadEl12skillcheck_mobilenetv4_conv_small_620x420/conv34 | hw_frame_size: 16)
[2025-10-09 22:06:40.696] [969828] [HailoRT] [info] [queue_elements.cpp:657] [create] Created (PullQEl_hw_read12skillcheck_mobilenetv4_conv_small_620x420/conv34)
[2025-10-09 22:06:40.696] [969828] [HailoRT] [info] [filter_elements.cpp:372] [create] Created (PostInferEl12skillcheck_mobilenetv4_conv_small_620x420/conv34 | Quantization - src_type: UINT8, dst_type FLOAT32, limvals_min: -4.14487, limvals_max: 4.11249 | Reorder - src_order: FCR, src_shape: (1, 1, 16), dst_order: FCR, dst_shape: (1, 1, 11) | Padding Periph shape - src_shape: (1, 1, 16), dst_shape: (1, 1, 11))
[2025-10-09 22:06:40.697] [969828] [HailoRT] [info] [queue_elements.cpp:800] [create] Created (UserBuffQEl12skillcheck_mobilenetv4_conv_small_620x420/conv34 | timeout: 10s)
[2025-10-09 22:06:40.697] [969828] [HailoRT] [info] [vstream.cpp:1114] [OutputVStreamImpl] Creating skillcheck_mobilenetv4_conv_small_620x420/conv34...
[2025-10-09 22:06:40.697] [969828] [HailoRT] [info] [vstream_builder.cpp:220] [create_outputs] Output pipeline 'skillcheck_mobilenetv4_conv_small_620x420/conv34': HW >> (HwReadEl12skillcheck_mobilenetv4_conv_small_620x420/conv34 | hw_frame_size: 16) >> (PullQEl_hw_read12skillcheck_mobilenetv4_conv_small_620x420/conv34) >> (PostInferEl12skillcheck_mobilenetv4_conv_small_620x420/conv34 | Quantization - src_type: UINT8, dst_type FLOAT32, limvals_min: -4.14487, limvals_max: 4.11249 | Reorder - src_order: FCR, src_shape: (1, 1, 16), dst_order: FCR, dst_shape: (1, 1, 11) | Padding Periph shape - src_shape: (1, 1, 16), dst_shape: (1, 1, 11)) >> (UserBuffQEl12skillcheck_mobilenetv4_conv_small_620x420/conv34 | timeout: 10s)
[2025-10-09 22:17:05.772] [969836] [HailoRT] [info] [vdevice_native_stream.cpp:331] [read_impl] Failed read from stream HAILO_STREAM_ABORT(63) (device: 0001:01:00.0)
[2025-10-09 22:17:05.772] [969836] [HailoRT] [info] [edge_elements.cpp:396] [run_pull] Reading from stream was aborted!
[2025-10-09 22:17:05.772] [969837] [HailoRT] [info] [queue_elements.cpp:855] [run_in_thread] Shutdown event was signaled in dequeue of UserBuffQEl12skillcheck_mobilenetv4_conv_small_620x420/conv34!
[2025-10-09 22:17:05.772] [969836] [HailoRT] [info] [queue_elements.cpp:738] [run_in_thread] run_pull of queue element PullQEl_hw_read12skillcheck_mobilenetv4_conv_small_620x420/conv34 was aborted!
[2025-10-09 22:17:05.772] [969836] [HailoRT] [info] [queue_elements.cpp:68] [operator()] Thread in element PullQEl_hw_read12skillcheck_mobilenetv4_conv_small_620x420/conv34 is not running anymore, exiting..
[2025-10-09 22:17:05.773] [258500] [HailoRT] [info] [queue_elements.cpp:46] [~BaseQueueElement] Queue element PullQEl_hw_read12skillcheck_mobilenetv4_conv_small_620x420/conv34 has 0 frames in his Queue on destruction
[2025-10-09 22:17:05.773] [969837] [HailoRT] [info] [queue_elements.cpp:68] [operator()] Thread in element UserBuffQEl12skillcheck_mobilenetv4_conv_small_620x420/conv34 is not running anymore, exiting..
[2025-10-09 22:17:05.773] [258500] [HailoRT] [info] [queue_elements.cpp:46] [~BaseQueueElement] Queue element UserBuffQEl12skillcheck_mobilenetv4_conv_small_620x420/conv34 has 0 frames in his Queue on destruction
[2025-10-09 22:17:05.773] [258500] [HailoRT] [info] [core_op.cpp:186] [deactivate] Deactivating took 0.578098 ms
[2025-10-09 22:17:05.773] [258500] [HailoRT] [info] [core_op.cpp:186] [deactivate] Deactivating took 0.607876 ms
[2025-10-09 23:05:19.530] [1046917] [HailoRT] [info] [hef.cpp:1994] [get_network_group_and_network_name] No name was given. Addressing all networks of default network_group: skillcheck_mobilenetv4_conv_small_620x420
[2025-10-09 23:05:19.530] [1046917] [HailoRT] [info] [hef.cpp:1994] [get_network_group_and_network_name] No name was given. Addressing all networks of default network_group: skillcheck_mobilenetv4_conv_small_620x420
[2025-10-09 23:05:19.830] [1046917] [HailoRT] [info] [vdevice.cpp:535] [create] Creating vdevice with params: device_count: 1, scheduling_algorithm: NONE, multi_process_service: false
[2025-10-09 23:05:19.842] [1046917] [HailoRT] [info] [device.cpp:51] [Device] OS Version: Linux 6.12.47+rpt-rpi-2712 #1 SMP PREEMPT Debian 1:6.12.47-1+rpt1~bookworm (2025-09-16) aarch64
[2025-10-09 23:05:19.842] [1046917] [HailoRT] [info] [control.cpp:113] [control__parse_identify_results] firmware_version is: 4.23.0
[2025-10-09 23:05:19.842] [1046917] [HailoRT] [info] [vdevice.cpp:682] [create] VDevice Infos: 0001:01:00.0
[2025-10-09 23:05:19.848] [1046917] [HailoRT] [info] [buffer_requirements.cpp:198] [find_initial_desc_page_size] Using non-default initial_desc_page_size of 64, due to a small transfer size (16)
[2025-10-09 23:05:19.849] [1046917] [HailoRT] [info] [internal_buffer_manager.cpp:75] [print_execution_results] Default Internal buffer planner failed to meet requirements
[2025-10-09 23:05:19.849] [1046917] [HailoRT] [info] [internal_buffer_manager.cpp:86] [print_execution_results] Default Internal buffer planner executed successfully
[2025-10-09 23:05:19.859] [1046917] [HailoRT] [info] [device_internal.cpp:57] [configure] Configuring HEF took 15.971144 milliseconds
[2025-10-09 23:05:19.859] [1046917] [HailoRT] [info] [vdevice.cpp:780] [configure] Configuring HEF on VDevice took 16.292572 milliseconds
[2025-10-09 23:05:19.860] [1046917] [HailoRT] [info] [core_op.cpp:156] [activate] Activating skillcheck_mobilenetv4_conv_small_620x420 took 0.187815 milliseconds. Note that the function is asynchronous and thus the network is not fully activated yet.
[2025-10-09 23:05:19.860] [1046917] [HailoRT] [info] [core_op.cpp:156] [activate] Activating skillcheck_mobilenetv4_conv_small_620x420 took 0.195539 milliseconds. Note that the function is asynchronous and thus the network is not fully activated yet.
[2025-10-09 23:05:19.860] [1046917] [HailoRT] [info] [edge_elements.cpp:52] [create] Created (HwWriteEl13skillcheck_mobilenetv4_conv_small_620x420/input_layer1 | hw_frame_size: 781200)
[2025-10-09 23:05:19.860] [1046917] [HailoRT] [info] [vstream.cpp:754] [InputVStreamImpl] Creating skillcheck_mobilenetv4_conv_small_620x420/input_layer1...
[2025-10-09 23:05:19.860] [1046917] [HailoRT] [info] [vstream_builder.cpp:102] [create_inputs] Input pipeline 'skillcheck_mobilenetv4_conv_small_620x420/input_layer1': (HwWriteEl13skillcheck_mobilenetv4_conv_small_620x420/input_layer1 | hw_frame_size: 781200) >> HW
[2025-10-09 23:05:19.860] [1046917] [HailoRT] [info] [edge_elements.cpp:287] [create] Created (HwReadEl12skillcheck_mobilenetv4_conv_small_620x420/conv34 | hw_frame_size: 16)
[2025-10-09 23:05:19.860] [1046917] [HailoRT] [info] [queue_elements.cpp:657] [create] Created (PullQEl_hw_read12skillcheck_mobilenetv4_conv_small_620x420/conv34)
[2025-10-09 23:05:19.860] [1046917] [HailoRT] [info] [filter_elements.cpp:372] [create] Created (PostInferEl12skillcheck_mobilenetv4_conv_small_620x420/conv34 | Quantization - src_type: UINT8, dst_type FLOAT32, limvals_min: -4.14487, limvals_max: 4.11249 | Reorder - src_order: FCR, src_shape: (1, 1, 16), dst_order: FCR, dst_shape: (1, 1, 11) | Padding Periph shape - src_shape: (1, 1, 16), dst_shape: (1, 1, 11))
[2025-10-09 23:05:19.860] [1046917] [HailoRT] [info] [queue_elements.cpp:800] [create] Created (UserBuffQEl12skillcheck_mobilenetv4_conv_small_620x420/conv34 | timeout: 10s)
[2025-10-09 23:05:19.860] [1046917] [HailoRT] [info] [vstream.cpp:1114] [OutputVStreamImpl] Creating skillcheck_mobilenetv4_conv_small_620x420/conv34...
[2025-10-09 23:05:19.860] [1046917] [HailoRT] [info] [vstream_builder.cpp:220] [create_outputs] Output pipeline 'skillcheck_mobilenetv4_conv_small_620x420/conv34': HW >> (HwReadEl12skillcheck_mobilenetv4_conv_small_620x420/conv34 | hw_frame_size: 16) >> (PullQEl_hw_read12skillcheck_mobilenetv4_conv_small_620x420/conv34) >> (PostInferEl12skillcheck_mobilenetv4_conv_small_620x420/conv34 | Quantization - src_type: UINT8, dst_type FLOAT32, limvals_min: -4.14487, limvals_max: 4.11249 | Reorder - src_order: FCR, src_shape: (1, 1, 16), dst_order: FCR, dst_shape: (1, 1, 11) | Padding Periph shape - src_shape: (1, 1, 16), dst_shape: (1, 1, 11)) >> (UserBuffQEl12skillcheck_mobilenetv4_conv_small_620x420/conv34 | timeout: 10s)
[2025-10-10 00:22:50.709] [1046926] [HailoRT] [info] [vdevice_native_stream.cpp:331] [read_impl] Failed read from stream HAILO_STREAM_ABORT(63) (device: 0001:01:00.0)
[2025-10-10 00:22:50.709] [1046926] [HailoRT] [info] [edge_elements.cpp:396] [run_pull] Reading from stream was aborted!
[2025-10-10 00:22:50.709] [1046927] [HailoRT] [info] [queue_elements.cpp:855] [run_in_thread] Shutdown event was signaled in dequeue of UserBuffQEl12skillcheck_mobilenetv4_conv_small_620x420/conv34!
[2025-10-10 00:22:50.709] [1046926] [HailoRT] [info] [queue_elements.cpp:738] [run_in_thread] run_pull of queue element PullQEl_hw_read12skillcheck_mobilenetv4_conv_small_620x420/conv34 was aborted!
[2025-10-10 00:22:50.709] [1046926] [HailoRT] [info] [queue_elements.cpp:68] [operator()] Thread in element PullQEl_hw_read12skillcheck_mobilenetv4_conv_small_620x420/conv34 is not running anymore, exiting..
[2025-10-10 00:22:50.709] [258500] [HailoRT] [info] [queue_elements.cpp:46] [~BaseQueueElement] Queue element PullQEl_hw_read12skillcheck_mobilenetv4_conv_small_620x420/conv34 has 0 frames in his Queue on destruction
[2025-10-10 00:22:50.709] [1046927] [HailoRT] [info] [queue_elements.cpp:68] [operator()] Thread in element UserBuffQEl12skillcheck_mobilenetv4_conv_small_620x420/conv34 is not running anymore, exiting..
[2025-10-10 00:22:50.709] [258500] [HailoRT] [info] [queue_elements.cpp:46] [~BaseQueueElement] Queue element UserBuffQEl12skillcheck_mobilenetv4_conv_small_620x420/conv34 has 0 frames in his Queue on destruction
[2025-10-10 00:22:50.710] [258500] [HailoRT] [info] [core_op.cpp:186] [deactivate] Deactivating took 0.38606 ms
[2025-10-10 00:22:50.710] [258500] [HailoRT] [info] [core_op.cpp:186] [deactivate] Deactivating took 0.394986 ms
[2025-10-10 19:18:19.162] [1622216] [HailoRT] [info] [hef.cpp:1994] [get_network_group_and_network_name] No name was given. Addressing all networks of default network_group: skillcheck_mobilenetv4_conv_small_620x420
[2025-10-10 19:18:19.162] [1622216] [HailoRT] [info] [hef.cpp:1994] [get_network_group_and_network_name] No name was given. Addressing all networks of default network_group: skillcheck_mobilenetv4_conv_small_620x420
[2025-10-10 19:18:19.392] [1622216] [HailoRT] [info] [vdevice.cpp:535] [create] Creating vdevice with params: device_count: 1, scheduling_algorithm: NONE, multi_process_service: false
[2025-10-10 19:18:19.405] [1622216] [HailoRT] [info] [device.cpp:51] [Device] OS Version: Linux 6.12.47+rpt-rpi-2712 #1 SMP PREEMPT Debian 1:6.12.47-1+rpt1~bookworm (2025-09-16) aarch64
[2025-10-10 19:18:19.405] [1622216] [HailoRT] [info] [control.cpp:113] [control__parse_identify_results] firmware_version is: 4.23.0
[2025-10-10 19:18:19.405] [1622216] [HailoRT] [info] [vdevice.cpp:682] [create] VDevice Infos: 0001:01:00.0
[2025-10-10 19:18:19.411] [1622216] [HailoRT] [info] [buffer_requirements.cpp:198] [find_initial_desc_page_size] Using non-default initial_desc_page_size of 64, due to a small transfer size (16)
[2025-10-10 19:18:19.411] [1622216] [HailoRT] [info] [internal_buffer_manager.cpp:75] [print_execution_results] Default Internal buffer planner failed to meet requirements
[2025-10-10 19:18:19.411] [1622216] [HailoRT] [info] [internal_buffer_manager.cpp:86] [print_execution_results] Default Internal buffer planner executed successfully
[2025-10-10 19:18:19.423] [1622216] [HailoRT] [info] [device_internal.cpp:57] [configure] Configuring HEF took 17.82174 milliseconds
[2025-10-10 19:18:19.423] [1622216] [HailoRT] [info] [vdevice.cpp:780] [configure] Configuring HEF on VDevice took 18.158371 milliseconds
[2025-10-10 19:18:19.424] [1622216] [HailoRT] [info] [core_op.cpp:156] [activate] Activating skillcheck_mobilenetv4_conv_small_620x420 took 0.201334 milliseconds. Note that the function is asynchronous and thus the network is not fully activated yet.
[2025-10-10 19:18:19.424] [1622216] [HailoRT] [info] [core_op.cpp:156] [activate] Activating skillcheck_mobilenetv4_conv_small_620x420 took 0.225019 milliseconds. Note that the function is asynchronous and thus the network is not fully activated yet.
[2025-10-10 19:18:19.424] [1622216] [HailoRT] [info] [edge_elements.cpp:52] [create] Created (HwWriteEl13skillcheck_mobilenetv4_conv_small_620x420/input_layer1 | hw_frame_size: 781200)
[2025-10-10 19:18:19.424] [1622216] [HailoRT] [info] [vstream.cpp:754] [InputVStreamImpl] Creating skillcheck_mobilenetv4_conv_small_620x420/input_layer1...
[2025-10-10 19:18:19.424] [1622216] [HailoRT] [info] [vstream_builder.cpp:102] [create_inputs] Input pipeline 'skillcheck_mobilenetv4_conv_small_620x420/input_layer1': (HwWriteEl13skillcheck_mobilenetv4_conv_small_620x420/input_layer1 | hw_frame_size: 781200) >> HW
[2025-10-10 19:18:19.424] [1622216] [HailoRT] [info] [edge_elements.cpp:287] [create] Created (HwReadEl12skillcheck_mobilenetv4_conv_small_620x420/conv34 | hw_frame_size: 16)
[2025-10-10 19:18:19.424] [1622216] [HailoRT] [info] [queue_elements.cpp:657] [create] Created (PullQEl_hw_read12skillcheck_mobilenetv4_conv_small_620x420/conv34)
[2025-10-10 19:18:19.424] [1622216] [HailoRT] [info] [filter_elements.cpp:372] [create] Created (PostInferEl12skillcheck_mobilenetv4_conv_small_620x420/conv34 | Quantization - src_type: UINT8, dst_type FLOAT32, limvals_min: -4.14487, limvals_max: 4.11249 | Reorder - src_order: FCR, src_shape: (1, 1, 16), dst_order: FCR, dst_shape: (1, 1, 11) | Padding Periph shape - src_shape: (1, 1, 16), dst_shape: (1, 1, 11))
[2025-10-10 19:18:19.424] [1622216] [HailoRT] [info] [queue_elements.cpp:800] [create] Created (UserBuffQEl12skillcheck_mobilenetv4_conv_small_620x420/conv34 | timeout: 10s)
[2025-10-10 19:18:19.425] [1622216] [HailoRT] [info] [vstream.cpp:1114] [OutputVStreamImpl] Creating skillcheck_mobilenetv4_conv_small_620x420/conv34...
[2025-10-10 19:18:19.428] [1622216] [HailoRT] [info] [vstream_builder.cpp:220] [create_outputs] Output pipeline 'skillcheck_mobilenetv4_conv_small_620x420/conv34': HW >> (HwReadEl12skillcheck_mobilenetv4_conv_small_620x420/conv34 | hw_frame_size: 16) >> (PullQEl_hw_read12skillcheck_mobilenetv4_conv_small_620x420/conv34) >> (PostInferEl12skillcheck_mobilenetv4_conv_small_620x420/conv34 | Quantization - src_type: UINT8, dst_type FLOAT32, limvals_min: -4.14487, limvals_max: 4.11249 | Reorder - src_order: FCR, src_shape: (1, 1, 16), dst_order: FCR, dst_shape: (1, 1, 11) | Padding Periph shape - src_shape: (1, 1, 16), dst_shape: (1, 1, 11)) >> (UserBuffQEl12skillcheck_mobilenetv4_conv_small_620x420/conv34 | timeout: 10s)
[2025-10-10 19:20:31.045] [1622361] [HailoRT] [info] [vdevice_native_stream.cpp:331] [read_impl] Failed read from stream HAILO_STREAM_ABORT(63) (device: 0001:01:00.0)
[2025-10-10 19:20:31.045] [1622361] [HailoRT] [info] [edge_elements.cpp:396] [run_pull] Reading from stream was aborted!
[2025-10-10 19:20:31.045] [1622361] [HailoRT] [info] [queue_elements.cpp:738] [run_in_thread] run_pull of queue element PullQEl_hw_read12skillcheck_mobilenetv4_conv_small_620x420/conv34 was aborted!
[2025-10-10 19:20:31.045] [1622362] [HailoRT] [info] [queue_elements.cpp:855] [run_in_thread] Shutdown event was signaled in dequeue of UserBuffQEl12skillcheck_mobilenetv4_conv_small_620x420/conv34!
[2025-10-10 19:20:31.046] [1622361] [HailoRT] [info] [queue_elements.cpp:68] [operator()] Thread in element PullQEl_hw_read12skillcheck_mobilenetv4_conv_small_620x420/conv34 is not running anymore, exiting..
[2025-10-10 19:20:31.046] [1622210] [HailoRT] [info] [queue_elements.cpp:46] [~BaseQueueElement] Queue element PullQEl_hw_read12skillcheck_mobilenetv4_conv_small_620x420/conv34 has 0 frames in his Queue on destruction
[2025-10-10 19:20:31.046] [1622362] [HailoRT] [info] [queue_elements.cpp:68] [operator()] Thread in element UserBuffQEl12skillcheck_mobilenetv4_conv_small_620x420/conv34 is not running anymore, exiting..
[2025-10-10 19:20:31.046] [1622210] [HailoRT] [info] [queue_elements.cpp:46] [~BaseQueueElement] Queue element UserBuffQEl12skillcheck_mobilenetv4_conv_small_620x420/conv34 has 0 frames in his Queue on destruction
[2025-10-10 19:20:31.047] [1622210] [HailoRT] [info] [core_op.cpp:186] [deactivate] Deactivating took 0.416446 ms
[2025-10-10 19:20:31.047] [1622210] [HailoRT] [info] [core_op.cpp:186] [deactivate] Deactivating took 0.430428 ms
[2025-10-10 19:50:58.154] [1637281] [HailoRT] [info] [hef.cpp:1994] [get_network_group_and_network_name] No name was given. Addressing all networks of default network_group: skillcheck_mobilenetv4_conv_small_620x420
[2025-10-10 19:50:58.154] [1637281] [HailoRT] [info] [hef.cpp:1994] [get_network_group_and_network_name] No name was given. Addressing all networks of default network_group: skillcheck_mobilenetv4_conv_small_620x420
[2025-10-10 19:50:58.368] [1637281] [HailoRT] [info] [vdevice.cpp:535] [create] Creating vdevice with params: device_count: 1, scheduling_algorithm: NONE, multi_process_service: false
[2025-10-10 19:50:58.381] [1637281] [HailoRT] [info] [device.cpp:51] [Device] OS Version: Linux 6.12.47+rpt-rpi-2712 #1 SMP PREEMPT Debian 1:6.12.47-1+rpt1~bookworm (2025-09-16) aarch64
[2025-10-10 19:50:58.382] [1637281] [HailoRT] [info] [control.cpp:113] [control__parse_identify_results] firmware_version is: 4.23.0
[2025-10-10 19:50:58.382] [1637281] [HailoRT] [info] [vdevice.cpp:682] [create] VDevice Infos: 0001:01:00.0
[2025-10-10 19:50:58.388] [1637281] [HailoRT] [info] [buffer_requirements.cpp:198] [find_initial_desc_page_size] Using non-default initial_desc_page_size of 64, due to a small transfer size (16)
[2025-10-10 19:50:58.389] [1637281] [HailoRT] [info] [internal_buffer_manager.cpp:75] [print_execution_results] Default Internal buffer planner failed to meet requirements
[2025-10-10 19:50:58.389] [1637281] [HailoRT] [info] [internal_buffer_manager.cpp:86] [print_execution_results] Default Internal buffer planner executed successfully
[2025-10-10 19:50:58.411] [1637281] [HailoRT] [info] [device_internal.cpp:57] [configure] Configuring HEF took 28.947794 milliseconds
[2025-10-10 19:50:58.411] [1637281] [HailoRT] [info] [vdevice.cpp:780] [configure] Configuring HEF on VDevice took 29.29787 milliseconds
[2025-10-10 19:50:58.412] [1637281] [HailoRT] [info] [core_op.cpp:156] [activate] Activating skillcheck_mobilenetv4_conv_small_620x420 took 0.261224 milliseconds. Note that the function is asynchronous and thus the network is not fully activated yet.
[2025-10-10 19:50:58.412] [1637281] [HailoRT] [info] [core_op.cpp:156] [activate] Activating skillcheck_mobilenetv4_conv_small_620x420 took 0.310632 milliseconds. Note that the function is asynchronous and thus the network is not fully activated yet.
[2025-10-10 19:50:58.412] [1637281] [HailoRT] [info] [edge_elements.cpp:52] [create] Created (HwWriteEl13skillcheck_mobilenetv4_conv_small_620x420/input_layer1 | hw_frame_size: 781200)
[2025-10-10 19:50:58.412] [1637281] [HailoRT] [info] [vstream.cpp:754] [InputVStreamImpl] Creating skillcheck_mobilenetv4_conv_small_620x420/input_layer1...
[2025-10-10 19:50:58.412] [1637281] [HailoRT] [info] [vstream_builder.cpp:102] [create_inputs] Input pipeline 'skillcheck_mobilenetv4_conv_small_620x420/input_layer1': (HwWriteEl13skillcheck_mobilenetv4_conv_small_620x420/input_layer1 | hw_frame_size: 781200) >> HW
[2025-10-10 19:50:58.413] [1637281] [HailoRT] [info] [edge_elements.cpp:287] [create] Created (HwReadEl12skillcheck_mobilenetv4_conv_small_620x420/conv34 | hw_frame_size: 16)
[2025-10-10 19:50:58.413] [1637281] [HailoRT] [info] [queue_elements.cpp:657] [create] Created (PullQEl_hw_read12skillcheck_mobilenetv4_conv_small_620x420/conv34)
[2025-10-10 19:50:58.413] [1637281] [HailoRT] [info] [filter_elements.cpp:372] [create] Created (PostInferEl12skillcheck_mobilenetv4_conv_small_620x420/conv34 | Quantization - src_type: UINT8, dst_type FLOAT32, limvals_min: -4.14487, limvals_max: 4.11249 | Reorder - src_order: FCR, src_shape: (1, 1, 16), dst_order: FCR, dst_shape: (1, 1, 11) | Padding Periph shape - src_shape: (1, 1, 16), dst_shape: (1, 1, 11))
[2025-10-10 19:50:58.413] [1637281] [HailoRT] [info] [queue_elements.cpp:800] [create] Created (UserBuffQEl12skillcheck_mobilenetv4_conv_small_620x420/conv34 | timeout: 10s)
[2025-10-10 19:50:58.413] [1637281] [HailoRT] [info] [vstream.cpp:1114] [OutputVStreamImpl] Creating skillcheck_mobilenetv4_conv_small_620x420/conv34...
[2025-10-10 19:50:58.415] [1637281] [HailoRT] [info] [vstream_builder.cpp:220] [create_outputs] Output pipeline 'skillcheck_mobilenetv4_conv_small_620x420/conv34': HW >> (HwReadEl12skillcheck_mobilenetv4_conv_small_620x420/conv34 | hw_frame_size: 16) >> (PullQEl_hw_read12skillcheck_mobilenetv4_conv_small_620x420/conv34) >> (PostInferEl12skillcheck_mobilenetv4_conv_small_620x420/conv34 | Quantization - src_type: UINT8, dst_type FLOAT32, limvals_min: -4.14487, limvals_max: 4.11249 | Reorder - src_order: FCR, src_shape: (1, 1, 16), dst_order: FCR, dst_shape: (1, 1, 11) | Padding Periph shape - src_shape: (1, 1, 16), dst_shape: (1, 1, 11)) >> (UserBuffQEl12skillcheck_mobilenetv4_conv_small_620x420/conv34 | timeout: 10s)
[2025-10-10 19:52:17.143] [1637380] [HailoRT] [info] [vdevice_native_stream.cpp:331] [read_impl] Failed read from stream HAILO_STREAM_ABORT(63) (device: 0001:01:00.0)
[2025-10-10 19:52:17.143] [1637380] [HailoRT] [info] [edge_elements.cpp:396] [run_pull] Reading from stream was aborted!
[2025-10-10 19:52:17.143] [1637380] [HailoRT] [info] [queue_elements.cpp:738] [run_in_thread] run_pull of queue element PullQEl_hw_read12skillcheck_mobilenetv4_conv_small_620x420/conv34 was aborted!
[2025-10-10 19:52:17.143] [1637381] [HailoRT] [info] [queue_elements.cpp:855] [run_in_thread] Shutdown event was signaled in dequeue of UserBuffQEl12skillcheck_mobilenetv4_conv_small_620x420/conv34!
[2025-10-10 19:52:17.143] [1637380] [HailoRT] [info] [queue_elements.cpp:68] [operator()] Thread in element PullQEl_hw_read12skillcheck_mobilenetv4_conv_small_620x420/conv34 is not running anymore, exiting..
[2025-10-10 19:52:17.143] [1637275] [HailoRT] [info] [queue_elements.cpp:46] [~BaseQueueElement] Queue element PullQEl_hw_read12skillcheck_mobilenetv4_conv_small_620x420/conv34 has 0 frames in his Queue on destruction
[2025-10-10 19:52:17.143] [1637381] [HailoRT] [info] [queue_elements.cpp:68] [operator()] Thread in element UserBuffQEl12skillcheck_mobilenetv4_conv_small_620x420/conv34 is not running anymore, exiting..
[2025-10-10 19:52:17.143] [1637275] [HailoRT] [info] [queue_elements.cpp:46] [~BaseQueueElement] Queue element UserBuffQEl12skillcheck_mobilenetv4_conv_small_620x420/conv34 has 0 frames in his Queue on destruction
[2025-10-10 19:52:17.144] [1637275] [HailoRT] [info] [core_op.cpp:186] [deactivate] Deactivating took 0.41967 ms
[2025-10-10 19:52:17.144] [1637275] [HailoRT] [info] [core_op.cpp:186] [deactivate] Deactivating took 0.433947 ms
[2025-10-10 19:58:49.555] [1646393] [HailoRT] [info] [hef.cpp:1994] [get_network_group_and_network_name] No name was given. Addressing all networks of default network_group: skillcheck_mobilenetv4_conv_small_620x420
[2025-10-10 19:58:49.555] [1646393] [HailoRT] [info] [hef.cpp:1994] [get_network_group_and_network_name] No name was given. Addressing all networks of default network_group: skillcheck_mobilenetv4_conv_small_620x420
[2025-10-10 19:58:49.733] [1646393] [HailoRT] [info] [vdevice.cpp:535] [create] Creating vdevice with params: device_count: 1, scheduling_algorithm: NONE, multi_process_service: false
[2025-10-10 19:58:49.745] [1646393] [HailoRT] [info] [device.cpp:51] [Device] OS Version: Linux 6.12.47+rpt-rpi-2712 #1 SMP PREEMPT Debian 1:6.12.47-1+rpt1~bookworm (2025-09-16) aarch64
[2025-10-10 19:58:49.746] [1646393] [HailoRT] [info] [control.cpp:113] [control__parse_identify_results] firmware_version is: 4.23.0
[2025-10-10 19:58:49.746] [1646393] [HailoRT] [info] [vdevice.cpp:682] [create] VDevice Infos: 0001:01:00.0
[2025-10-10 19:58:49.752] [1646393] [HailoRT] [info] [buffer_requirements.cpp:198] [find_initial_desc_page_size] Using non-default initial_desc_page_size of 64, due to a small transfer size (16)
[2025-10-10 19:58:49.752] [1646393] [HailoRT] [info] [internal_buffer_manager.cpp:75] [print_execution_results] Default Internal buffer planner failed to meet requirements
[2025-10-10 19:58:49.752] [1646393] [HailoRT] [info] [internal_buffer_manager.cpp:86] [print_execution_results] Default Internal buffer planner executed successfully
[2025-10-10 19:58:49.763] [1646393] [HailoRT] [info] [device_internal.cpp:57] [configure] Configuring HEF took 16.825402 milliseconds
[2025-10-10 19:58:49.763] [1646393] [HailoRT] [info] [vdevice.cpp:780] [configure] Configuring HEF on VDevice took 17.243775 milliseconds
[2025-10-10 19:58:49.764] [1646393] [HailoRT] [info] [core_op.cpp:156] [activate] Activating skillcheck_mobilenetv4_conv_small_620x420 took 0.288168 milliseconds. Note that the function is asynchronous and thus the network is not fully activated yet.
[2025-10-10 19:58:49.764] [1646393] [HailoRT] [info] [core_op.cpp:156] [activate] Activating skillcheck_mobilenetv4_conv_small_620x420 took 0.340039 milliseconds. Note that the function is asynchronous and thus the network is not fully activated yet.
[2025-10-10 19:58:49.765] [1646393] [HailoRT] [info] [edge_elements.cpp:52] [create] Created (HwWriteEl13skillcheck_mobilenetv4_conv_small_620x420/input_layer1 | hw_frame_size: 781200)
[2025-10-10 19:58:49.765] [1646393] [HailoRT] [info] [vstream.cpp:754] [InputVStreamImpl] Creating skillcheck_mobilenetv4_conv_small_620x420/input_layer1...
[2025-10-10 19:58:49.765] [1646393] [HailoRT] [info] [vstream_builder.cpp:102] [create_inputs] Input pipeline 'skillcheck_mobilenetv4_conv_small_620x420/input_layer1': (HwWriteEl13skillcheck_mobilenetv4_conv_small_620x420/input_layer1 | hw_frame_size: 781200) >> HW
[2025-10-10 19:58:49.765] [1646393] [HailoRT] [info] [edge_elements.cpp:287] [create] Created (HwReadEl12skillcheck_mobilenetv4_conv_small_620x420/conv34 | hw_frame_size: 16)
[2025-10-10 19:58:49.765] [1646393] [HailoRT] [info] [queue_elements.cpp:657] [create] Created (PullQEl_hw_read12skillcheck_mobilenetv4_conv_small_620x420/conv34)
[2025-10-10 19:58:49.765] [1646393] [HailoRT] [info] [filter_elements.cpp:372] [create] Created (PostInferEl12skillcheck_mobilenetv4_conv_small_620x420/conv34 | Quantization - src_type: UINT8, dst_type FLOAT32, limvals_min: -4.14487, limvals_max: 4.11249 | Reorder - src_order: FCR, src_shape: (1, 1, 16), dst_order: FCR, dst_shape: (1, 1, 11) | Padding Periph shape - src_shape: (1, 1, 16), dst_shape: (1, 1, 11))
[2025-10-10 19:58:49.765] [1646393] [HailoRT] [info] [queue_elements.cpp:800] [create] Created (UserBuffQEl12skillcheck_mobilenetv4_conv_small_620x420/conv34 | timeout: 10s)
[2025-10-10 19:58:49.765] [1646393] [HailoRT] [info] [vstream.cpp:1114] [OutputVStreamImpl] Creating skillcheck_mobilenetv4_conv_small_620x420/conv34...
[2025-10-10 19:58:49.768] [1646393] [HailoRT] [info] [vstream_builder.cpp:220] [create_outputs] Output pipeline 'skillcheck_mobilenetv4_conv_small_620x420/conv34': HW >> (HwReadEl12skillcheck_mobilenetv4_conv_small_620x420/conv34 | hw_frame_size: 16) >> (PullQEl_hw_read12skillcheck_mobilenetv4_conv_small_620x420/conv34) >> (PostInferEl12skillcheck_mobilenetv4_conv_small_620x420/conv34 | Quantization - src_type: UINT8, dst_type FLOAT32, limvals_min: -4.14487, limvals_max: 4.11249 | Reorder - src_order: FCR, src_shape: (1, 1, 16), dst_order: FCR, dst_shape: (1, 1, 11) | Padding Periph shape - src_shape: (1, 1, 16), dst_shape: (1, 1, 11)) >> (UserBuffQEl12skillcheck_mobilenetv4_conv_small_620x420/conv34 | timeout: 10s)
[2025-10-10 19:59:44.856] [1646451] [HailoRT] [info] [vdevice_native_stream.cpp:331] [read_impl] Failed read from stream HAILO_STREAM_ABORT(63) (device: 0001:01:00.0)
[2025-10-10 19:59:44.856] [1646451] [HailoRT] [info] [edge_elements.cpp:396] [run_pull] Reading from stream was aborted!
[2025-10-10 19:59:44.856] [1646451] [HailoRT] [info] [queue_elements.cpp:738] [run_in_thread] run_pull of queue element PullQEl_hw_read12skillcheck_mobilenetv4_conv_small_620x420/conv34 was aborted!
[2025-10-10 19:59:44.856] [1646452] [HailoRT] [info] [queue_elements.cpp:855] [run_in_thread] Shutdown event was signaled in dequeue of UserBuffQEl12skillcheck_mobilenetv4_conv_small_620x420/conv34!
[2025-10-10 19:59:44.856] [1646451] [HailoRT] [info] [queue_elements.cpp:68] [operator()] Thread in element PullQEl_hw_read12skillcheck_mobilenetv4_conv_small_620x420/conv34 is not running anymore, exiting..
[2025-10-10 19:59:44.856] [1646387] [HailoRT] [info] [queue_elements.cpp:46] [~BaseQueueElement] Queue element PullQEl_hw_read12skillcheck_mobilenetv4_conv_small_620x420/conv34 has 0 frames in his Queue on destruction
[2025-10-10 19:59:44.856] [1646452] [HailoRT] [info] [queue_elements.cpp:68] [operator()] Thread in element UserBuffQEl12skillcheck_mobilenetv4_conv_small_620x420/conv34 is not running anymore, exiting..
[2025-10-10 19:59:44.856] [1646387] [HailoRT] [info] [queue_elements.cpp:46] [~BaseQueueElement] Queue element UserBuffQEl12skillcheck_mobilenetv4_conv_small_620x420/conv34 has 0 frames in his Queue on destruction
[2025-10-10 19:59:44.857] [1646387] [HailoRT] [info] [core_op.cpp:186] [deactivate] Deactivating took 0.375465 ms
[2025-10-10 19:59:44.857] [1646387] [HailoRT] [info] [core_op.cpp:186] [deactivate] Deactivating took 0.384595 ms
[2025-10-10 20:06:15.900] [1652796] [HailoRT] [info] [hef.cpp:1994] [get_network_group_and_network_name] No name was given. Addressing all networks of default network_group: skillcheck_mobilenetv4_conv_small_620x420
[2025-10-10 20:06:15.900] [1652796] [HailoRT] [info] [hef.cpp:1994] [get_network_group_and_network_name] No name was given. Addressing all networks of default network_group: skillcheck_mobilenetv4_conv_small_620x420
[2025-10-10 20:06:16.114] [1652796] [HailoRT] [info] [vdevice.cpp:535] [create] Creating vdevice with params: device_count: 1, scheduling_algorithm: NONE, multi_process_service: false
[2025-10-10 20:06:16.126] [1652796] [HailoRT] [info] [device.cpp:51] [Device] OS Version: Linux 6.12.47+rpt-rpi-2712 #1 SMP PREEMPT Debian 1:6.12.47-1+rpt1~bookworm (2025-09-16) aarch64
[2025-10-10 20:06:16.126] [1652796] [HailoRT] [info] [control.cpp:113] [control__parse_identify_results] firmware_version is: 4.23.0
[2025-10-10 20:06:16.126] [1652796] [HailoRT] [info] [vdevice.cpp:682] [create] VDevice Infos: 0001:01:00.0
[2025-10-10 20:06:16.134] [1652796] [HailoRT] [info] [buffer_requirements.cpp:198] [find_initial_desc_page_size] Using non-default initial_desc_page_size of 64, due to a small transfer size (16)
[2025-10-10 20:06:16.135] [1652796] [HailoRT] [info] [internal_buffer_manager.cpp:75] [print_execution_results] Default Internal buffer planner failed to meet requirements
[2025-10-10 20:06:16.135] [1652796] [HailoRT] [info] [internal_buffer_manager.cpp:86] [print_execution_results] Default Internal buffer planner executed successfully
[2025-10-10 20:06:16.146] [1652796] [HailoRT] [info] [device_internal.cpp:57] [configure] Configuring HEF took 18.427685 milliseconds
[2025-10-10 20:06:16.146] [1652796] [HailoRT] [info] [vdevice.cpp:780] [configure] Configuring HEF on VDevice took 18.77654 milliseconds
[2025-10-10 20:06:16.148] [1652796] [HailoRT] [info] [core_op.cpp:156] [activate] Activating skillcheck_mobilenetv4_conv_small_620x420 took 0.417706 milliseconds. Note that the function is asynchronous and thus the network is not fully activated yet.
[2025-10-10 20:06:16.148] [1652796] [HailoRT] [info] [core_op.cpp:156] [activate] Activating skillcheck_mobilenetv4_conv_small_620x420 took 0.487058 milliseconds. Note that the function is asynchronous and thus the network is not fully activated yet.
[2025-10-10 20:06:16.148] [1652796] [HailoRT] [info] [edge_elements.cpp:52] [create] Created (HwWriteEl13skillcheck_mobilenetv4_conv_small_620x420/input_layer1 | hw_frame_size: 781200)
[2025-10-10 20:06:16.148] [1652796] [HailoRT] [info] [vstream.cpp:754] [InputVStreamImpl] Creating skillcheck_mobilenetv4_conv_small_620x420/input_layer1...
[2025-10-10 20:06:16.148] [1652796] [HailoRT] [info] [vstream_builder.cpp:102] [create_inputs] Input pipeline 'skillcheck_mobilenetv4_conv_small_620x420/input_layer1': (HwWriteEl13skillcheck_mobilenetv4_conv_small_620x420/input_layer1 | hw_frame_size: 781200) >> HW
[2025-10-10 20:06:16.149] [1652796] [HailoRT] [info] [edge_elements.cpp:287] [create] Created (HwReadEl12skillcheck_mobilenetv4_conv_small_620x420/conv34 | hw_frame_size: 16)
[2025-10-10 20:06:16.149] [1652796] [HailoRT] [info] [queue_elements.cpp:657] [create] Created (PullQEl_hw_read12skillcheck_mobilenetv4_conv_small_620x420/conv34)
[2025-10-10 20:06:16.149] [1652796] [HailoRT] [info] [filter_elements.cpp:372] [create] Created (PostInferEl12skillcheck_mobilenetv4_conv_small_620x420/conv34 | Quantization - src_type: UINT8, dst_type FLOAT32, limvals_min: -4.14487, limvals_max: 4.11249 | Reorder - src_order: FCR, src_shape: (1, 1, 16), dst_order: FCR, dst_shape: (1, 1, 11) | Padding Periph shape - src_shape: (1, 1, 16), dst_shape: (1, 1, 11))
[2025-10-10 20:06:16.151] [1652796] [HailoRT] [info] [queue_elements.cpp:800] [create] Created (UserBuffQEl12skillcheck_mobilenetv4_conv_small_620x420/conv34 | timeout: 10s)
[2025-10-10 20:06:16.151] [1652796] [HailoRT] [info] [vstream.cpp:1114] [OutputVStreamImpl] Creating skillcheck_mobilenetv4_conv_small_620x420/conv34...
[2025-10-10 20:06:16.153] [1652796] [HailoRT] [info] [vstream_builder.cpp:220] [create_outputs] Output pipeline 'skillcheck_mobilenetv4_conv_small_620x420/conv34': HW >> (HwReadEl12skillcheck_mobilenetv4_conv_small_620x420/conv34 | hw_frame_size: 16) >> (PullQEl_hw_read12skillcheck_mobilenetv4_conv_small_620x420/conv34) >> (PostInferEl12skillcheck_mobilenetv4_conv_small_620x420/conv34 | Quantization - src_type: UINT8, dst_type FLOAT32, limvals_min: -4.14487, limvals_max: 4.11249 | Reorder - src_order: FCR, src_shape: (1, 1, 16), dst_order: FCR, dst_shape: (1, 1, 11) | Padding Periph shape - src_shape: (1, 1, 16), dst_shape: (1, 1, 11)) >> (UserBuffQEl12skillcheck_mobilenetv4_conv_small_620x420/conv34 | timeout: 10s)
[2025-10-10 20:09:33.311] [1652853] [HailoRT] [info] [queue_elements.cpp:855] [run_in_thread] Shutdown event was signaled in dequeue of UserBuffQEl12skillcheck_mobilenetv4_conv_small_620x420/conv34!
[2025-10-10 20:09:33.311] [1652852] [HailoRT] [info] [vdevice_native_stream.cpp:331] [read_impl] Failed read from stream HAILO_STREAM_ABORT(63) (device: 0001:01:00.0)
[2025-10-10 20:09:33.311] [1652852] [HailoRT] [info] [edge_elements.cpp:396] [run_pull] Reading from stream was aborted!
[2025-10-10 20:09:33.311] [1652852] [HailoRT] [info] [queue_elements.cpp:738] [run_in_thread] run_pull of queue element PullQEl_hw_read12skillcheck_mobilenetv4_conv_small_620x420/conv34 was aborted!
[2025-10-10 20:09:33.311] [1652790] [HailoRT] [info] [queue_elements.cpp:46] [~BaseQueueElement] Queue element PullQEl_hw_read12skillcheck_mobilenetv4_conv_small_620x420/conv34 has 0 frames in his Queue on destruction
[2025-10-10 20:09:33.311] [1652853] [HailoRT] [info] [queue_elements.cpp:68] [operator()] Thread in element UserBuffQEl12skillcheck_mobilenetv4_conv_small_620x420/conv34 is not running anymore, exiting..
[2025-10-10 20:09:33.311] [1652790] [HailoRT] [info] [queue_elements.cpp:46] [~BaseQueueElement] Queue element UserBuffQEl12skillcheck_mobilenetv4_conv_small_620x420/conv34 has 0 frames in his Queue on destruction
[2025-10-10 20:09:33.311] [1652790] [HailoRT] [info] [core_op.cpp:186] [deactivate] Deactivating took 0.396465 ms
[2025-10-10 20:09:33.311] [1652790] [HailoRT] [info] [core_op.cpp:186] [deactivate] Deactivating took 0.406114 ms
[2025-10-10 20:34:57.118] [1675629] [HailoRT] [info] [hef.cpp:1994] [get_network_group_and_network_name] No name was given. Addressing all networks of default network_group: skillcheck_mobilenetv4_conv_small_620x420
[2025-10-10 20:34:57.118] [1675629] [HailoRT] [info] [hef.cpp:1994] [get_network_group_and_network_name] No name was given. Addressing all networks of default network_group: skillcheck_mobilenetv4_conv_small_620x420
[2025-10-10 20:34:57.285] [1675629] [HailoRT] [info] [vdevice.cpp:535] [create] Creating vdevice with params: device_count: 1, scheduling_algorithm: NONE, multi_process_service: false
[2025-10-10 20:34:57.298] [1675629] [HailoRT] [info] [device.cpp:51] [Device] OS Version: Linux 6.12.47+rpt-rpi-2712 #1 SMP PREEMPT Debian 1:6.12.47-1+rpt1~bookworm (2025-09-16) aarch64
[2025-10-10 20:34:57.299] [1675629] [HailoRT] [info] [control.cpp:113] [control__parse_identify_results] firmware_version is: 4.23.0
[2025-10-10 20:34:57.299] [1675629] [HailoRT] [info] [vdevice.cpp:682] [create] VDevice Infos: 0001:01:00.0
[2025-10-10 20:34:57.306] [1675629] [HailoRT] [info] [buffer_requirements.cpp:198] [find_initial_desc_page_size] Using non-default initial_desc_page_size of 64, due to a small transfer size (16)
[2025-10-10 20:34:57.307] [1675629] [HailoRT] [info] [internal_buffer_manager.cpp:75] [print_execution_results] Default Internal buffer planner failed to meet requirements
[2025-10-10 20:34:57.307] [1675629] [HailoRT] [info] [internal_buffer_manager.cpp:86] [print_execution_results] Default Internal buffer planner executed successfully
[2025-10-10 20:34:57.316] [1675629] [HailoRT] [info] [device_internal.cpp:57] [configure] Configuring HEF took 15.921074 milliseconds
[2025-10-10 20:34:57.316] [1675629] [HailoRT] [info] [vdevice.cpp:780] [configure] Configuring HEF on VDevice took 16.213317 milliseconds
[2025-10-10 20:34:57.316] [1675629] [HailoRT] [info] [core_op.cpp:156] [activate] Activating skillcheck_mobilenetv4_conv_small_620x420 took 0.196945 milliseconds. Note that the function is asynchronous and thus the network is not fully activated yet.
[2025-10-10 20:34:57.316] [1675629] [HailoRT] [info] [core_op.cpp:156] [activate] Activating skillcheck_mobilenetv4_conv_small_620x420 took 0.215056 milliseconds. Note that the function is asynchronous and thus the network is not fully activated yet.
[2025-10-10 20:34:57.316] [1675629] [HailoRT] [info] [edge_elements.cpp:52] [create] Created (HwWriteEl13skillcheck_mobilenetv4_conv_small_620x420/input_layer1 | hw_frame_size: 781200)
[2025-10-10 20:34:57.316] [1675629] [HailoRT] [info] [vstream.cpp:754] [InputVStreamImpl] Creating skillcheck_mobilenetv4_conv_small_620x420/input_layer1...
[2025-10-10 20:34:57.316] [1675629] [HailoRT] [info] [vstream_builder.cpp:102] [create_inputs] Input pipeline 'skillcheck_mobilenetv4_conv_small_620x420/input_layer1': (HwWriteEl13skillcheck_mobilenetv4_conv_small_620x420/input_layer1 | hw_frame_size: 781200) >> HW
[2025-10-10 20:34:57.316] [1675629] [HailoRT] [info] [edge_elements.cpp:287] [create] Created (HwReadEl12skillcheck_mobilenetv4_conv_small_620x420/conv34 | hw_frame_size: 16)
[2025-10-10 20:34:57.317] [1675629] [HailoRT] [info] [queue_elements.cpp:657] [create] Created (PullQEl_hw_read12skillcheck_mobilenetv4_conv_small_620x420/conv34)
[2025-10-10 20:34:57.318] [1675629] [HailoRT] [info] [filter_elements.cpp:372] [create] Created (PostInferEl12skillcheck_mobilenetv4_conv_small_620x420/conv34 | Quantization - src_type: UINT8, dst_type FLOAT32, limvals_min: -4.14487, limvals_max: 4.11249 | Reorder - src_order: FCR, src_shape: (1, 1, 16), dst_order: FCR, dst_shape: (1, 1, 11) | Padding Periph shape - src_shape: (1, 1, 16), dst_shape: (1, 1, 11))
[2025-10-10 20:34:57.319] [1675629] [HailoRT] [info] [queue_elements.cpp:800] [create] Created (UserBuffQEl12skillcheck_mobilenetv4_conv_small_620x420/conv34 | timeout: 10s)
[2025-10-10 20:34:57.319] [1675629] [HailoRT] [info] [vstream.cpp:1114] [OutputVStreamImpl] Creating skillcheck_mobilenetv4_conv_small_620x420/conv34...
[2025-10-10 20:34:57.321] [1675629] [HailoRT] [info] [vstream_builder.cpp:220] [create_outputs] Output pipeline 'skillcheck_mobilenetv4_conv_small_620x420/conv34': HW >> (HwReadEl12skillcheck_mobilenetv4_conv_small_620x420/conv34 | hw_frame_size: 16) >> (PullQEl_hw_read12skillcheck_mobilenetv4_conv_small_620x420/conv34) >> (PostInferEl12skillcheck_mobilenetv4_conv_small_620x420/conv34 | Quantization - src_type: UINT8, dst_type FLOAT32, limvals_min: -4.14487, limvals_max: 4.11249 | Reorder - src_order: FCR, src_shape: (1, 1, 16), dst_order: FCR, dst_shape: (1, 1, 11) | Padding Periph shape - src_shape: (1, 1, 16), dst_shape: (1, 1, 11)) >> (UserBuffQEl12skillcheck_mobilenetv4_conv_small_620x420/conv34 | timeout: 10s)
[2025-10-10 20:36:53.630] [1675686] [HailoRT] [info] [vdevice_native_stream.cpp:331] [read_impl] Failed read from stream HAILO_STREAM_ABORT(63) (device: 0001:01:00.0)
[2025-10-10 20:36:53.630] [1675686] [HailoRT] [info] [edge_elements.cpp:396] [run_pull] Reading from stream was aborted!
[2025-10-10 20:36:53.630] [1675686] [HailoRT] [info] [queue_elements.cpp:738] [run_in_thread] run_pull of queue element PullQEl_hw_read12skillcheck_mobilenetv4_conv_small_620x420/conv34 was aborted!
[2025-10-10 20:36:53.630] [1675687] [HailoRT] [info] [queue_elements.cpp:855] [run_in_thread] Shutdown event was signaled in dequeue of UserBuffQEl12skillcheck_mobilenetv4_conv_small_620x420/conv34!
[2025-10-10 20:36:53.630] [1675686] [HailoRT] [info] [queue_elements.cpp:68] [operator()] Thread in element PullQEl_hw_read12skillcheck_mobilenetv4_conv_small_620x420/conv34 is not running anymore, exiting..
[2025-10-10 20:36:53.630] [1675623] [HailoRT] [info] [queue_elements.cpp:46] [~BaseQueueElement] Queue element PullQEl_hw_read12skillcheck_mobilenetv4_conv_small_620x420/conv34 has 0 frames in his Queue on destruction
[2025-10-10 20:36:53.630] [1675687] [HailoRT] [info] [queue_elements.cpp:68] [operator()] Thread in element UserBuffQEl12skillcheck_mobilenetv4_conv_small_620x420/conv34 is not running anymore, exiting..
[2025-10-10 20:36:53.630] [1675623] [HailoRT] [info] [queue_elements.cpp:46] [~BaseQueueElement] Queue element UserBuffQEl12skillcheck_mobilenetv4_conv_small_620x420/conv34 has 0 frames in his Queue on destruction
[2025-10-10 20:36:53.631] [1675623] [HailoRT] [info] [core_op.cpp:186] [deactivate] Deactivating took 0.380262 ms
[2025-10-10 20:36:53.631] [1675623] [HailoRT] [info] [core_op.cpp:186] [deactivate] Deactivating took 0.390873 ms
[2025-10-10 22:44:10.663] [1675629] [HailoRT] [info] [hef.cpp:1994] [get_network_group_and_network_name] No name was given. Addressing all networks of default network_group: skillcheck_mobilenetv4_conv_small_620x420
[2025-10-10 22:44:10.663] [1675629] [HailoRT] [info] [hef.cpp:1994] [get_network_group_and_network_name] No name was given. Addressing all networks of default network_group: skillcheck_mobilenetv4_conv_small_620x420
[2025-10-10 22:44:10.809] [1675629] [HailoRT] [info] [vdevice.cpp:535] [create] Creating vdevice with params: device_count: 1, scheduling_algorithm: NONE, multi_process_service: false
[2025-10-10 22:44:10.821] [1675629] [HailoRT] [info] [device.cpp:51] [Device] OS Version: Linux 6.12.47+rpt-rpi-2712 #1 SMP PREEMPT Debian 1:6.12.47-1+rpt1~bookworm (2025-09-16) aarch64
[2025-10-10 22:44:10.821] [1675629] [HailoRT] [info] [control.cpp:113] [control__parse_identify_results] firmware_version is: 4.23.0
[2025-10-10 22:44:10.821] [1675629] [HailoRT] [info] [vdevice.cpp:682] [create] VDevice Infos: 0001:01:00.0
[2025-10-10 22:44:10.827] [1675629] [HailoRT] [info] [buffer_requirements.cpp:198] [find_initial_desc_page_size] Using non-default initial_desc_page_size of 64, due to a small transfer size (16)
[2025-10-10 22:44:10.827] [1675629] [HailoRT] [info] [internal_buffer_manager.cpp:75] [print_execution_results] Default Internal buffer planner failed to meet requirements
[2025-10-10 22:44:10.827] [1675629] [HailoRT] [info] [internal_buffer_manager.cpp:86] [print_execution_results] Default Internal buffer planner executed successfully
[2025-10-10 22:44:10.835] [1675629] [HailoRT] [info] [device_internal.cpp:57] [configure] Configuring HEF took 12.996894 milliseconds
[2025-10-10 22:44:10.835] [1675629] [HailoRT] [info] [vdevice.cpp:780] [configure] Configuring HEF on VDevice took 13.279358 milliseconds
[2025-10-10 22:44:10.835] [1675629] [HailoRT] [info] [core_op.cpp:156] [activate] Activating skillcheck_mobilenetv4_conv_small_620x420 took 0.204909 milliseconds. Note that the function is asynchronous and thus the network is not fully activated yet.
[2025-10-10 22:44:10.835] [1675629] [HailoRT] [info] [core_op.cpp:156] [activate] Activating skillcheck_mobilenetv4_conv_small_620x420 took 0.216204 milliseconds. Note that the function is asynchronous and thus the network is not fully activated yet.
[2025-10-10 22:44:10.835] [1675629] [HailoRT] [info] [edge_elements.cpp:52] [create] Created (HwWriteEl13skillcheck_mobilenetv4_conv_small_620x420/input_layer1 | hw_frame_size: 781200)
[2025-10-10 22:44:10.835] [1675629] [HailoRT] [info] [vstream.cpp:754] [InputVStreamImpl] Creating skillcheck_mobilenetv4_conv_small_620x420/input_layer1...
[2025-10-10 22:44:10.835] [1675629] [HailoRT] [info] [vstream_builder.cpp:102] [create_inputs] Input pipeline 'skillcheck_mobilenetv4_conv_small_620x420/input_layer1': (HwWriteEl13skillcheck_mobilenetv4_conv_small_620x420/input_layer1 | hw_frame_size: 781200) >> HW
[2025-10-10 22:44:10.835] [1675629] [HailoRT] [info] [edge_elements.cpp:287] [create] Created (HwReadEl12skillcheck_mobilenetv4_conv_small_620x420/conv34 | hw_frame_size: 16)
[2025-10-10 22:44:10.835] [1675629] [HailoRT] [info] [queue_elements.cpp:657] [create] Created (PullQEl_hw_read12skillcheck_mobilenetv4_conv_small_620x420/conv34)
[2025-10-10 22:44:10.835] [1675629] [HailoRT] [info] [filter_elements.cpp:372] [create] Created (PostInferEl12skillcheck_mobilenetv4_conv_small_620x420/conv34 | Quantization - src_type: UINT8, dst_type FLOAT32, limvals_min: -4.14487, limvals_max: 4.11249 | Reorder - src_order: FCR, src_shape: (1, 1, 16), dst_order: FCR, dst_shape: (1, 1, 11) | Padding Periph shape - src_shape: (1, 1, 16), dst_shape: (1, 1, 11))
[2025-10-10 22:44:10.836] [1675629] [HailoRT] [info] [queue_elements.cpp:800] [create] Created (UserBuffQEl12skillcheck_mobilenetv4_conv_small_620x420/conv34 | timeout: 10s)
[2025-10-10 22:44:10.836] [1675629] [HailoRT] [info] [vstream.cpp:1114] [OutputVStreamImpl] Creating skillcheck_mobilenetv4_conv_small_620x420/conv34...
[2025-10-10 22:44:10.837] [1675629] [HailoRT] [info] [vstream_builder.cpp:220] [create_outputs] Output pipeline 'skillcheck_mobilenetv4_conv_small_620x420/conv34': HW >> (HwReadEl12skillcheck_mobilenetv4_conv_small_620x420/conv34 | hw_frame_size: 16) >> (PullQEl_hw_read12skillcheck_mobilenetv4_conv_small_620x420/conv34) >> (PostInferEl12skillcheck_mobilenetv4_conv_small_620x420/conv34 | Quantization - src_type: UINT8, dst_type FLOAT32, limvals_min: -4.14487, limvals_max: 4.11249 | Reorder - src_order: FCR, src_shape: (1, 1, 16), dst_order: FCR, dst_shape: (1, 1, 11) | Padding Periph shape - src_shape: (1, 1, 16), dst_shape: (1, 1, 11)) >> (UserBuffQEl12skillcheck_mobilenetv4_conv_small_620x420/conv34 | timeout: 10s)
[2025-10-10 23:09:10.111] [1689882] [HailoRT] [info] [vdevice_native_stream.cpp:331] [read_impl] Failed read from stream HAILO_STREAM_ABORT(63) (device: 0001:01:00.0)
[2025-10-10 23:09:10.111] [1689883] [HailoRT] [info] [queue_elements.cpp:855] [run_in_thread] Shutdown event was signaled in dequeue of UserBuffQEl12skillcheck_mobilenetv4_conv_small_620x420/conv34!
[2025-10-10 23:09:10.111] [1689882] [HailoRT] [info] [edge_elements.cpp:396] [run_pull] Reading from stream was aborted!
[2025-10-10 23:09:10.112] [1689882] [HailoRT] [info] [queue_elements.cpp:738] [run_in_thread] run_pull of queue element PullQEl_hw_read12skillcheck_mobilenetv4_conv_small_620x420/conv34 was aborted!
[2025-10-10 23:09:10.112] [1689882] [HailoRT] [info] [queue_elements.cpp:68] [operator()] Thread in element PullQEl_hw_read12skillcheck_mobilenetv4_conv_small_620x420/conv34 is not running anymore, exiting..
[2025-10-10 23:09:10.112] [1675623] [HailoRT] [info] [queue_elements.cpp:46] [~BaseQueueElement] Queue element PullQEl_hw_read12skillcheck_mobilenetv4_conv_small_620x420/conv34 has 0 frames in his Queue on destruction
[2025-10-10 23:09:10.112] [1689883] [HailoRT] [info] [queue_elements.cpp:68] [operator()] Thread in element UserBuffQEl12skillcheck_mobilenetv4_conv_small_620x420/conv34 is not running anymore, exiting..
[2025-10-10 23:09:10.112] [1675623] [HailoRT] [info] [queue_elements.cpp:46] [~BaseQueueElement] Queue element UserBuffQEl12skillcheck_mobilenetv4_conv_small_620x420/conv34 has 0 frames in his Queue on destruction
[2025-10-10 23:09:10.112] [1675623] [HailoRT] [info] [core_op.cpp:186] [deactivate] Deactivating took 0.41393 ms
[2025-10-10 23:09:10.112] [1675623] [HailoRT] [info] [core_op.cpp:186] [deactivate] Deactivating took 0.428893 ms
[2025-10-10 23:21:17.416] [1862579] [HailoRT] [info] [hef.cpp:1994] [get_network_group_and_network_name] No name was given. Addressing all networks of default network_group: skillcheck_mobilenetv4_conv_small_620x420
[2025-10-10 23:21:17.416] [1862579] [HailoRT] [info] [hef.cpp:1994] [get_network_group_and_network_name] No name was given. Addressing all networks of default network_group: skillcheck_mobilenetv4_conv_small_620x420
[2025-10-10 23:21:17.624] [1862579] [HailoRT] [info] [vdevice.cpp:535] [create] Creating vdevice with params: device_count: 1, scheduling_algorithm: NONE, multi_process_service: false
[2025-10-10 23:21:17.637] [1862579] [HailoRT] [info] [device.cpp:51] [Device] OS Version: Linux 6.12.47+rpt-rpi-2712 #1 SMP PREEMPT Debian 1:6.12.47-1+rpt1~bookworm (2025-09-16) aarch64
[2025-10-10 23:21:17.638] [1862579] [HailoRT] [info] [control.cpp:113] [control__parse_identify_results] firmware_version is: 4.23.0
[2025-10-10 23:21:17.638] [1862579] [HailoRT] [info] [vdevice.cpp:682] [create] VDevice Infos: 0001:01:00.0
[2025-10-10 23:21:17.644] [1862579] [HailoRT] [info] [buffer_requirements.cpp:198] [find_initial_desc_page_size] Using non-default initial_desc_page_size of 64, due to a small transfer size (16)
[2025-10-10 23:21:17.644] [1862579] [HailoRT] [info] [internal_buffer_manager.cpp:75] [print_execution_results] Default Internal buffer planner failed to meet requirements
[2025-10-10 23:21:17.644] [1862579] [HailoRT] [info] [internal_buffer_manager.cpp:86] [print_execution_results] Default Internal buffer planner executed successfully
[2025-10-10 23:21:17.657] [1862579] [HailoRT] [info] [device_internal.cpp:57] [configure] Configuring HEF took 18.465314 milliseconds
[2025-10-10 23:21:17.657] [1862579] [HailoRT] [info] [vdevice.cpp:780] [configure] Configuring HEF on VDevice took 18.78065 milliseconds
[2025-10-10 23:21:17.658] [1862579] [HailoRT] [info] [core_op.cpp:156] [activate] Activating skillcheck_mobilenetv4_conv_small_620x420 took 0.250891 milliseconds. Note that the function is asynchronous and thus the network is not fully activated yet.
[2025-10-10 23:21:17.658] [1862579] [HailoRT] [info] [core_op.cpp:156] [activate] Activating skillcheck_mobilenetv4_conv_small_620x420 took 0.279835 milliseconds. Note that the function is asynchronous and thus the network is not fully activated yet.
[2025-10-10 23:21:17.658] [1862579] [HailoRT] [info] [edge_elements.cpp:52] [create] Created (HwWriteEl13skillcheck_mobilenetv4_conv_small_620x420/input_layer1 | hw_frame_size: 781200)
[2025-10-10 23:21:17.658] [1862579] [HailoRT] [info] [vstream.cpp:754] [InputVStreamImpl] Creating skillcheck_mobilenetv4_conv_small_620x420/input_layer1...
[2025-10-10 23:21:17.658] [1862579] [HailoRT] [info] [vstream_builder.cpp:102] [create_inputs] Input pipeline 'skillcheck_mobilenetv4_conv_small_620x420/input_layer1': (HwWriteEl13skillcheck_mobilenetv4_conv_small_620x420/input_layer1 | hw_frame_size: 781200) >> HW
[2025-10-10 23:21:17.658] [1862579] [HailoRT] [info] [edge_elements.cpp:287] [create] Created (HwReadEl12skillcheck_mobilenetv4_conv_small_620x420/conv34 | hw_frame_size: 16)
[2025-10-10 23:21:17.658] [1862579] [HailoRT] [info] [queue_elements.cpp:657] [create] Created (PullQEl_hw_read12skillcheck_mobilenetv4_conv_small_620x420/conv34)
[2025-10-10 23:21:17.658] [1862579] [HailoRT] [info] [filter_elements.cpp:372] [create] Created (PostInferEl12skillcheck_mobilenetv4_conv_small_620x420/conv34 | Quantization - src_type: UINT8, dst_type FLOAT32, limvals_min: -4.14487, limvals_max: 4.11249 | Reorder - src_order: FCR, src_shape: (1, 1, 16), dst_order: FCR, dst_shape: (1, 1, 11) | Padding Periph shape - src_shape: (1, 1, 16), dst_shape: (1, 1, 11))
[2025-10-10 23:21:17.658] [1862579] [HailoRT] [info] [queue_elements.cpp:800] [create] Created (UserBuffQEl12skillcheck_mobilenetv4_conv_small_620x420/conv34 | timeout: 10s)
[2025-10-10 23:21:17.658] [1862579] [HailoRT] [info] [vstream.cpp:1114] [OutputVStreamImpl] Creating skillcheck_mobilenetv4_conv_small_620x420/conv34...
[2025-10-10 23:21:17.661] [1862579] [HailoRT] [info] [vstream_builder.cpp:220] [create_outputs] Output pipeline 'skillcheck_mobilenetv4_conv_small_620x420/conv34': HW >> (HwReadEl12skillcheck_mobilenetv4_conv_small_620x420/conv34 | hw_frame_size: 16) >> (PullQEl_hw_read12skillcheck_mobilenetv4_conv_small_620x420/conv34) >> (PostInferEl12skillcheck_mobilenetv4_conv_small_620x420/conv34 | Quantization - src_type: UINT8, dst_type FLOAT32, limvals_min: -4.14487, limvals_max: 4.11249 | Reorder - src_order: FCR, src_shape: (1, 1, 16), dst_order: FCR, dst_shape: (1, 1, 11) | Padding Periph shape - src_shape: (1, 1, 16), dst_shape: (1, 1, 11)) >> (UserBuffQEl12skillcheck_mobilenetv4_conv_small_620x420/conv34 | timeout: 10s)
[2025-10-10 23:50:21.521] [1862635] [HailoRT] [info] [queue_elements.cpp:855] [run_in_thread] Shutdown event was signaled in dequeue of UserBuffQEl12skillcheck_mobilenetv4_conv_small_620x420/conv34!
[2025-10-10 23:50:21.528] [1862634] [HailoRT] [info] [vdevice_native_stream.cpp:331] [read_impl] Failed read from stream HAILO_STREAM_ABORT(63) (device: 0001:01:00.0)
[2025-10-10 23:50:21.528] [1862634] [HailoRT] [info] [edge_elements.cpp:396] [run_pull] Reading from stream was aborted!
[2025-10-10 23:50:21.528] [1862634] [HailoRT] [info] [queue_elements.cpp:738] [run_in_thread] run_pull of queue element PullQEl_hw_read12skillcheck_mobilenetv4_conv_small_620x420/conv34 was aborted!
[2025-10-10 23:50:21.528] [1862634] [HailoRT] [info] [queue_elements.cpp:68] [operator()] Thread in element PullQEl_hw_read12skillcheck_mobilenetv4_conv_small_620x420/conv34 is not running anymore, exiting..
[2025-10-10 23:50:21.528] [1862573] [HailoRT] [info] [queue_elements.cpp:46] [~BaseQueueElement] Queue element PullQEl_hw_read12skillcheck_mobilenetv4_conv_small_620x420/conv34 has 0 frames in his Queue on destruction
[2025-10-10 23:50:21.528] [1862635] [HailoRT] [info] [queue_elements.cpp:68] [operator()] Thread in element UserBuffQEl12skillcheck_mobilenetv4_conv_small_620x420/conv34 is not running anymore, exiting..
[2025-10-10 23:50:21.528] [1862573] [HailoRT] [info] [queue_elements.cpp:46] [~BaseQueueElement] Queue element UserBuffQEl12skillcheck_mobilenetv4_conv_small_620x420/conv34 has 0 frames in his Queue on destruction
[2025-10-10 23:50:21.529] [1862573] [HailoRT] [info] [core_op.cpp:186] [deactivate] Deactivating took 0.434652 ms
[2025-10-10 23:50:21.529] [1862573] [HailoRT] [info] [core_op.cpp:186] [deactivate] Deactivating took 0.450707 ms
[2025-10-11 09:31:45.457] [2065110] [HailoRT] [info] [hef.cpp:1994] [get_network_group_and_network_name] No name was given. Addressing all networks of default network_group: skillcheck_mobilenetv4_conv_small_child_620x420
[2025-10-11 09:31:45.457] [2065110] [HailoRT] [info] [hef.cpp:1994] [get_network_group_and_network_name] No name was given. Addressing all networks of default network_group: skillcheck_mobilenetv4_conv_small_child_620x420
[2025-10-11 09:31:45.884] [2065110] [HailoRT] [info] [vdevice.cpp:535] [create] Creating vdevice with params: device_count: 1, scheduling_algorithm: NONE, multi_process_service: false
[2025-10-11 09:31:45.897] [2065110] [HailoRT] [info] [device.cpp:51] [Device] OS Version: Linux 6.12.47+rpt-rpi-2712 #1 SMP PREEMPT Debian 1:6.12.47-1+rpt1~bookworm (2025-09-16) aarch64
[2025-10-11 09:31:45.898] [2065110] [HailoRT] [info] [control.cpp:113] [control__parse_identify_results] firmware_version is: 4.23.0
[2025-10-11 09:31:45.898] [2065110] [HailoRT] [info] [vdevice.cpp:682] [create] VDevice Infos: 0001:01:00.0
[2025-10-11 09:31:45.903] [2065110] [HailoRT] [info] [buffer_requirements.cpp:198] [find_initial_desc_page_size] Using non-default initial_desc_page_size of 64, due to a small transfer size (16)
[2025-10-11 09:31:45.903] [2065110] [HailoRT] [info] [internal_buffer_manager.cpp:75] [print_execution_results] Default Internal buffer planner failed to meet requirements
[2025-10-11 09:31:45.903] [2065110] [HailoRT] [info] [internal_buffer_manager.cpp:86] [print_execution_results] Default Internal buffer planner executed successfully
[2025-10-11 09:31:45.912] [2065110] [HailoRT] [info] [device_internal.cpp:57] [configure] Configuring HEF took 14.135903 milliseconds
[2025-10-11 09:31:45.912] [2065110] [HailoRT] [info] [vdevice.cpp:780] [configure] Configuring HEF on VDevice took 14.422719 milliseconds
[2025-10-11 09:31:45.914] [2065110] [HailoRT] [info] [core_op.cpp:156] [activate] Activating skillcheck_mobilenetv4_conv_small_child_620x420 took 0.252631 milliseconds. Note that the function is asynchronous and thus the network is not fully activated yet.
[2025-10-11 09:31:45.914] [2065110] [HailoRT] [info] [core_op.cpp:156] [activate] Activating skillcheck_mobilenetv4_conv_small_child_620x420 took 0.339205 milliseconds. Note that the function is asynchronous and thus the network is not fully activated yet.
[2025-10-11 09:31:45.914] [2065110] [HailoRT] [info] [edge_elements.cpp:52] [create] Created (HwWriteEl13skillcheck_mobilenetv4_conv_small_child_620x420/input_layer1 | hw_frame_size: 781200)
[2025-10-11 09:31:45.914] [2065110] [HailoRT] [info] [vstream.cpp:754] [InputVStreamImpl] Creating skillcheck_mobilenetv4_conv_small_child_620x420/input_layer1...
[2025-10-11 09:31:45.914] [2065110] [HailoRT] [info] [vstream_builder.cpp:102] [create_inputs] Input pipeline 'skillcheck_mobilenetv4_conv_small_child_620x420/input_layer1': (HwWriteEl13skillcheck_mobilenetv4_conv_small_child_620x420/input_layer1 | hw_frame_size: 781200) >> HW
[2025-10-11 09:31:45.915] [2065110] [HailoRT] [info] [edge_elements.cpp:287] [create] Created (HwReadEl12skillcheck_mobilenetv4_conv_small_child_620x420/conv34 | hw_frame_size: 16)
[2025-10-11 09:31:45.915] [2065110] [HailoRT] [info] [queue_elements.cpp:657] [create] Created (PullQEl_hw_read12skillcheck_mobilenetv4_conv_small_child_620x420/conv34)
[2025-10-11 09:31:45.915] [2065110] [HailoRT] [info] [filter_elements.cpp:372] [create] Created (PostInferEl12skillcheck_mobilenetv4_conv_small_child_620x420/conv34 | Quantization - src_type: UINT8, dst_type FLOAT32, limvals_min: -3.48691, limvals_max: 3.68375 | Reorder - src_order: FCR, src_shape: (1, 1, 16), dst_order: FCR, dst_shape: (1, 1, 11) | Padding Periph shape - src_shape: (1, 1, 16), dst_shape: (1, 1, 11))
[2025-10-11 09:31:45.915] [2065110] [HailoRT] [info] [queue_elements.cpp:800] [create] Created (UserBuffQEl12skillcheck_mobilenetv4_conv_small_child_620x420/conv34 | timeout: 10s)
[2025-10-11 09:31:45.917] [2065110] [HailoRT] [info] [vstream.cpp:1114] [OutputVStreamImpl] Creating skillcheck_mobilenetv4_conv_small_child_620x420/conv34...
[2025-10-11 09:31:45.918] [2065110] [HailoRT] [info] [vstream_builder.cpp:220] [create_outputs] Output pipeline 'skillcheck_mobilenetv4_conv_small_child_620x420/conv34': HW >> (HwReadEl12skillcheck_mobilenetv4_conv_small_child_620x420/conv34 | hw_frame_size: 16) >> (PullQEl_hw_read12skillcheck_mobilenetv4_conv_small_child_620x420/conv34) >> (PostInferEl12skillcheck_mobilenetv4_conv_small_child_620x420/conv34 | Quantization - src_type: UINT8, dst_type FLOAT32, limvals_min: -3.48691, limvals_max: 3.68375 | Reorder - src_order: FCR, src_shape: (1, 1, 16), dst_order: FCR, dst_shape: (1, 1, 11) | Padding Periph shape - src_shape: (1, 1, 16), dst_shape: (1, 1, 11)) >> (UserBuffQEl12skillcheck_mobilenetv4_conv_small_child_620x420/conv34 | timeout: 10s)
[2025-10-11 09:32:24.509] [2065169] [HailoRT] [info] [queue_elements.cpp:855] [run_in_thread] Shutdown event was signaled in dequeue of UserBuffQEl12skillcheck_mobilenetv4_conv_small_child_620x420/conv34!
[2025-10-11 09:32:24.509] [2065168] [HailoRT] [info] [vdevice_native_stream.cpp:331] [read_impl] Failed read from stream HAILO_STREAM_ABORT(63) (device: 0001:01:00.0)
[2025-10-11 09:32:24.509] [2065168] [HailoRT] [info] [edge_elements.cpp:396] [run_pull] Reading from stream was aborted!
[2025-10-11 09:32:24.509] [2065168] [HailoRT] [info] [queue_elements.cpp:738] [run_in_thread] run_pull of queue element PullQEl_hw_read12skillcheck_mobilenetv4_conv_small_child_620x420/conv34 was aborted!
[2025-10-11 09:32:24.510] [2065168] [HailoRT] [info] [queue_elements.cpp:68] [operator()] Thread in element PullQEl_hw_read12skillcheck_mobilenetv4_conv_small_child_620x420/conv34 is not running anymore, exiting..
[2025-10-11 09:32:24.510] [2065104] [HailoRT] [info] [queue_elements.cpp:46] [~BaseQueueElement] Queue element PullQEl_hw_read12skillcheck_mobilenetv4_conv_small_child_620x420/conv34 has 0 frames in his Queue on destruction
[2025-10-11 09:32:24.510] [2065169] [HailoRT] [info] [queue_elements.cpp:68] [operator()] Thread in element UserBuffQEl12skillcheck_mobilenetv4_conv_small_child_620x420/conv34 is not running anymore, exiting..
[2025-10-11 09:32:24.510] [2065104] [HailoRT] [info] [queue_elements.cpp:46] [~BaseQueueElement] Queue element UserBuffQEl12skillcheck_mobilenetv4_conv_small_child_620x420/conv34 has 0 frames in his Queue on destruction
[2025-10-11 09:32:24.511] [2065104] [HailoRT] [info] [core_op.cpp:186] [deactivate] Deactivating took 0.39128 ms
[2025-10-11 09:32:24.511] [2065104] [HailoRT] [info] [core_op.cpp:186] [deactivate] Deactivating took 0.404243 ms
[2025-10-11 09:32:49.613] [2069580] [HailoRT] [info] [hef.cpp:1994] [get_network_group_and_network_name] No name was given. Addressing all networks of default network_group: skillcheck_mobilenetv4_conv_small_child_620x420
[2025-10-11 09:32:49.614] [2069580] [HailoRT] [info] [hef.cpp:1994] [get_network_group_and_network_name] No name was given. Addressing all networks of default network_group: skillcheck_mobilenetv4_conv_small_child_620x420
[2025-10-11 09:32:49.791] [2069580] [HailoRT] [info] [vdevice.cpp:535] [create] Creating vdevice with params: device_count: 1, scheduling_algorithm: NONE, multi_process_service: false
[2025-10-11 09:32:49.802] [2069580] [HailoRT] [info] [device.cpp:51] [Device] OS Version: Linux 6.12.47+rpt-rpi-2712 #1 SMP PREEMPT Debian 1:6.12.47-1+rpt1~bookworm (2025-09-16) aarch64
[2025-10-11 09:32:49.806] [2069580] [HailoRT] [info] [control.cpp:113] [control__parse_identify_results] firmware_version is: 4.23.0
[2025-10-11 09:32:49.806] [2069580] [HailoRT] [info] [vdevice.cpp:682] [create] VDevice Infos: 0001:01:00.0
[2025-10-11 09:32:49.817] [2069580] [HailoRT] [info] [buffer_requirements.cpp:198] [find_initial_desc_page_size] Using non-default initial_desc_page_size of 64, due to a small transfer size (16)
[2025-10-11 09:32:49.817] [2069580] [HailoRT] [info] [internal_buffer_manager.cpp:75] [print_execution_results] Default Internal buffer planner failed to meet requirements
[2025-10-11 09:32:49.817] [2069580] [HailoRT] [info] [internal_buffer_manager.cpp:86] [print_execution_results] Default Internal buffer planner executed successfully
[2025-10-11 09:32:49.839] [2069580] [HailoRT] [info] [device_internal.cpp:57] [configure] Configuring HEF took 30.547706 milliseconds
[2025-10-11 09:32:49.839] [2069580] [HailoRT] [info] [vdevice.cpp:780] [configure] Configuring HEF on VDevice took 30.884004 milliseconds
[2025-10-11 09:32:49.840] [2069580] [HailoRT] [info] [core_op.cpp:156] [activate] Activating skillcheck_mobilenetv4_conv_small_child_620x420 took 0.309186 milliseconds. Note that the function is asynchronous and thus the network is not fully activated yet.
[2025-10-11 09:32:49.840] [2069580] [HailoRT] [info] [core_op.cpp:156] [activate] Activating skillcheck_mobilenetv4_conv_small_child_620x420 took 0.349298 milliseconds. Note that the function is asynchronous and thus the network is not fully activated yet.
[2025-10-11 09:32:49.840] [2069580] [HailoRT] [info] [edge_elements.cpp:52] [create] Created (HwWriteEl13skillcheck_mobilenetv4_conv_small_child_620x420/input_layer1 | hw_frame_size: 781200)
[2025-10-11 09:32:49.840] [2069580] [HailoRT] [info] [vstream.cpp:754] [InputVStreamImpl] Creating skillcheck_mobilenetv4_conv_small_child_620x420/input_layer1...
[2025-10-11 09:32:49.840] [2069580] [HailoRT] [info] [vstream_builder.cpp:102] [create_inputs] Input pipeline 'skillcheck_mobilenetv4_conv_small_child_620x420/input_layer1': (HwWriteEl13skillcheck_mobilenetv4_conv_small_child_620x420/input_layer1 | hw_frame_size: 781200) >> HW
[2025-10-11 09:32:49.840] [2069580] [HailoRT] [info] [edge_elements.cpp:287] [create] Created (HwReadEl12skillcheck_mobilenetv4_conv_small_child_620x420/conv34 | hw_frame_size: 16)
[2025-10-11 09:32:49.841] [2069580] [HailoRT] [info] [queue_elements.cpp:657] [create] Created (PullQEl_hw_read12skillcheck_mobilenetv4_conv_small_child_620x420/conv34)
[2025-10-11 09:32:49.841] [2069580] [HailoRT] [info] [filter_elements.cpp:372] [create] Created (PostInferEl12skillcheck_mobilenetv4_conv_small_child_620x420/conv34 | Quantization - src_type: UINT8, dst_type FLOAT32, limvals_min: -3.48691, limvals_max: 3.68375 | Reorder - src_order: FCR, src_shape: (1, 1, 16), dst_order: FCR, dst_shape: (1, 1, 11) | Padding Periph shape - src_shape: (1, 1, 16), dst_shape: (1, 1, 11))
[2025-10-11 09:32:49.841] [2069580] [HailoRT] [info] [queue_elements.cpp:800] [create] Created (UserBuffQEl12skillcheck_mobilenetv4_conv_small_child_620x420/conv34 | timeout: 10s)
[2025-10-11 09:32:49.841] [2069580] [HailoRT] [info] [vstream.cpp:1114] [OutputVStreamImpl] Creating skillcheck_mobilenetv4_conv_small_child_620x420/conv34...
[2025-10-11 09:32:49.841] [2069580] [HailoRT] [info] [vstream_builder.cpp:220] [create_outputs] Output pipeline 'skillcheck_mobilenetv4_conv_small_child_620x420/conv34': HW >> (HwReadEl12skillcheck_mobilenetv4_conv_small_child_620x420/conv34 | hw_frame_size: 16) >> (PullQEl_hw_read12skillcheck_mobilenetv4_conv_small_child_620x420/conv34) >> (PostInferEl12skillcheck_mobilenetv4_conv_small_child_620x420/conv34 | Quantization - src_type: UINT8, dst_type FLOAT32, limvals_min: -3.48691, limvals_max: 3.68375 | Reorder - src_order: FCR, src_shape: (1, 1, 16), dst_order: FCR, dst_shape: (1, 1, 11) | Padding Periph shape - src_shape: (1, 1, 16), dst_shape: (1, 1, 11)) >> (UserBuffQEl12skillcheck_mobilenetv4_conv_small_child_620x420/conv34 | timeout: 10s)
[2025-10-11 10:04:32.817] [2069589] [HailoRT] [info] [queue_elements.cpp:855] [run_in_thread] Shutdown event was signaled in dequeue of UserBuffQEl12skillcheck_mobilenetv4_conv_small_child_620x420/conv34!
[2025-10-11 10:04:32.817] [2069588] [HailoRT] [info] [vdevice_native_stream.cpp:331] [read_impl] Failed read from stream HAILO_STREAM_ABORT(63) (device: 0001:01:00.0)
[2025-10-11 10:04:32.817] [2069588] [HailoRT] [info] [edge_elements.cpp:396] [run_pull] Reading from stream was aborted!
[2025-10-11 10:04:32.817] [2069588] [HailoRT] [info] [queue_elements.cpp:738] [run_in_thread] run_pull of queue element PullQEl_hw_read12skillcheck_mobilenetv4_conv_small_child_620x420/conv34 was aborted!
[2025-10-11 10:04:32.817] [2069588] [HailoRT] [info] [queue_elements.cpp:68] [operator()] Thread in element PullQEl_hw_read12skillcheck_mobilenetv4_conv_small_child_620x420/conv34 is not running anymore, exiting..
[2025-10-11 10:04:32.817] [2065104] [HailoRT] [info] [queue_elements.cpp:46] [~BaseQueueElement] Queue element PullQEl_hw_read12skillcheck_mobilenetv4_conv_small_child_620x420/conv34 has 0 frames in his Queue on destruction
[2025-10-11 10:04:32.834] [2069589] [HailoRT] [info] [queue_elements.cpp:68] [operator()] Thread in element UserBuffQEl12skillcheck_mobilenetv4_conv_small_child_620x420/conv34 is not running anymore, exiting..
[2025-10-11 10:04:32.834] [2065104] [HailoRT] [info] [queue_elements.cpp:46] [~BaseQueueElement] Queue element UserBuffQEl12skillcheck_mobilenetv4_conv_small_child_620x420/conv34 has 0 frames in his Queue on destruction
[2025-10-11 10:04:32.834] [2065104] [HailoRT] [info] [core_op.cpp:186] [deactivate] Deactivating took 0.468613 ms
[2025-10-11 10:04:32.834] [2065104] [HailoRT] [info] [core_op.cpp:186] [deactivate] Deactivating took 0.505206 ms
[2025-10-11 10:04:37.601] [2191498] [HailoRT] [info] [hef.cpp:1994] [get_network_group_and_network_name] No name was given. Addressing all networks of default network_group: skillcheck_mobilenetv4_conv_small_child_620x420
[2025-10-11 10:04:37.601] [2191498] [HailoRT] [info] [hef.cpp:1994] [get_network_group_and_network_name] No name was given. Addressing all networks of default network_group: skillcheck_mobilenetv4_conv_small_child_620x420
[2025-10-11 10:04:37.899] [2191498] [HailoRT] [info] [vdevice.cpp:535] [create] Creating vdevice with params: device_count: 1, scheduling_algorithm: NONE, multi_process_service: false
[2025-10-11 10:04:37.910] [2191498] [HailoRT] [info] [device.cpp:51] [Device] OS Version: Linux 6.12.47+rpt-rpi-2712 #1 SMP PREEMPT Debian 1:6.12.47-1+rpt1~bookworm (2025-09-16) aarch64
[2025-10-11 10:04:37.911] [2191498] [HailoRT] [info] [control.cpp:113] [control__parse_identify_results] firmware_version is: 4.23.0
[2025-10-11 10:04:37.911] [2191498] [HailoRT] [info] [vdevice.cpp:682] [create] VDevice Infos: 0001:01:00.0
[2025-10-11 10:04:37.927] [2191498] [HailoRT] [info] [buffer_requirements.cpp:198] [find_initial_desc_page_size] Using non-default initial_desc_page_size of 64, due to a small transfer size (16)
[2025-10-11 10:04:37.927] [2191498] [HailoRT] [info] [internal_buffer_manager.cpp:75] [print_execution_results] Default Internal buffer planner failed to meet requirements
[2025-10-11 10:04:37.927] [2191498] [HailoRT] [info] [internal_buffer_manager.cpp:86] [print_execution_results] Default Internal buffer planner executed successfully
[2025-10-11 10:04:37.947] [2191498] [HailoRT] [info] [device_internal.cpp:57] [configure] Configuring HEF took 36.344945 milliseconds
[2025-10-11 10:04:37.948] [2191498] [HailoRT] [info] [vdevice.cpp:780] [configure] Configuring HEF on VDevice took 36.730816 milliseconds
[2025-10-11 10:04:37.953] [2191498] [HailoRT] [info] [core_op.cpp:156] [activate] Activating skillcheck_mobilenetv4_conv_small_child_620x420 took 0.240946 milliseconds. Note that the function is asynchronous and thus the network is not fully activated yet.
[2025-10-11 10:04:37.953] [2191498] [HailoRT] [info] [core_op.cpp:156] [activate] Activating skillcheck_mobilenetv4_conv_small_child_620x420 took 0.27626 milliseconds. Note that the function is asynchronous and thus the network is not fully activated yet.
[2025-10-11 10:04:37.953] [2191498] [HailoRT] [info] [edge_elements.cpp:52] [create] Created (HwWriteEl13skillcheck_mobilenetv4_conv_small_child_620x420/input_layer1 | hw_frame_size: 781200)
[2025-10-11 10:04:37.953] [2191498] [HailoRT] [info] [vstream.cpp:754] [InputVStreamImpl] Creating skillcheck_mobilenetv4_conv_small_child_620x420/input_layer1...
[2025-10-11 10:04:37.953] [2191498] [HailoRT] [info] [vstream_builder.cpp:102] [create_inputs] Input pipeline 'skillcheck_mobilenetv4_conv_small_child_620x420/input_layer1': (HwWriteEl13skillcheck_mobilenetv4_conv_small_child_620x420/input_layer1 | hw_frame_size: 781200) >> HW
[2025-10-11 10:04:37.953] [2191498] [HailoRT] [info] [edge_elements.cpp:287] [create] Created (HwReadEl12skillcheck_mobilenetv4_conv_small_child_620x420/conv34 | hw_frame_size: 16)
[2025-10-11 10:04:37.953] [2191498] [HailoRT] [info] [queue_elements.cpp:657] [create] Created (PullQEl_hw_read12skillcheck_mobilenetv4_conv_small_child_620x420/conv34)
[2025-10-11 10:04:37.953] [2191498] [HailoRT] [info] [filter_elements.cpp:372] [create] Created (PostInferEl12skillcheck_mobilenetv4_conv_small_child_620x420/conv34 | Quantization - src_type: UINT8, dst_type FLOAT32, limvals_min: -3.48691, limvals_max: 3.68375 | Reorder - src_order: FCR, src_shape: (1, 1, 16), dst_order: FCR, dst_shape: (1, 1, 11) | Padding Periph shape - src_shape: (1, 1, 16), dst_shape: (1, 1, 11))
[2025-10-11 10:04:37.953] [2191498] [HailoRT] [info] [queue_elements.cpp:800] [create] Created (UserBuffQEl12skillcheck_mobilenetv4_conv_small_child_620x420/conv34 | timeout: 10s)
[2025-10-11 10:04:37.954] [2191498] [HailoRT] [info] [vstream.cpp:1114] [OutputVStreamImpl] Creating skillcheck_mobilenetv4_conv_small_child_620x420/conv34...
[2025-10-11 10:04:37.954] [2191498] [HailoRT] [info] [vstream_builder.cpp:220] [create_outputs] Output pipeline 'skillcheck_mobilenetv4_conv_small_child_620x420/conv34': HW >> (HwReadEl12skillcheck_mobilenetv4_conv_small_child_620x420/conv34 | hw_frame_size: 16) >> (PullQEl_hw_read12skillcheck_mobilenetv4_conv_small_child_620x420/conv34) >> (PostInferEl12skillcheck_mobilenetv4_conv_small_child_620x420/conv34 | Quantization - src_type: UINT8, dst_type FLOAT32, limvals_min: -3.48691, limvals_max: 3.68375 | Reorder - src_order: FCR, src_shape: (1, 1, 16), dst_order: FCR, dst_shape: (1, 1, 11) | Padding Periph shape - src_shape: (1, 1, 16), dst_shape: (1, 1, 11)) >> (UserBuffQEl12skillcheck_mobilenetv4_conv_small_child_620x420/conv34 | timeout: 10s)
[2025-10-11 10:05:04.952] [2303693] [HailoRT] [info] [queue_elements.cpp:855] [run_in_thread] Shutdown event was signaled in dequeue of UserBuffQEl12skillcheck_mobilenetv4_conv_small_child_620x420/conv34!
[2025-10-11 10:05:04.952] [2303692] [HailoRT] [info] [vdevice_native_stream.cpp:331] [read_impl] Failed read from stream HAILO_STREAM_ABORT(63) (device: 0001:01:00.0)
[2025-10-11 10:05:04.952] [2303692] [HailoRT] [info] [edge_elements.cpp:396] [run_pull] Reading from stream was aborted!
[2025-10-11 10:05:04.952] [2303692] [HailoRT] [info] [queue_elements.cpp:738] [run_in_thread] run_pull of queue element PullQEl_hw_read12skillcheck_mobilenetv4_conv_small_child_620x420/conv34 was aborted!
[2025-10-11 10:05:04.952] [2303692] [HailoRT] [info] [queue_elements.cpp:68] [operator()] Thread in element PullQEl_hw_read12skillcheck_mobilenetv4_conv_small_child_620x420/conv34 is not running anymore, exiting..
[2025-10-11 10:05:04.952] [2065104] [HailoRT] [info] [queue_elements.cpp:46] [~BaseQueueElement] Queue element PullQEl_hw_read12skillcheck_mobilenetv4_conv_small_child_620x420/conv34 has 0 frames in his Queue on destruction
[2025-10-11 10:05:04.952] [2303693] [HailoRT] [info] [queue_elements.cpp:68] [operator()] Thread in element UserBuffQEl12skillcheck_mobilenetv4_conv_small_child_620x420/conv34 is not running anymore, exiting..
[2025-10-11 10:05:04.952] [2065104] [HailoRT] [info] [queue_elements.cpp:46] [~BaseQueueElement] Queue element UserBuffQEl12skillcheck_mobilenetv4_conv_small_child_620x420/conv34 has 0 frames in his Queue on destruction
[2025-10-11 10:05:04.953] [2065104] [HailoRT] [info] [core_op.cpp:186] [deactivate] Deactivating took 0.950986 ms
[2025-10-11 10:05:04.953] [2065104] [HailoRT] [info] [core_op.cpp:186] [deactivate] Deactivating took 0.984986 ms
